source1_entity_id	candidate_entity_ids
S1-844896591	S2-119786776,S2-173851433,S2-281978323,S2-362218588,S2-368827389,S2-378989867,S2-426890506,S2-451564759,S2-593967293,S2-603881844,S2-607235549,S2-629115069,S2-689801333,S2-770705351,S2-897093331,S2-985768982,S3-105919096,S3-11966366,S3-130933459,S3-135199015,S3-315963677,S3-340697297,S3-521549707,S3-61389060,S3-648026083,S3-764095680,S3-765832602,S3-88143598
S1-539879230	S2-83796020,S3-117651018,S3-127246506,S3-945547250
S1-716830359	S2-212004909,S2-306163710,S2-795817041,S3-737589534,S3-762649005
S1-840168502	S2-119786776,S2-173851433,S2-281978323,S2-362218588,S2-368827389,S2-378989867,S2-426890506,S2-451564759,S2-593967293,S2-603881844,S2-607235549,S2-629115069,S2-689801333,S2-770705351,S2-897093331,S2-985768982,S3-105919096,S3-11966366,S3-130933459,S3-135199015,S3-315963677,S3-340697297,S3-521549707,S3-61389060,S3-648026083,S3-764095680,S3-765832602,S3-88143598
S1-832050262	S2-284813322,S2-304787089,S2-410496204,S2-500931426,S2-652666849,S2-668560965,S2-840990980,S2-918645314,S3-183414002,S3-355837587,S3-398017181,S3-404439727,S3-486697823,S3-775812412,S3-900915538,S3-935886167,S3-993905544
S1-874660306	S2-104524634,S2-134958859,S2-167066861,S2-195761214,S2-204003026,S2-211182661,S2-229315248,S2-248944678,S2-252035179,S2-254788701,S2-263273654,S2-279857860,S2-293206846,S2-331492553,S2-332155353,S2-45724657,S2-468610536,S2-508602353,S2-659345862,S2-674694354,S2-687087140,S2-71227189,S2-718979866,S2-742191837,S2-748833051,S2-774512583,S2-817680963,S2-846556799,S2-895820835,S2-899248471,S2-925511054,S3-289365741,S3-365385967,S3-690547751,S3-902040254
S1-610149670	S2-567523123,S2-601177655,S2-632922146,S2-809918482,S3-339503285,S3-588852284,S3-744911212,S3-830007043
S1-109593962	S2-141992373,S2-199917158,S2-323004664,S2-735478386,S2-760420730,S2-760818279,S2-808156553,S3-120613129,S3-254382046,S3-342201717,S3-419957904,S3-622354310,S3-646369824,S3-771958188,S3-805276123,S3-83300045,S3-849674713,S3-962775317
S1-424976769	S2-18126063,S2-49576209,S2-991618028,S3-180606404,S3-296240409,S3-296472077,S3-443109567,S3-611594281,S3-699279096
S1-117525650	S2-689298806,S3-230664101,S3-49524617,S3-632926404
S1-210849781	S2-101323984,S2-132710191,S2-196840499,S2-217734858,S2-263087763,S2-280290420,S2-30655389,S2-32892146,S2-394954854,S2-416949931,S2-516582366,S2-522433697,S2-526399876,S2-562117280,S2-661510998,S2-769952301,S2-778846012,S2-788794141,S2-794980221,S2-810922647,S2-820221567,S2-845708664,S2-880094418,S2-913620149,S3-171946523,S3-210870050,S3-240268161,S3-344479834,S3-421869378,S3-481797808,S3-546531002,S3-618327131,S3-649907207,S3-83150023,S3-895784814
S1-88224713	S2-276905368,S3-260126282
S1-586699005	S2-253918587,S2-280547917,S2-281649855,S2-283113478,S2-294026675,S2-328510362,S2-418988684,S2-424637912,S2-461459907,S2-481348736,S2-502323940,S2-530098661,S2-63486806,S2-753195192,S2-863175469,S2-895869840,S2-930294605,S2-938252571,S2-94092772,S2-945892982,S2-95596995,S2-97958611,S3-156227612,S3-2474878,S3-415111165,S3-415280222,S3-463034103,S3-507758386,S3-5654551,S3-619052323,S3-81507543,S3-837917726,S3-838845732,S3-879532817,S3-935083182
S1-971293452	S2-120183362,S2-150396530,S2-230029641,S3-514953309,S3-968522510,S3-99497076
S1-738693243	S2-109032876,S2-165151602,S2-188413481,S2-257177811,S2-275759123,S2-398710557,S2-879318531,S3-480955339,S3-490315823,S3-537345031
S1-643535950	S2-401486146,S2-585909854,S2-697994853,S3-358233206,S3-760214219
S1-615771798	S2-144917063,S2-191079935,S2-207899676,S2-234310003,S2-254869670,S2-279666188,S2-291567252,S2-360787128,S2-384052167,S2-46957492,S2-520587790,S2-642921016,S2-647649888,S2-653911746,S2-686931655,S2-713839018,S2-909126088,S2-970202926,S3-116693343,S3-177501736,S3-191319085,S3-216627372,S3-218051264,S3-236368944,S3-242910936,S3-384226724,S3-463112884,S3-669991259,S3-824120344,S3-980339562
S1-638404069	S2-589525381,S2-712226410,S3-149523209,S3-76850260
S1-895408600	S2-201642660,S2-585050764,S2-619241878,S3-197068966,S3-218151721,S3-436640710
S1-927467834	S2-644040359,S3-609886809,S3-665669309
S1-205963340	S2-110491323,S2-172161001,S2-241296330,S2-278023340,S2-321033055,S2-330866793,S2-349453927,S2-357064905,S2-443118769,S2-504744194,S2-523876750,S2-651640276,S2-679369160,S2-855400593,S2-858315918,S2-910898986,S3-12314441,S3-125201939,S3-218426671,S3-450130062,S3-465706051,S3-479239684,S3-479303266,S3-500864273,S3-510122982,S3-714602328,S3-729462198,S3-804438553,S3-883305462,S3-941028045
S1-879877635	S2-585791900,S2-794448353,S3-710198434
S1-505333132	S2-238550131,S3-426814874,S3-484968993,S3-551152157
S1-481281376	S2-395208292,S2-475059977,S2-53725717,S2-785119733,S3-422673767,S3-691181296,S3-969351732
S1-742910577	S2-179053407,S2-245155784,S2-254030250,S2-311174173,S2-953121169,S3-169419274,S3-243963900,S3-36701326,S3-455530891,S3-475509040,S3-574841541,S3-610257711,S3-725172583,S3-790627623,S3-802721273,S3-824486990,S3-887814001,S3-888368892,S3-927111882
S1-59400420	S2-131759909,S2-408820399,S2-676682520,S3-288603151,S3-506035776
S1-263067907	S2-880134181,S2-977267465,S3-847400465
S1-754942845	S2-153940033,S2-216323857,S2-551614479,S2-666179774,S2-933629691,S2-93854125,S3-469442740,S3-936122926
S1-320200542	S2-130343102,S2-681029364,S2-974154490,S3-474046935,S3-687264977
S1-107415535	S2-253738970,S3-33434908,S3-443569546
S1-321648485	S2-164513100,S2-276463791,S2-540973913,S2-64373652,S3-264604047,S3-400472893,S3-487999908,S3-514433041,S3-544120209,S3-772750581,S3-932082996
S1-47773771	S2-15538892,S2-163907414,S2-209966010,S2-31495493,S2-43587955,S2-454756088,S2-467699852,S2-488842690,S2-520229980,S2-525390784,S2-554758433,S2-585132276,S2-631975485,S2-671061897,S2-695255656,S2-781532039,S2-797403279,S2-804096484,S2-891724637,S3-14411598,S3-290935183,S3-312828212,S3-313623455,S3-501559207,S3-509162315,S3-515914744,S3-614161266,S3-664975636,S3-744588467,S3-783274386,S3-818961399,S3-866706087,S3-86836573,S3-973042357,S3-982996398
S1-85137538	S2-114070036,S2-11447624,S2-166803465,S2-287279880,S2-405222082,S2-462104402,S2-503729988,S2-576227494,S2-636078522,S2-737021373,S2-776006762,S2-806381449,S2-855600642,S2-928988857,S2-948611657,S3-102377849,S3-219111003,S3-508757891,S3-654593788,S3-885068828,S3-952283138,S3-958763670,S3-979556384,S3-986160035,S3-996441108
S1-315874798	S2-178788281,S2-792185760,S3-22789765,S3-652494810
S1-105568631	S2-161552358,S2-221970764,S2-416525745,S2-450275939,S2-586377600,S2-743200797,S2-743669591,S2-820279615,S2-931447230,S3-218616693,S3-392443630,S3-528444597,S3-686929711,S3-827097593,S3-835218271,S3-882638615,S3-945921420
S1-59474645	S2-240228506,S2-25044986,S2-25639527,S2-270150045,S2-307620132,S2-430060691,S2-454926714,S2-552709038,S2-590090387,S2-629547835,S2-66757319,S2-672899175,S2-77704458,S2-788450465,S2-869663561,S2-87763770,S2-883201361,S2-889763009,S2-966985435,S2-991804428,S3-100127136,S3-115263858,S3-119954793,S3-180857360,S3-295424183,S3-297770283,S3-402378963,S3-467911081,S3-513827469,S3-617276276,S3-620423157,S3-721460028,S3-754104337,S3-808419709,S3-939373150
S1-416613506	S2-566513991,S2-584328428,S2-857323110,S3-47965311
S1-681160793	S2-395532965,S3-183950061,S3-215808555,S3-515561648,S3-558764097,S3-987734207
S1-630422386	S2-91782535,S3-136184348,S3-47685760,S3-568305051
S1-905733846	S2-454766210,S3-851988458,S3-949496226,S3-961784321
S1-349961763	S3-982459134
S1-705083256	S2-194703376,S2-428830889,S2-438235722,S2-454663887,S2-543474827,S2-598783662,S2-623221691,S2-772902621,S2-790988267,S2-851573434,S3-101890687,S3-189320525,S3-269503415,S3-330087840,S3-331260389,S3-356439346,S3-441844060,S3-4436052,S3-489559519,S3-533052842,S3-545757502,S3-635220818,S3-641964517,S3-643347300,S3-680659605,S3-689953056,S3-767081406,S3-818304481,S3-912473290,S3-933511419,S3-961846186
S1-637478090	
S1-991226123	S2-2112262,S2-33770901,S2-88820352,S3-179512259,S3-21640346,S3-274452597,S3-367477000,S3-57834171,S3-595187097,S3-661586320,S3-71634856,S3-952060287
S1-294514712	S2-159682714,S2-171172645,S2-199425487,S2-268341642,S2-352901282,S2-363249020,S2-523234440,S2-657526429,S2-708631181,S3-101405370,S3-179268798,S3-364674213,S3-447940261,S3-495887096,S3-585303173,S3-656530454,S3-744045338,S3-779717587,S3-949325070
S1-275239484	S2-570931402,S2-810206705,S2-961403572,S3-339316236,S3-578716006
S1-715167399	S2-21125523,S2-711893864,S2-914065316,S2-993232634,S3-588094386
S1-453593204	S2-197953372,S2-253245428,S2-266437162,S2-334991974,S2-357511209,S2-366480050,S2-378660284,S2-399866773,S2-492589350,S2-504612567,S2-518859576,S2-600433503,S2-621897365,S2-650607812,S2-660091990,S2-767535321,S2-774316610,S2-778612308,S2-815315339,S2-840093914,S2-857812018,S2-876550689,S2-959349075,S3-161755914,S3-311928554,S3-344613341,S3-478293486,S3-559434817,S3-56301013,S3-595539211,S3-73180305,S3-792548532,S3-931877179,S3-957699670,S3-999512002
S1-881426134	S2-152649554,S2-165112809,S2-200666499,S2-237525119,S2-251717309,S2-293623259,S2-295273104,S2-30249982,S2-35693305,S2-400725574,S2-439284028,S2-460607254,S2-472174593,S2-51336478,S2-57529012,S2-600299095,S2-611577665,S2-631149358,S2-649585931,S2-68942340,S2-69024638,S2-724920802,S2-747943345,S2-770717600,S2-846265472,S2-865329222,S2-930926987,S3-120532975,S3-277158755,S3-395650763,S3-599347026,S3-60964938,S3-66834296,S3-752608566,S3-914318692
S1-918648567	S2-19925397,S2-249513987,S2-267161434,S2-606407594,S2-615758197,S2-673926938,S2-680184041,S2-866165229,S2-879605152,S2-914345718,S2-9282499,S3-236683684,S3-293437460,S3-433461445,S3-575237780,S3-589916928,S3-697984690,S3-703253503,S3-738774140,S3-772667869,S3-774736693,S3-819384717,S3-8497562,S3-941808371,S3-947768715,S3-962918866
S1-926626262	S2-138492196,S2-196701374,S2-284844649,S2-28814628,S2-346604707,S2-440200685,S2-460136490,S2-484928805,S2-513122313,S2-513714827,S2-598443398,S2-653851340,S2-670002638,S2-676083081,S2-709013347,S2-96278312,S3-105624197,S3-188402953,S3-196044535,S3-294103122,S3-314512434,S3-336045709,S3-36044583,S3-413139997,S3-425044518,S3-481637349,S3-486806366,S3-520022527,S3-625715991,S3-626535046,S3-634002678,S3-735727877,S3-781484477,S3-859356554,S3-942216360
S1-141017168	S3-177986687,S3-233035925,S3-837067038
S1-922626199	S2-851752978,S3-1218889,S3-564988957,S3-841777268
S1-101600459	S2-129726428,S2-141941838,S2-18002875,S2-229623554,S2-37572914,S2-398026526,S2-477612312,S2-553420319,S2-632264452,S2-640299814,S2-728415668,S2-741739098,S2-778745347,S2-847294762,S2-878202400,S2-918415407,S2-938559567,S2-969988349,S2-970885323,S2-993107908,S3-101078372,S3-393691814,S3-459385899,S3-549499180,S3-605943184,S3-660690741,S3-681339707,S3-71126172,S3-806330885,S3-824205685,S3-844532141,S3-87215067,S3-877623355,S3-919573636,S3-930761446
S1-653552833	S2-188295837,S2-479684729,S2-625675086,S2-668289696,S2-74003616,S2-783527981,S3-180885195,S3-225065620,S3-560636619,S3-659975818,S3-709974281
S1-576045669	S2-927415812
S1-631847737	S2-607668575,S2-877224188,S3-199652378,S3-51679970,S3-719695700
S1-727686013	S2-360788603,S2-372172880,S2-389881714,S2-394571120,S2-51574598,S2-556469960,S2-581508866,S2-708757485,S2-986940248,S3-188354063,S3-22679509,S3-232519749,S3-243209227,S3-343979962,S3-382868122,S3-391121684,S3-41801400,S3-525239074,S3-533981091,S3-548199504,S3-562383456,S3-607060939,S3-63271265,S3-717541835,S3-973816063
S1-788020043	S2-124798095,S2-179989880,S2-182743306,S2-209082145,S2-25201671,S2-272338010,S2-302742914,S2-363756741,S2-385991369,S2-428684481,S2-535465384,S2-630833712,S2-650817671,S2-689348912,S2-757473048,S2-765720249,S2-772032244,S2-781062791,S2-802260310,S2-825371012,S2-841150901,S2-881028278,S2-997474280,S3-167096146,S3-311350617,S3-344466028,S3-480011125,S3-495325432,S3-528706011,S3-588220144,S3-649622959,S3-735885413,S3-760594020,S3-810547728,S3-931500217
S1-702250751	S2-113916599,S3-188281988
S1-8697128	S2-112135646,S2-114946280,S2-25973026,S2-273014357,S2-279568073,S2-321103127,S2-374649875,S2-500995216,S2-840224170,S2-850239131,S2-918602700,S2-958296449,S2-95830434,S3-10034532,S3-223358741,S3-262775573,S3-282619594,S3-292493546,S3-335428371,S3-40393162,S3-554696775,S3-689183019,S3-701941347,S3-775569189,S3-786131703,S3-921297772,S3-943244761
S1-583365562	S2-459777891,S2-541281477,S3-984436624
S1-953694901	S2-282116255,S2-798975705,S3-5786446,S3-860481692
S1-860358582	S2-121795405,S2-122178984,S2-171710748,S2-216446358,S2-227914554,S2-30888716,S2-337546861,S2-406788976,S2-409357408,S2-437437459,S2-464688602,S2-475754135,S2-48050677,S2-482059396,S2-487116105,S2-518262018,S2-549362894,S2-558404608,S2-563602891,S2-586329791,S2-58717425,S2-618275000,S2-679520168,S2-758188088,S2-768849361,S2-789525460,S2-791638625,S2-833038098,S2-860254588,S2-95264755,S2-965698738,S2-975853527,S2-982355042,S2-987982086,S3-630743152
S1-568735313	S2-223965575,S2-440253638,S2-589094691,S2-648035184,S2-796657884,S3-112223799,S3-588502663
S1-626336589	S2-96767082,S3-360367188
S1-283013172	S2-1975467,S3-204998929,S3-485104561
S1-906068598	S2-17194923,S2-392145339,S2-428439868,S2-456906802,S2-534757014,S2-554224375,S2-607914054,S2-725951273,S2-839280644,S2-873556187,S2-93613095,S3-105197093,S3-116158717,S3-171181187,S3-252014462,S3-314832730,S3-368891593,S3-429685653,S3-534253649,S3-604524300,S3-660561828,S3-690641083,S3-872982512,S3-924039771
S1-392583935	S2-11653846,S3-235940504,S3-375452813,S3-639422519,S3-887301550,S3-998181795
S1-64045011	S2-155071678,S2-214616839,S2-231888175,S2-243764861,S2-260219982,S2-301661112,S2-30198793,S2-309431103,S2-316585256,S2-343697224,S2-414256753,S2-469207582,S2-501384396,S2-562997465,S2-606326575,S2-615990414,S2-661781448,S2-666782376,S2-754856819,S2-777673414,S2-778024060,S2-810813977,S2-820385444,S2-822749847,S2-866983542,S2-872248490,S2-892052286,S2-893939251,S2-944494555,S2-980651759,S3-305681780,S3-366341675,S3-377348825,S3-711334462,S3-986526946
S1-978635177	S2-358219812,S2-828726837,S2-876465630,S2-991657552,S3-22176430,S3-856957244,S3-981024688
S1-217654601	S2-169546802,S2-186080711,S2-229292282,S2-246287577,S2-29126792,S2-329252075,S2-340874994,S2-40073277,S2-42346903,S2-491931906,S2-533429272,S2-588695902,S2-720050181,S2-823313134,S2-858260333,S2-908257933,S2-946239794,S3-25466273,S3-284933331,S3-342122461,S3-349896561,S3-431342165,S3-545941916,S3-56022963,S3-580534416,S3-606339353,S3-644256772,S3-713274587,S3-791378915,S3-858958913,S3-8617717,S3-879206063
S1-262997549	S2-229856321,S2-429473590
S1-475037609	S2-454875880,S2-571443346,S2-777135419,S2-950309177,S3-133060203,S3-387598114
S1-545563302	S2-140724632,S2-156573872,S2-20605961,S2-210062866,S2-22986055,S2-277996470,S2-281025226,S2-285248484,S2-31818821,S2-320581764,S2-341455263,S2-399419463,S2-448940065,S2-456934782,S2-481071542,S2-48233411,S2-547557150,S2-582570386,S2-609161415,S2-662227064,S2-731163714,S2-823813982,S2-831323446,S2-835142245,S2-868127388,S2-884637854,S2-895840866,S2-900544727,S2-904176125,S2-950851985,S2-992686249,S2-99841727,S3-313688012,S3-607824449,S3-968500624
S1-152979696	S2-265886457,S2-397145365,S2-611370904,S3-780004361,S3-839447204
S1-986167625	S2-214970450,S2-727255881,S3-433642736,S3-563781589,S3-664761747
S1-56911061	S2-100171087,S2-126114325,S2-140570283,S2-178524001,S2-219511960,S2-233855016,S2-248578795,S2-271980322,S2-272853443,S2-488795479,S2-498712399,S2-501461489,S2-506653702,S2-689298806,S2-71839787,S2-769514492,S2-774858902,S2-792479049,S2-844572537,S2-84972171,S2-85926088,S2-919462873,S2-978317841,S2-9946485,S3-228972158,S3-285423050,S3-35517149,S3-391969183,S3-489611001,S3-49524617,S3-632926404,S3-658261076,S3-826361314,S3-847844822,S3-897956488
S1-709219556	S2-249846802,S2-618328166,S2-939841229,S3-126493228,S3-511928906,S3-751715287,S3-811030681,S3-825715164
S1-705525324	S2-176618364,S2-1894856,S2-266088151,S2-292860908,S2-302747131,S2-323160788,S2-331459425,S2-358100404,S2-416470959,S2-426381800,S2-579876231,S2-662441060,S2-699953766,S2-748514171,S2-809767109,S2-831189349,S2-838504365,S2-859984203,S3-197971216,S3-271035358,S3-299405811,S3-343778282,S3-42539766,S3-473240522,S3-60741488,S3-608194135,S3-632600724,S3-69232777,S3-781152531,S3-808394816,S3-840527931
S1-250899588	S2-870322280,S3-539870164,S3-755224957,S3-755936628
S1-892560990	
S1-914122601	S2-579368062,S3-121424381,S3-284162882,S3-321990646,S3-968774802
S1-217362890	S2-764924647,S3-871408188
S1-500971244	S2-195867308
S1-196616325	S2-126147848,S2-298119858,S2-448572655,S2-877964256,S3-142013655,S3-216102677,S3-226575041,S3-325341265,S3-432919001,S3-464374464,S3-470155334,S3-472885970,S3-620189155,S3-647139009,S3-67445502,S3-725749046,S3-844054592
S1-613595380	S3-307625618,S3-400671472,S3-862471137,S3-950926863
S1-81771195	S3-616109,S3-939808100
S1-244810289	S2-351044090,S2-506711361,S2-63598201,S3-11439847,S3-742580559,S3-975365926
S1-435517917	S2-547669744,S2-911184923,S3-186963329,S3-477441433,S3-928181781
S1-711428258	S2-141992373,S2-245114693,S2-323004664,S2-735478386,S2-760420730,S2-760818279,S2-808156553,S3-120613129,S3-254382046,S3-342201717,S3-419957904,S3-646369824,S3-771958188,S3-805276123,S3-83300045,S3-849674713,S3-962775317
S1-746372199	S2-112911585,S2-126861995,S2-230935368,S2-516181629,S2-518062373,S2-539173706,S2-542114316,S2-694860135,S2-700098672,S2-847197723,S2-888152272,S2-966937039,S3-183810494,S3-253834515,S3-264208857,S3-282476653,S3-286825203,S3-340182668,S3-42786119,S3-627882432,S3-676023626,S3-686634383,S3-722266014,S3-785647693,S3-810965798,S3-825250179,S3-897145140,S3-943115434,S3-989002325
S1-414440524	S2-425190015,S2-92811564,S2-970107098,S3-15852224,S3-500027332,S3-526807850
S1-185426989	S2-152060439,S2-165710508,S2-403406619,S2-463914306,S2-504124615,S2-575911483,S2-59442551,S2-604631012,S2-607026277,S2-656047891,S2-659885682,S2-660791587,S2-780523103,S2-793011878,S2-853799526,S2-857829313,S2-878149102,S2-89338914,S3-159411748,S3-189093756,S3-245129589,S3-26712756,S3-361038527,S3-400062624,S3-558325632,S3-638339424,S3-772601119,S3-880911130,S3-99739485
S1-389414274	S2-149253287,S2-24125756,S2-933610960,S3-443891409,S3-993901020
S1-565373599	S2-187309079,S2-341831747,S2-563691319,S2-94388063,S3-412182189
S1-439203009	S2-295253343,S2-334803373,S2-404279811,S2-516736166,S2-867126413,S2-96406827,S2-99859010,S3-129906398,S3-161097138,S3-272193615,S3-352945960,S3-367683292,S3-406420449,S3-497301111,S3-539672506,S3-915676955,S3-917410533,S3-967165288
S1-936281943	S2-138771817,S2-302692434,S2-309237553,S2-404958972,S2-459538951,S2-495808234,S2-63736490,S2-649962343,S2-720976485,S2-731646142,S2-911062892,S2-914251407,S2-937891275,S2-969838713,S2-973674638,S3-222459568,S3-360821584,S3-43533076,S3-531662584,S3-548208228,S3-58397510,S3-624819461,S3-686648670,S3-704343793,S3-710728424,S3-716595628,S3-71775678,S3-76711955,S3-835661100,S3-859730197,S3-944096616,S3-97077846
S1-854707534	S2-19061664,S2-484858216,S2-665904786,S3-505467050,S3-566541577,S3-726605294,S3-760389625
S1-568345776	S2-194686710,S2-320098677,S2-806324381,S3-583032340,S3-945077601
S1-698332185	S2-368647577,S2-595590862,S2-73716587,S2-852540651,S2-954090623,S3-731050347,S3-949772034,S3-994622857
S1-988131510	S2-250099454,S2-253536276,S2-317701142,S2-490127701,S2-639668840,S2-875654390,S2-881386306,S2-901334823,S2-9243688,S2-965135891,S2-975209030,S2-987788937,S3-289893897,S3-314023886,S3-338328034,S3-70783129,S3-773448579,S3-897530021
S1-299367178	S2-197953372,S2-253245428,S2-266437162,S2-334991974,S2-357511209,S2-366480050,S2-378660284,S2-399866773,S2-492589350,S2-504612567,S2-518859576,S2-600433503,S2-621897365,S2-650607812,S2-660091990,S2-767535321,S2-774316610,S2-778612308,S2-815315339,S2-840093914,S2-857812018,S2-876550689,S2-959349075,S3-161755914,S3-311928554,S3-344613341,S3-478293486,S3-559434817,S3-56301013,S3-595539211,S3-73180305,S3-792548532,S3-931877179,S3-957699670,S3-999512002
S1-859171839	S2-734885736,S3-494516830
S1-573194865	S2-879535233,S3-224592930,S3-266974359,S3-918036809,S3-966842267
S1-862038247	S2-456900090,S3-114739442,S3-132208115,S3-807706570
S1-771118608	S2-959047416,S3-319615062,S3-950684070
S1-613162935	S2-10353130,S2-78754231,S3-394530034
S1-191912983	S2-255221524,S2-382147906,S2-449137844,S2-884385935,S3-158432658,S3-486655756,S3-523999880,S3-784413899,S3-90202042,S3-910150137,S3-926377788,S3-933485363
S1-155848476	S2-306873906,S2-524184937,S2-621408109,S2-664263611,S2-753657867,S2-911723717,S2-930931308,S2-993192885,S3-208529646,S3-438144626,S3-450420344,S3-477250159,S3-79854379,S3-879817526
S1-184017157	S2-118654969,S2-123102552,S2-221369333,S2-226758568,S2-298615086,S2-411750648,S2-480315914,S2-55250528,S2-710082259,S2-731831807,S2-77284617,S2-790425886,S2-85820812,S2-867823269,S2-87977816,S3-301481867,S3-382064174,S3-441774008,S3-503394121,S3-506349597,S3-516363421,S3-649235994,S3-771795745,S3-813455390,S3-839987822,S3-989717999
S1-143612983	S2-108478159,S2-155659208,S2-201612636,S2-231977102,S2-295189929,S2-310730543,S2-383104951,S2-411718047,S2-428491774,S2-431280729,S2-689836319,S2-698567775,S2-719761994,S2-806682727,S2-893065168,S2-948258039,S2-967850484,S3-109377868,S3-117307154,S3-11852301,S3-225911192,S3-339207403,S3-392411120,S3-416994578,S3-573573318,S3-58397510,S3-638629281,S3-812031689,S3-834877949,S3-855730393,S3-922971635,S3-929786408
S1-840853418	S2-424653241,S2-723336783,S3-898812301
S1-420925507	S2-203160203,S3-127675607,S3-18388563,S3-38088350
S1-603849401	S2-442447011,S3-136081082,S3-907775422
S1-526762509	S3-709406728
S1-237850150	S2-105005587,S2-489402473,S2-884345692,S3-99526941
S1-476229978	S2-189121342,S2-280435218,S2-282401555,S2-37721056,S2-387223674,S2-481482863,S2-498527677,S2-609649111,S2-643387638,S2-717577572,S2-777355389,S2-796992574,S2-86610472,S2-873855969,S2-89430911,S2-911364641,S3-241326686,S3-263240856,S3-387715718,S3-529532694,S3-540847507,S3-559571245,S3-577510868,S3-586312431,S3-598991117,S3-681749403,S3-740115964,S3-742777523,S3-773087318,S3-845629343,S3-877105804,S3-943777454,S3-950992569,S3-966978346,S3-968030073
S1-47912482	S2-104423054,S2-153361238,S2-200058396,S2-266336463,S2-26680410,S2-299117454,S2-323160596,S2-536237085,S2-544679828,S2-577486256,S2-602599551,S2-618606811,S2-682538932,S2-756829895,S2-784592218,S2-916564250,S2-943021010,S3-16712519,S3-197499644,S3-22094742,S3-301207029,S3-328207137,S3-393651638,S3-459542565,S3-475657653,S3-522561585,S3-534602750,S3-587849074,S3-684636424,S3-724027537,S3-784355179,S3-847095616,S3-855943225,S3-963789716,S3-99307680
S1-110019767	S2-580283633,S3-190713221,S3-249389346,S3-590706723,S3-693730121
S1-356156624	S2-162268045,S2-231324061,S2-237625978,S2-648417226,S3-188113680,S3-315197316,S3-433322465,S3-547897454,S3-607033114,S3-840855152
S1-553350361	S2-100171087,S2-126114325,S2-140570283,S2-178524001,S2-219511960,S2-233855016,S2-248578795,S2-271980322,S2-272853443,S2-488795479,S2-498712399,S2-501461489,S2-506653702,S2-689298806,S2-71839787,S2-769514492,S2-774858902,S2-792479049,S2-844572537,S2-84972171,S2-85926088,S2-919462873,S2-978317841,S2-9946485,S3-228972158,S3-285423050,S3-35517149,S3-391969183,S3-489611001,S3-49524617,S3-616153055,S3-658261076,S3-826361314,S3-847844822,S3-897956488
S1-681402684	S2-269873909,S2-275468072,S2-38516840,S2-399400691,S2-659716122,S2-660347553,S2-709440503,S2-777056814,S2-802965311,S2-808708772,S2-855457055,S2-896056665,S3-221909416,S3-230745400,S3-391162873,S3-583057994,S3-60584496,S3-689060390,S3-764107988,S3-791790101,S3-875210813,S3-98529223
S1-203260456	S2-141990770,S2-157681003,S2-166803526,S2-187799073,S2-214427379,S2-258886674,S2-26089901,S2-315282713,S2-428343052,S2-452516414,S2-467760964,S2-469243821,S2-733640695,S2-736570033,S2-749015613,S2-820230344,S2-822585016,S2-825358250,S2-831399457,S2-839857145,S2-881117490,S2-95209804,S2-980490480,S3-100161379,S3-118535198,S3-204537761,S3-347196515,S3-347554538,S3-417488058,S3-599222891,S3-649837864,S3-653214758,S3-914916384,S3-984842983,S3-987523638
S1-605334018	S2-126113089,S2-287473898,S2-344669711,S2-376233629,S2-459446221,S2-571943447,S2-628056817,S2-644552745,S2-726576662,S2-855182594,S3-102262902,S3-274149100,S3-408088737,S3-432622039,S3-454413362,S3-531342602,S3-541726179,S3-655782584,S3-69492250,S3-730903695,S3-772997222,S3-78757918,S3-839091382,S3-92440994,S3-965385314,S3-988767294
S1-581867733	S2-244913873,S2-720013822,S2-987935542,S3-107290944,S3-118196941,S3-224806766,S3-226002113,S3-283035714,S3-328390329,S3-403135036,S3-505172112,S3-506683334,S3-689239444,S3-692151827,S3-959132349,S3-997272899
S1-798155629	S2-55612482,S3-32734770,S3-496088530
S1-958475533	S2-269873909,S2-275468072,S2-38516840,S2-399400691,S2-659716122,S2-660347553,S2-709440503,S2-777056814,S2-802965311,S2-808708772,S2-855457055,S2-896056665,S3-221909416,S3-230745400,S3-391162873,S3-583057994,S3-60584496,S3-689060390,S3-791790101,S3-875210813,S3-98529223
S1-39001923	S2-136972900,S2-154102797,S2-176034363,S2-22391750,S2-249688648,S2-251558083,S2-304562241,S2-379588018,S2-469412047,S2-479181098,S2-489125381,S2-593117235,S2-602769666,S2-731066709,S2-788245208,S2-803353102,S2-821967722,S2-869040543,S2-94442442,S2-952678608,S2-954201105,S2-988228571,S3-165309032,S3-20638299,S3-250537420,S3-31977274,S3-379025755,S3-473977203,S3-608619498,S3-654758503,S3-779182918,S3-891847666,S3-905677362,S3-916484684,S3-998314844
S1-861667938	S2-241528425,S2-404064384,S2-513668482,S2-769572188,S2-935755998,S3-112981675
S1-419447652	S2-196665073,S2-45426382,S3-323049157,S3-423651682,S3-462984596,S3-743613948,S3-914989658
S1-390838754	S2-142550479,S2-167775591,S2-263158594,S2-267872800,S2-287660910,S2-361585498,S2-388389063,S2-443188528,S2-453254444,S2-458860562,S2-572648775,S2-584654166,S2-588004289,S2-611615974,S2-613033114,S2-651027670,S2-715670431,S2-764567958,S2-766597833,S2-799529721,S2-820207139,S2-875242013,S2-879728336,S2-885313615,S2-897360687,S2-90392132,S2-91003961,S2-913937007,S3-259631390,S3-451536720,S3-463158707,S3-468334870,S3-738731348,S3-793456964,S3-838999423
S1-937665695	S2-185005085,S2-214755547,S2-219369675,S2-247201503,S2-259566795,S2-325177361,S2-381669046,S2-432118565,S2-46490128,S2-651967616,S2-658677975,S2-69236262,S2-742699969,S2-867573251,S2-884338441,S2-924322801,S2-939315713,S2-968620336,S2-969898980,S3-151130234,S3-190912229,S3-26981744,S3-275459248,S3-295552127,S3-329159812,S3-389226158,S3-422475598,S3-430990586,S3-462660679,S3-616396503,S3-843163838,S3-86001406,S3-878661630,S3-905916564,S3-935183445
S1-591117448	S2-319537803,S2-748343967,S3-424918050,S3-494923863,S3-639941129,S3-989334473
S1-535207976	S2-307585723,S2-389857306,S3-355504058,S3-724111784
S1-604460015	S2-313584132,S2-708360935,S2-911268673,S3-306002742,S3-399776900,S3-415858583,S3-671234763,S3-721391475,S3-985022295
S1-972363721	S2-332656881,S2-335536479,S2-430487676,S2-435123543,S2-576428419,S2-643917832,S2-644029227,S2-69755788,S2-70074734,S3-110349245,S3-115793707,S3-137174211,S3-150807003,S3-203549607,S3-241186702,S3-294336109,S3-296240409,S3-303320006,S3-321128474,S3-322974564,S3-328821394,S3-35962365,S3-401336848,S3-475071565,S3-560791095,S3-642821429,S3-733903477,S3-735674792,S3-743592424,S3-805670560,S3-808125751,S3-862471137,S3-885787619,S3-914411406
S1-430336728	
S1-32616262	
S1-3006430	S2-116964471,S2-152813133,S2-162844502,S2-168230946,S2-181659751,S2-311237158,S2-320212810,S2-327347923,S2-355057676,S2-378341286,S2-418208254,S2-449394985,S2-477580463,S2-559208649,S2-58452227,S2-585050764,S2-641924388,S2-794710696,S2-799675222,S2-912071501,S2-921475435,S2-951469456,S2-963460450,S2-971944432,S2-978556719,S2-980524091,S2-994779547,S3-131437648,S3-156062812,S3-296087081,S3-353034749,S3-524199714,S3-636105112,S3-684861383,S3-90151132
S1-890139006	S3-405481204
S1-175412549	S2-117928803,S2-161761568,S2-170548497,S2-199277367,S2-215512354,S2-266044573,S2-32599688,S2-371300586,S2-429545601,S2-48549342,S2-502055965,S2-584234198,S2-744719382,S2-92260224,S2-965695908,S3-237059590,S3-363675987,S3-366493026,S3-37643564,S3-406008092,S3-438728515,S3-543002246,S3-591915115,S3-627064366,S3-637235644,S3-645435228,S3-687029960,S3-753356761,S3-909621401,S3-950928679,S3-960625785,S3-999335322
S1-757132829	S2-232759658,S2-357596134,S2-535371947,S2-55284166,S2-875781575,S3-310674703,S3-333899249,S3-359201032,S3-367346935,S3-588660866,S3-681823866
S1-569837313	S2-498393002,S2-500733349,S2-661035493,S3-802017525
S1-953056518	S2-807081094,S2-905408840,S3-738295241,S3-774739645
S1-887286027	S2-194799692,S2-419080910,S2-606260225,S2-60917290,S2-672665299,S3-359610633,S3-554332060,S3-691429700,S3-700153581,S3-747655762,S3-755795047,S3-769081290,S3-879493126
S1-414814376	S2-491451095,S2-497311507,S2-512695275,S3-875401182,S3-964612349
S1-574902381	S2-154591573,S2-180090547,S2-217459950,S2-325871126,S2-537298124,S2-553250528,S2-791629491,S3-288419509,S3-451748541,S3-52719977,S3-582789770,S3-712380549,S3-765497763,S3-818620666,S3-936727920
S1-805566443	S2-1951465,S2-523509616,S2-731646142,S3-185064247,S3-332170817
S1-342756019	S2-86156493,S3-502144840,S3-896407818
S1-578232612	
S1-501181840	S2-124021641,S2-152649554,S2-165112809,S2-200666499,S2-237525119,S2-251717309,S2-261440671,S2-293623259,S2-295273104,S2-30249982,S2-35693305,S2-397753600,S2-400725574,S2-439284028,S2-445055252,S2-460607254,S2-472174593,S2-51336478,S2-535018203,S2-57529012,S2-600299095,S2-611577665,S2-631149358,S2-649585931,S2-68942340,S2-69024638,S2-724920802,S2-747943345,S2-74839787,S2-770717600,S2-846265472,S2-865329222,S2-930926987,S3-170063188,S3-426502438
S1-993066335	S2-323364948,S2-545501125,S2-593322453,S2-639363923,S3-211767782,S3-258932040,S3-282672163,S3-495533489,S3-66614888
S1-849670817	S2-110881580,S2-127960289,S2-151920731,S2-162766225,S2-23469525,S2-266611148,S2-395504295,S2-414936885,S2-545700317,S2-620496053,S2-620720794,S2-691849892,S2-730034531,S2-736086642,S2-745372292,S2-794308319,S2-81464131,S2-906504493,S2-945631907,S3-119972703,S3-163486929,S3-188936373,S3-203863134,S3-226658528,S3-258890062,S3-32572135,S3-505866256,S3-53396137,S3-57849762,S3-585719385,S3-723059488,S3-854952177,S3-863989577,S3-878559803,S3-904247464
S1-541270202	S2-657479988,S3-31133661,S3-381852444,S3-425705194
S1-79877232	S2-487564314,S3-889256189
S1-290562654	S2-425618538,S2-613903296,S2-807146997,S2-93725067,S3-65531878
S1-364429122	S2-323364948,S2-545501125,S2-593322453,S2-639363923,S2-697832080,S3-197477088,S3-211767782,S3-258932040,S3-495533489,S3-66614888
S1-765100468	S3-173590020,S3-666069931
S1-218419423	S2-345352427,S2-411124139,S2-933314273,S3-625791600,S3-797149487
S1-295878272	S2-138492196,S2-196701374,S2-284844649,S2-28814628,S2-346604707,S2-440200685,S2-460136490,S2-484928805,S2-513122313,S2-513714827,S2-598443398,S2-653851340,S2-670002638,S2-676083081,S2-709013347,S2-96278312,S3-105624197,S3-188402953,S3-196044535,S3-294103122,S3-314512434,S3-336045709,S3-36044583,S3-413139997,S3-425044518,S3-481637349,S3-486806366,S3-520022527,S3-625715991,S3-626535046,S3-634002678,S3-735727877,S3-781484477,S3-859356554,S3-942216360
S1-959437645	
S1-508803228	S2-366213001,S2-399167041,S2-429617431,S2-516197815,S2-899854654,S3-600014708,S3-788271788,S3-893190803
S1-386659816	S2-235919201,S2-2974032,S2-360918469,S2-464374129,S2-5057633,S2-512402654,S2-607011078,S2-648627398,S2-667654851,S2-686852580,S2-699810809,S2-73377040,S2-798156480,S2-815370923,S2-857379212,S2-877296868,S2-936486525,S2-952566340,S2-985972384,S3-114145564,S3-164206519,S3-213341173,S3-344501020,S3-38386392,S3-398183880,S3-431936246,S3-446711465,S3-501057850,S3-537885480,S3-596536013,S3-733661513,S3-969469712
S1-672951415	S2-226758568,S2-280593338,S2-295851755,S2-400572435,S2-404614173,S2-547544781,S2-576392021,S2-592077135,S2-788775002,S2-815302326,S2-880911218,S2-928281443,S2-982889361,S2-993767692,S3-108982348,S3-130668390,S3-263487275,S3-340108966,S3-349392161,S3-417545543,S3-433359700,S3-485162371,S3-521588566,S3-54430832,S3-550298128,S3-562311273,S3-70625626,S3-753197196,S3-949689249
S1-379443057	S2-223472446,S2-227809902,S2-261186003,S2-275206191,S2-341573548,S2-360702286,S2-379965046,S2-462485254,S2-474786792,S2-568321320,S2-608581539,S2-693435692,S2-765174135,S2-777341549,S2-857137996,S2-861811551,S2-8725209,S2-890764231,S2-913283361,S2-930943301,S2-974589910,S2-982405616,S3-151714765,S3-278655037,S3-296354640,S3-306858349,S3-39218497,S3-408260296,S3-442169493,S3-536729265,S3-607995997,S3-628864841,S3-633765717,S3-643596733,S3-76152530
S1-390027045	S2-395487551,S2-529224257,S3-366235456,S3-537292128,S3-683008637,S3-793315936,S3-90125641,S3-977515715
S1-644978390	S2-12592965,S2-126303102,S2-423068379,S2-472862697,S2-490492210,S2-60388632,S2-696885509,S2-705775012,S2-788655805,S2-805894408,S3-106720864,S3-145606126,S3-345200400,S3-394463058,S3-585251996,S3-669346845,S3-809956848,S3-864938817,S3-911175210,S3-95975116,S3-966152567,S3-992521513
S1-496893663	S2-185895975,S2-228545787,S2-249110872,S2-383450882,S2-940828684,S3-171460449,S3-232034118,S3-347591637,S3-3603787,S3-411062401,S3-541988174,S3-563120359,S3-576224886,S3-649082219,S3-744364228,S3-830007043,S3-945343881,S3-951538561,S3-978093617
S1-241930922	S2-354364438,S2-590459236,S3-390042545,S3-747447677
S1-178022840	S2-140724632,S2-156573872,S2-20605961,S2-210062866,S2-22986055,S2-277996470,S2-281025226,S2-285248484,S2-31818821,S2-320581764,S2-341455263,S2-399419463,S2-448940065,S2-456934782,S2-481071542,S2-48233411,S2-547557150,S2-582570386,S2-609161415,S2-662227064,S2-731163714,S2-823813982,S2-831323446,S2-835142245,S2-868127388,S2-884637854,S2-895840866,S2-900544727,S2-904176125,S2-950851985,S2-992686249,S2-99841727,S3-313688012,S3-755249439,S3-968500624
S1-668188842	S2-360788603,S2-372172880,S2-394571120,S2-408584621,S2-51574598,S2-556469960,S2-581508866,S2-637322640,S2-708757485,S2-986940248,S3-188354063,S3-22679509,S3-232519749,S3-243209227,S3-382868122,S3-41801400,S3-525239074,S3-533981091,S3-548199504,S3-562383456,S3-607060939,S3-63271265,S3-717541835,S3-755332567,S3-973816063
S1-764843325	S2-115070944,S2-156876073,S2-200412376,S2-213494336,S2-229307893,S2-354141204,S2-425494069,S2-49310554,S2-801896271,S2-878702003,S2-935812718,S2-940814321,S2-980632447,S3-162375529,S3-19376419,S3-445121709,S3-500106253,S3-517302774,S3-536768540,S3-593000003,S3-76987647,S3-787214589
S1-975654170	S2-100811277,S2-181042089,S2-187969652,S2-194985579,S2-283611622,S2-417565427,S2-465781135,S2-517348855,S2-588381793,S2-727830050,S2-761035582,S2-774242918,S2-906556571,S2-910262380,S3-1218889,S3-200544971,S3-303016749,S3-36232695,S3-496250765,S3-564988957,S3-580155372,S3-629723123,S3-650948726,S3-686451316,S3-716726482,S3-719351112,S3-739826958,S3-748069318,S3-786283439,S3-841777268,S3-954466332,S3-973323595
S1-785467099	S2-218290190,S2-278352906,S2-279522103,S2-281653317,S2-331614582,S2-387377349,S2-608854961,S2-641838620,S2-789572073,S2-815832170,S2-864897388,S2-909267824,S3-138596697,S3-156749086,S3-237172019,S3-276191734,S3-319430306,S3-460473747,S3-569465447,S3-598808382,S3-736902996,S3-742877406,S3-899732613,S3-915998778
S1-431175894	S2-34235281,S2-516181629,S2-52014716,S2-589039275,S3-159732193,S3-378746918
S1-574938676	S2-154479629,S2-22322264,S2-332026471,S2-463359740,S2-63065417,S2-69730118,S3-25099100,S3-262541518,S3-269207593,S3-315901419,S3-35472521,S3-384540649,S3-615926762,S3-789061427,S3-802990712,S3-811019150,S3-960227736,S3-996121376
S1-144526682	S2-4170487,S2-524186705,S2-654781658,S2-657272952,S2-708029837,S2-788652507,S2-863384927,S2-866114129,S2-960543587,S2-971815091,S3-13533036,S3-137262896,S3-147345611,S3-183169633,S3-209538657,S3-213730947,S3-285751716,S3-324711488,S3-324803888,S3-402489104,S3-450252686,S3-50087021,S3-50957027,S3-553847476,S3-570562199,S3-754763114,S3-806776667,S3-879571762,S3-932558598
S1-600218080	S2-113610014,S2-115251127,S2-189226576,S2-617300800,S2-621893719,S3-569572548
S1-719255010	S2-306873906,S2-524184937,S2-621408109,S2-664263611,S2-753657867,S2-911723717,S2-930931308,S2-993192885,S3-208529646,S3-438144626,S3-450420344,S3-477250159,S3-79854379,S3-879817526
S1-109267757	S3-150871188,S3-20556886,S3-311710872,S3-610253452
S1-991012675	S2-216446358,S2-295737112,S2-297054511,S2-714341176,S3-143928971,S3-537712341,S3-558572244,S3-838093116,S3-899440088,S3-995433490
S1-847214446	S2-227373867,S2-387384986,S2-409546504,S2-839533786,S3-194790377,S3-220834623,S3-263539658,S3-296686180,S3-390866058,S3-433499290,S3-45167101,S3-460708007,S3-609989467,S3-683755169,S3-715790699,S3-812114435,S3-997139272
S1-730029142	S2-133401271,S2-156087118,S2-202977533,S2-264800695,S2-266542173,S2-284270656,S2-372631037,S2-40518450,S2-424044629,S2-486586854,S2-497495995,S2-532016121,S2-551853311,S2-571560969,S2-575227880,S2-593095427,S2-795879207,S2-94210128,S2-94250774,S3-102675650,S3-120024140,S3-146395993,S3-15689517,S3-204119410,S3-350691734,S3-365824262,S3-429071118,S3-526816815,S3-530388587,S3-618828708,S3-630613642,S3-648645349,S3-688124683,S3-734436585,S3-789169389
S1-974262486	S3-439274906
S1-466946916	S2-138046867,S2-195860143,S2-204670612,S2-238366597,S2-510692151,S2-702877561,S3-185832599,S3-196203427,S3-207663255,S3-363654973,S3-546385316,S3-572646134,S3-837929682,S3-864178270,S3-891557198
S1-76468161	S2-113210517,S2-231226952,S2-372771770,S2-411595049,S2-422154923,S2-435096908,S2-480003209,S2-49077923,S2-502336937,S2-505248518,S2-512694570,S2-520703437,S2-541004230,S2-585967025,S2-60646974,S2-612889041,S2-616517153,S2-639224330,S2-784343391,S2-820094900,S2-855237622,S2-939435831,S2-952585649,S2-978004317,S3-214537213,S3-312282868,S3-318885431,S3-35711444,S3-371313822,S3-508810523,S3-514050393,S3-597225154,S3-644849657,S3-799312472,S3-876895423
S1-683788263	S2-21458643,S2-471540697,S2-482380575,S2-540005643,S2-749007729,S2-779063504,S2-90040565,S3-106728052,S3-164877461,S3-203911406,S3-319157758,S3-337676844,S3-377211461,S3-501078612,S3-523566894,S3-549531669,S3-614300694,S3-673597182,S3-84389480,S3-856775026,S3-913433211,S3-93509158,S3-988977282
S1-869162161	S2-34266260,S2-471589134,S2-595423389,S2-614588466,S2-688450525,S2-828069829,S2-833859053,S2-920664858,S2-983792162,S3-145746658,S3-186221043,S3-209433877,S3-217269192,S3-293489176,S3-325377014,S3-33936548,S3-388245827,S3-395103707,S3-431657363,S3-439411737,S3-548212722,S3-579285799,S3-622831211,S3-661634313,S3-792944836,S3-798980766,S3-835680034,S3-891337544,S3-941357643,S3-945954532
S1-545477423	S2-760239131,S2-788718937,S3-529052354,S3-723727639,S3-951830396
S1-449512950	S2-187081241,S2-199153673,S3-262759409,S3-271233499,S3-293950764,S3-366011730,S3-478595671
S1-38836424	S2-223965575,S2-440253638,S2-589094691,S2-648035184,S2-796657884,S3-112223799,S3-588502663,S3-881605497
S1-862176518	S2-565201713,S2-59726531,S2-790474846,S3-21995160,S3-672360831
S1-760571322	S2-353092135,S2-536558272,S3-541467279
S1-56115126	S2-221974061,S2-942137995,S3-123283768,S3-15652387,S3-350017164,S3-681485906,S3-797255211
S1-350643100	S2-911132570,S3-130011921,S3-976572283
S1-973533604	S2-150321982,S2-20100889,S2-229434487,S2-259107219,S2-298755393,S2-308860945,S2-381416319,S2-439958506,S2-468055683,S2-495426490,S2-509328231,S2-582371029,S2-755156637,S2-880181111,S2-960273699,S2-961415907,S3-163492874,S3-164014538,S3-167064286,S3-220562587,S3-246480970,S3-283997795,S3-390286010,S3-470906902,S3-472382215,S3-506001026,S3-561525141,S3-757640964,S3-833529867,S3-84870616,S3-875723263,S3-902050100,S3-911776789,S3-96877441,S3-981590643
S1-756695349	S2-509982372,S3-511136319,S3-804068072,S3-859468357
S1-595843047	S2-114407841,S2-118278392,S2-182431985,S2-193500916,S2-329575228,S2-33165510,S2-419221327,S2-53327782,S2-577641562,S2-664432663,S2-666936974,S2-805793228,S3-173153618,S3-295293305,S3-320147817,S3-325550545,S3-745166419,S3-750149878,S3-862582331,S3-876153882,S3-937197513,S3-938570020
S1-924630389	S2-143853453,S3-10826619,S3-800089867,S3-831568644
S1-713777959	S2-44632732,S2-509488005,S2-556854534,S2-643789102,S2-77300463,S3-280354428,S3-478897442
S1-721605946	S2-429513205,S2-9535204
S1-287953061	S2-358011228,S2-423926954,S2-456179166,S2-713716483,S3-161833863,S3-197819419,S3-368347834
S1-576321397	S2-140724632,S2-156573872,S2-20605961,S2-210062866,S2-22986055,S2-277996470,S2-281025226,S2-285248484,S2-31818821,S2-320581764,S2-341455263,S2-399419463,S2-448940065,S2-456934782,S2-481071542,S2-48233411,S2-547557150,S2-582570386,S2-609161415,S2-662227064,S2-731163714,S2-823813982,S2-831323446,S2-835142245,S2-868127388,S2-884637854,S2-895840866,S2-900544727,S2-904176125,S2-950851985,S2-992686249,S2-99841727,S3-225003722,S3-728037600,S3-968500624
S1-874657200	S2-202065974,S2-20924075,S2-260993171,S2-767874442,S2-963021476,S3-292680561,S3-382804178,S3-648772836
S1-521027263	S2-373305722,S2-787197096,S3-237293493,S3-647253067
S1-353071795	S2-25136748,S2-312955702,S2-377520559,S2-59119022,S2-866939007,S2-963030850,S3-312793116,S3-413829741,S3-548189878,S3-696302911,S3-861271718
S1-211367912	S2-237937304,S2-239346731,S2-246534162,S2-314858184,S2-398046407,S2-460916094,S2-50449113,S2-52063763,S2-592064369,S2-599642162,S2-664801713,S2-783711549,S2-858894683,S2-909935981,S2-994662478,S3-115122051,S3-140571110,S3-146737822,S3-165173201,S3-261252573,S3-318653684,S3-34300177,S3-365522,S3-407867102,S3-519132708,S3-797723069,S3-930382802,S3-973867079
S1-408159183	S2-12637797,S2-138568861,S2-16759542,S2-23680883,S2-278936162,S2-34644977,S2-37189767,S2-383474103,S2-493323895,S2-500102460,S2-538072354,S2-623031574,S2-722552256,S2-733050698,S2-775032170,S2-907130522,S2-911013251,S2-914251407,S2-918164223,S2-942607725,S2-979345096,S3-151516767,S3-229554313,S3-36610245,S3-511126531,S3-527825328,S3-555575622,S3-588523061,S3-593152841,S3-626807772,S3-69046235,S3-692188678,S3-824416099,S3-849906439,S3-877593497
S1-222067339	S2-25373708,S2-275032426,S2-761224400,S3-552235350
S1-549559960	S2-197987734,S2-355380223,S2-401313862,S2-478270527,S2-494775875,S2-582070018,S2-837508674,S3-107882656,S3-1253685,S3-137092925,S3-142602324,S3-306718024,S3-429937583,S3-454584272,S3-515389728,S3-539935079,S3-647956963,S3-720936390,S3-787413121,S3-871416574,S3-905615103,S3-939400153,S3-984168980
S1-24234371	S2-12592965,S2-126303102,S2-423068379,S2-472862697,S2-490492210,S2-60388632,S2-696885509,S2-705775012,S2-788655805,S2-805894408,S3-106720864,S3-145606126,S3-345200400,S3-394463058,S3-585251996,S3-669346845,S3-809956848,S3-864938817,S3-911175210,S3-95975116,S3-966152567,S3-992521513
S1-463257976	S2-536598655,S2-678934892,S2-720508994,S2-732237174,S2-770155941,S2-846807873,S2-85539227,S3-317186537,S3-337828913,S3-474491481,S3-513462468,S3-678951979
S1-142523012	S2-185815139,S2-19262137,S2-236544027,S2-257866123,S2-26138707,S2-290734878,S2-321816304,S2-356418625,S2-382246554,S2-399521391,S2-42996984,S2-445772691,S2-490200888,S2-498877600,S2-51304489,S2-560614089,S2-574156484,S2-609128161,S2-629469139,S2-631982442,S2-664348256,S2-801348645,S2-827584632,S2-875097846,S2-884393987,S2-899617241,S2-91790174,S2-936368755,S2-960740002,S2-964075237,S2-984400939,S3-660567879,S3-71002681,S3-751767229,S3-932095902
S1-411807455	S2-502626198,S3-15569040,S3-359616357
S1-631571111	S3-116759796,S3-197493039
S1-163297392	S2-129845726,S2-263512694,S3-745909398
S1-452328758	S2-294426720,S2-299062530,S2-398512842,S2-491500280,S2-817772536,S2-896583868,S3-438518302,S3-516911666,S3-550999520,S3-705922520
S1-988816252	S2-129661142,S2-152345020,S2-221123591,S2-36723935,S2-544759182,S2-572789452,S2-65887700,S2-708798272,S2-717166951,S2-776285729,S2-877875891,S2-927222452,S3-168287570,S3-19837185,S3-219384173,S3-247402679,S3-340049368,S3-39629082,S3-557077146,S3-700956730,S3-863075341,S3-898780307,S3-955789220
S1-733034026	S3-23690280,S3-435657175,S3-597233353,S3-84030510
S1-527791341	S2-148332675,S2-160783505,S2-181401889,S2-207351006,S2-262598821,S2-263351327,S2-325969572,S2-393958947,S2-424795877,S2-50320559,S2-582883906,S2-597136350,S2-59980708,S2-601256930,S2-622940286,S2-645351123,S2-741060453,S2-752713702,S2-755299964,S2-821867852,S2-846535978,S2-847050244,S2-847882502,S2-85196223,S2-894758971,S2-911093894,S2-914055714,S2-927410086,S2-976425057,S3-167667711,S3-441658376,S3-599281267,S3-720573436,S3-8431405,S3-949184545
S1-914459278	S2-244465810,S2-319782753
S1-205642784	
S1-619804628	S2-104524634,S2-134958859,S2-167066861,S2-195761214,S2-204003026,S2-211182661,S2-229315248,S2-248944678,S2-252035179,S2-254788701,S2-263273654,S2-279857860,S2-293206846,S2-331492553,S2-332155353,S2-45724657,S2-468610536,S2-508602353,S2-530209279,S2-659345862,S2-674694354,S2-687087140,S2-71227189,S2-718979866,S2-742191837,S2-748833051,S2-774512583,S2-817680963,S2-846556799,S2-895820835,S2-899248471,S2-925511054,S3-365385967,S3-643385836,S3-902040254
S1-692219144	S2-141405603,S2-184718437,S2-202125440,S2-217750086,S2-312212502,S2-332556282,S2-443186106,S2-521380565,S2-523089825,S2-679774225,S2-728849723,S2-781118310,S2-891548290,S2-974874434,S3-121180327,S3-139491334,S3-347027122,S3-350132199,S3-362772894,S3-368554025,S3-448439353,S3-459474099,S3-47783496,S3-560129335,S3-591562825,S3-604489212,S3-684833122,S3-756804216,S3-760112986,S3-847513631,S3-849609254,S3-919153222
S1-943288218	S2-130759310,S2-236324299,S2-333573122,S2-590064349,S2-64889887,S2-882098944,S2-978004317,S3-156173769,S3-579593874,S3-644942374,S3-668335366,S3-679435099,S3-732345636,S3-804576339
S1-256360591	S2-189121342,S2-280435218,S2-282401555,S2-37721056,S2-387223674,S2-481482863,S2-498527677,S2-609649111,S2-643387638,S2-777355389,S2-796992574,S2-86610472,S2-873855969,S2-89430911,S2-911364641,S3-241326686,S3-263240856,S3-387715718,S3-461286261,S3-529532694,S3-540847507,S3-559571245,S3-577510868,S3-586312431,S3-598991117,S3-681749403,S3-740115964,S3-742777523,S3-773087318,S3-777204066,S3-845629343,S3-877105804,S3-943777454,S3-966978346,S3-968030073
S1-394680937	S2-258111012,S2-37217309,S2-465460574,S2-522989755,S2-536756969,S2-696163364,S2-802837546,S3-131158560,S3-139238877,S3-142161259,S3-149565445,S3-153728789,S3-405328706,S3-48926935,S3-574136968,S3-627345153,S3-633923028,S3-654854802,S3-702254487,S3-740785174,S3-840280069,S3-866103109,S3-920630019,S3-96017410,S3-998730144
S1-697097365	S2-124021641,S2-152649554,S2-165112809,S2-200666499,S2-237525119,S2-251717309,S2-261440671,S2-293623259,S2-295273104,S2-30249982,S2-35693305,S2-397753600,S2-400725574,S2-439284028,S2-445055252,S2-460607254,S2-472174593,S2-51336478,S2-535018203,S2-57529012,S2-600299095,S2-611577665,S2-631149358,S2-649585931,S2-68942340,S2-69024638,S2-724920802,S2-747943345,S2-74839787,S2-770717600,S2-846265472,S2-865329222,S2-930926987,S3-426502438,S3-807519706
S1-147812030	S2-309793463,S2-528277068,S2-618946581,S2-754057897,S2-921833242,S3-169782628,S3-461421379,S3-646890460,S3-814477923,S3-839474938,S3-856308574,S3-979957280
S1-750578680	S2-622129340,S2-898766479,S3-4235402,S3-541152402,S3-791450689,S3-834727250
S1-746431699	S2-223366006,S2-514659945,S2-796827721
S1-763465273	S2-185815139,S2-19262137,S2-236544027,S2-257866123,S2-26138707,S2-290734878,S2-302338930,S2-321816304,S2-356418625,S2-382246554,S2-399521391,S2-42996984,S2-445772691,S2-490200888,S2-498877600,S2-51304489,S2-560614089,S2-574156484,S2-577342580,S2-60490320,S2-609128161,S2-631982442,S2-664348256,S2-801348645,S2-827584632,S2-875097846,S2-884393987,S2-899617241,S2-91790174,S2-936368755,S2-960740002,S2-964075237,S2-984400939,S3-442202413,S3-874758149
S1-996012175	S2-109190950,S2-269681023,S2-322555091,S2-942014020,S3-153285717,S3-522751192,S3-666964577,S3-86156747
S1-129783257	S3-31969399
S1-251124112	S2-814927676,S3-276002465,S3-529853039,S3-677979471
S1-10153258	S3-310015971
S1-852030997	S2-105913459,S2-121122975,S2-172475646,S2-201322975,S2-227019177,S2-246709075,S2-262606198,S2-26697424,S2-27391982,S2-292335754,S2-310699059,S2-359549629,S2-37521992,S2-398928707,S2-399522607,S2-505086652,S2-53095324,S2-60070530,S2-697967787,S2-797275788,S2-798016383,S2-841621186,S2-889749509,S2-892419737,S2-896587297,S2-907480604,S2-964197508,S3-22324102,S3-237656454,S3-335243331,S3-378298943,S3-380091899,S3-499497315,S3-830838530,S3-998628231
S1-687325312	S2-653898284,S2-814097790,S2-8209541,S3-191301379,S3-398246612,S3-530154957
S1-274115163	S2-131606423,S2-138085185,S2-334582039,S2-375677540,S2-617842496,S2-682080483,S2-935585902,S3-236630190,S3-246470648,S3-295108007,S3-451616196,S3-492039971,S3-503027078,S3-511664230,S3-517852687,S3-606690831,S3-614296147,S3-665301477,S3-6712284,S3-703916571,S3-830590140,S3-932190079
S1-888749298	S2-140724632,S2-156573872,S2-20605961,S2-210062866,S2-22986055,S2-277996470,S2-281025226,S2-285248484,S2-31818821,S2-320581764,S2-341455263,S2-399419463,S2-448940065,S2-456934782,S2-481071542,S2-48233411,S2-547557150,S2-582570386,S2-609161415,S2-662227064,S2-731163714,S2-823813982,S2-831323446,S2-835142245,S2-868127388,S2-884637854,S2-895840866,S2-900544727,S2-904176125,S2-950851985,S2-992686249,S2-99841727,S3-177804936,S3-837063223,S3-968500624
S1-607552423	S2-125690310,S2-155534328,S2-160988895,S2-300999512,S2-310644691,S2-459719365,S2-509255112,S2-551109833,S2-594622410,S2-663884088,S2-701106189,S2-762396170,S2-78074287,S3-134887355,S3-145711845,S3-215540151,S3-228328248,S3-37812154,S3-461601290,S3-519760056,S3-672011612,S3-788318140,S3-811924446
S1-140763859	S2-136972900,S2-154102797,S2-176034363,S2-22391750,S2-249688648,S2-251558083,S2-304562241,S2-379588018,S2-469412047,S2-479181098,S2-489125381,S2-593117235,S2-602769666,S2-731066709,S2-788245208,S2-803353102,S2-821967722,S2-869040543,S2-94442442,S2-952678608,S2-954201105,S2-988228571,S3-165309032,S3-20638299,S3-250537420,S3-31977274,S3-379025755,S3-473977203,S3-608619498,S3-654758503,S3-779182918,S3-891847666,S3-905677362,S3-916484684,S3-998314844
S1-309592095	S2-184869359,S2-398932551,S2-622473644,S2-856737482,S2-960109159,S3-222147283,S3-29402375,S3-340434939,S3-962775317
S1-734993216	S2-227773482,S3-234441171,S3-475290153
S1-606008468	S3-190212614,S3-322554909
S1-180353640	S2-114803651,S2-156719146,S2-277316319,S2-333591506,S2-410963764,S2-436009197,S2-532682866,S2-65755767,S2-692542191,S2-775062568,S2-983995539,S3-272737741,S3-375486976,S3-415461067,S3-429716891,S3-661297563,S3-92715799,S3-939158732,S3-946165958,S3-998485304
S1-648376479	S2-129726428,S2-141941838,S2-18002875,S2-229623554,S2-37572914,S2-398026526,S2-477612312,S2-553420319,S2-632264452,S2-640299814,S2-728415668,S2-741739098,S2-778745347,S2-847294762,S2-878202400,S2-918415407,S2-938559567,S2-969988349,S2-970885323,S2-993107908,S3-101078372,S3-393691814,S3-459385899,S3-549499180,S3-605943184,S3-660690741,S3-681339707,S3-71126172,S3-806330885,S3-824205685,S3-844532141,S3-87215067,S3-877623355,S3-919573636,S3-930761446
S1-727537332	S2-122612997,S2-364506585,S2-514214943,S2-600433503,S2-772769928,S2-883785009,S2-890046522,S2-925455174,S2-930075453,S3-102573485,S3-16438329,S3-216035280,S3-225773891,S3-33718072,S3-350074034,S3-403476502,S3-451998234,S3-462448836,S3-509388758,S3-57390540,S3-802052664,S3-807071310,S3-826131644,S3-85311066,S3-871044143
S1-9962387	S2-15221089,S3-13637230,S3-160760047
S1-554498365	S2-223836221,S2-325413796,S2-351025027,S2-359130690,S2-367939947,S2-428660624,S2-530226890,S2-794479832,S2-928793223,S2-94625584,S3-152962544,S3-178614572,S3-220547064,S3-37518225,S3-427827993,S3-447197709,S3-516789702,S3-516864492,S3-59753046,S3-616287548,S3-663116419,S3-67746806,S3-705971804,S3-799756767,S3-831567377,S3-872394962,S3-955377186,S3-982680419
S1-109932442	S2-197987734,S2-355380223,S2-401313862,S2-478270527,S2-494775875,S2-582070018,S2-583893524,S2-837508674,S3-107882656,S3-137092925,S3-419560064,S3-429937583,S3-454584272,S3-647956963,S3-720936390,S3-871416574,S3-905615103,S3-939400153,S3-984168980
S1-178903663	S2-194883375,S2-282581671,S2-43399661,S2-564508084,S2-815389782,S2-871758223,S2-945098318,S3-817609781
S1-759972893	S2-278716260,S2-396996748,S2-532057240,S2-538173387,S2-631896710,S2-653751148,S2-658732540,S2-861530811,S2-940446836,S3-213034506,S3-228878697,S3-23590780,S3-275455628,S3-296358208,S3-312429226,S3-491536252,S3-495669011,S3-68152179,S3-798796757,S3-904387174,S3-913358843,S3-99347718
S1-527664763	S2-344968856,S2-500136806,S2-579829375,S2-581346778,S2-590064349,S3-195969680,S3-207113343,S3-713785202,S3-921300718,S3-921855974,S3-985815021
S1-125935238	S2-10419116,S2-229134076,S2-438482111,S2-510071279,S2-514851211,S2-809939808,S3-117362814,S3-263570238,S3-283363496,S3-293639214,S3-303186082,S3-36237495,S3-409313711,S3-437985558,S3-462315460,S3-516499351,S3-63461182,S3-68802328,S3-711900602,S3-824212237,S3-843459719,S3-904603678,S3-935894144,S3-978640146
S1-926777120	S2-151437622,S2-214084079,S2-235175535,S2-244199728,S2-256814214,S2-313883888,S2-376437903,S2-393369363,S2-397641530,S2-426683016,S2-438605806,S2-462119129,S2-556071304,S2-557031545,S2-605350174,S2-632922146,S2-759114743,S2-850493755,S2-90119518,S2-914514330,S3-131347113,S3-201486043,S3-334379933,S3-490701147,S3-501425410,S3-550185556,S3-587086752,S3-606497358,S3-640440086,S3-659330414,S3-662003974,S3-750026852,S3-76932731,S3-788662951,S3-924583075
S1-507257254	S2-302180543,S2-319538868,S2-420623386,S2-443178543,S2-64105353,S3-210526658,S3-322016417,S3-33840993,S3-342416705,S3-369227565,S3-45263592,S3-500123487,S3-501719656,S3-682236953,S3-822600556,S3-841561354,S3-907371204,S3-94384565
S1-688023713	S2-184258903,S2-187926125,S2-243195651,S2-250033504,S2-305436929,S2-35481780,S2-357934852,S2-414862682,S2-473495532,S2-570913395,S2-580021699,S2-917000928,S2-991825924,S3-179698304,S3-184184895,S3-344687879,S3-381688648,S3-418764020,S3-516103017,S3-556862577,S3-618338709,S3-706255359,S3-710199578,S3-726498163,S3-805233923
S1-825671680	S2-197987734,S2-355380223,S2-401313862,S2-478270527,S2-494775875,S2-582070018,S2-837508674,S3-107882656,S3-137092925,S3-429937583,S3-454584272,S3-647956963,S3-665620740,S3-720936390,S3-871416574,S3-905615103,S3-939400153,S3-984168980
S1-123886742	S2-21458643,S2-471540697,S2-482380575,S2-540005643,S2-749007729,S2-779063504,S2-811854308,S2-90040565,S3-106728052,S3-164877461,S3-203911406,S3-319157758,S3-337676844,S3-377211461,S3-501078612,S3-523566894,S3-549531669,S3-614300694,S3-673597182,S3-84389480,S3-856775026,S3-913433211,S3-93509158,S3-988977282
S1-390496883	S2-156843496,S2-182203325,S2-278899754,S2-293675262,S2-645138790,S2-663191944,S2-676769255,S2-788775002,S2-914777518,S2-995355874,S3-135966940,S3-148672819,S3-200112471,S3-229487225,S3-254453507,S3-269778843,S3-379400162,S3-49965116,S3-545360116,S3-643001634,S3-801025607,S3-822336944,S3-839254878,S3-863463356,S3-87081501,S3-929261323,S3-948078530
S1-566009366	S2-284813322,S2-304787089,S2-33694512,S2-410496204,S2-500931426,S2-652666849,S2-668560965,S2-680781671,S2-840990980,S2-918645314,S3-180662164,S3-183414002,S3-355837587,S3-369182945,S3-398017181,S3-404439727,S3-486697823,S3-580155372,S3-775812412,S3-900915538,S3-935886167,S3-960120881,S3-993905544
S1-536019970	S3-123671602,S3-965259743
S1-508701481	S2-1173491,S2-159699565,S2-196975670,S2-316212039,S2-419844886,S2-426281684,S2-428030759,S2-593553372,S2-653447605,S2-712560178,S2-849395615,S2-897419904,S3-140433585,S3-18699851,S3-194267524,S3-444227012,S3-576691112,S3-727341069,S3-772631373,S3-804600254,S3-85523430,S3-919907997,S3-939463833
S1-69873923	S2-154603482,S2-193428522,S2-314999526,S2-626326981,S2-725699592,S2-72935416,S2-939010115,S3-148513444,S3-224385035,S3-42431840,S3-478189566,S3-519280633,S3-60753683,S3-637115850,S3-649237979,S3-65905774,S3-66521609,S3-749533175,S3-797828547,S3-828299599
S1-994203877	S3-269171353,S3-484374385,S3-699869973
S1-842713848	S2-553426664,S2-572945289,S3-960694980
S1-310087226	S2-35881931,S3-19364259
S1-452365054	S2-171624648,S2-489002971
S1-529581101	S2-381669046,S2-576786123,S2-961992420,S3-138826354,S3-300644810,S3-520265095
S1-601655225	S2-107802615,S2-268293208,S2-270545740,S2-339078765,S2-448798973,S2-488071645,S3-161026465,S3-681262075,S3-786080307,S3-829262783,S3-86658154
S1-572982287	S2-827309096,S3-652906569,S3-730450757
S1-273093097	S2-110491323,S2-172161001,S2-241296330,S2-278023340,S2-321033055,S2-330866793,S2-349453927,S2-357064905,S2-382715444,S2-443118769,S2-504744194,S2-523876750,S2-651640276,S2-679369160,S2-855400593,S2-858315918,S2-910898986,S3-125201939,S3-218426671,S3-450130062,S3-465706051,S3-479239684,S3-479303266,S3-500864273,S3-510122982,S3-714602328,S3-729462198,S3-804438553,S3-883305462,S3-941028045
S1-756955445	S2-384142265,S2-811086572,S3-397915695,S3-962839753
S1-221907886	S2-259335423,S2-38688788,S2-41110663,S3-141535719,S3-436499572,S3-449785099,S3-565928927
S1-823532500	S2-135935174,S2-220475937
S1-780436723	S2-473831507,S2-653231350,S2-680044356,S3-316016655,S3-405555985,S3-570276198,S3-902436610
S1-367981822	S2-104524634,S2-134958859,S2-167066861,S2-195761214,S2-204003026,S2-211182661,S2-229315248,S2-248944678,S2-252035179,S2-254788701,S2-263273654,S2-279857860,S2-293206846,S2-331492553,S2-332155353,S2-45724657,S2-468610536,S2-508602353,S2-659345862,S2-674694354,S2-687087140,S2-71227189,S2-718979866,S2-742191837,S2-748833051,S2-774512583,S2-817680963,S2-846556799,S2-895820835,S2-899248471,S2-925511054,S3-289365741,S3-365385967,S3-690547751,S3-902040254
S1-794390130	S2-10712655,S2-132866128,S2-212935219,S2-420434014,S2-564165088,S2-676204127,S2-714329474,S2-86121397,S2-865814128,S2-950264267,S3-195699284,S3-20180609,S3-392709677,S3-399019746,S3-606520422,S3-78071645,S3-812993053,S3-950926863
S1-650390016	S2-115641859,S2-191613484,S2-221136974,S2-230318262,S2-232344097,S2-236578462,S2-250127490,S2-275696593,S2-305290055,S2-33211040,S2-360478176,S2-397255793,S2-422716036,S2-448621199,S2-491402302,S2-580427846,S2-59118631,S2-625825667,S2-676624824,S2-904488870,S2-983439720,S2-992512822,S3-180224560,S3-192390779,S3-296935932,S3-320715619,S3-423339537,S3-476401475,S3-616499856,S3-622499032,S3-734611856,S3-779642627,S3-866311700,S3-878079181,S3-922077992
S1-122117256	S2-17788444,S2-944410674,S3-539757170,S3-827432411
S1-538937261	S2-887264343,S3-262946612
S1-883039566	S2-768299397,S3-234888038,S3-672475488,S3-9767709
S1-630924557	S2-122003248,S2-133200793,S2-328302633,S2-362511176,S2-62694928,S2-648596577,S2-715124794,S2-911286375,S3-172551069,S3-399194379,S3-501910454,S3-632033968,S3-714469937
S1-7725992	S2-576043194,S2-673375384,S3-299386793,S3-775159280
S1-363999259	S2-34479751,S3-779762275,S3-919915381,S3-988753194
S1-686913759	S2-117955411,S2-237114,S2-249651604,S2-251721185,S2-335061475,S2-339113111,S2-341011019,S2-34107264,S2-432313044,S2-470479244,S2-548700789,S2-576816251,S2-584238851,S2-596331849,S2-600829269,S2-608008769,S2-674558752,S2-681085350,S2-703976439,S2-749468029,S2-756848974,S2-790539347,S2-805166932,S2-815246923,S2-81957525,S2-83675330,S2-915515104,S3-200853205,S3-247609615,S3-253689376,S3-343498582,S3-346071531,S3-446980961,S3-758280839,S3-829119803
S1-589372424	S2-202238596,S2-213646588,S3-291745678,S3-319541437,S3-355647869,S3-460072749,S3-804009633,S3-964856468
S1-845159413	S2-292770080,S3-242604428
S1-147076436	S2-192765495,S2-345538799,S2-448407399,S2-494306592,S3-166262382,S3-17785869,S3-455785972,S3-513119433,S3-581224957,S3-617158219,S3-779732141,S3-79340667,S3-880615840,S3-925631483
S1-659169271	S2-773586635,S2-8687647,S3-242822334,S3-49229800
S1-218348141	S2-153688631,S2-541343369,S2-622519132,S2-739298630,S3-122645832,S3-12565176,S3-533944799,S3-740702791,S3-965024105
S1-151299429	S2-146219373,S2-197987734,S2-355380223,S2-401313862,S2-478270527,S2-494775875,S2-582070018,S2-837508674,S3-107882656,S3-137092925,S3-429937583,S3-454584272,S3-647956963,S3-720936390,S3-871416574,S3-905615103,S3-939400153,S3-984168980,S3-988252212
S1-671241040	S2-262394715,S2-282681210,S2-303100284,S2-362516952,S2-399973798,S2-440130928,S2-489850832,S2-498585240,S2-616791145,S2-735335748,S2-759830045,S2-76386497,S2-790677148,S2-821076211,S2-834148564,S2-904226109,S2-972889340,S2-991655800,S3-151381602,S3-245125206,S3-47703170,S3-502647701,S3-665080089,S3-848879441,S3-928095370,S3-929788664,S3-992241111
S1-466277913	S2-145825656,S2-146486163,S2-210262752,S2-2183471,S2-259853602,S2-34241039,S2-437668353,S2-45245772,S2-600409962,S2-615068315,S2-650875195,S2-689617368,S2-776708963,S2-799745101,S2-868584027,S2-977170304,S3-199174613,S3-24723125,S3-280613736,S3-345523435,S3-365728648,S3-5374395,S3-905029481,S3-972469290
S1-687764551	S2-315237071,S2-650830885,S3-655821647,S3-813646410
S1-367231027	S2-167880419,S2-367237866,S2-418844166,S2-49680847,S2-618844064,S2-657355752,S2-672059801,S2-884845385,S3-135063094,S3-192367257,S3-218984238,S3-243030748,S3-304299787,S3-31256465,S3-483774644,S3-517160004,S3-664968319,S3-674167,S3-778802724
S1-266344604	S2-137828681,S2-335549531,S2-361562650,S2-384616423,S2-58142389,S2-598783899,S2-714505855,S2-728143975,S2-752866007,S3-255138759,S3-267499170,S3-362251097,S3-419735406,S3-492678895,S3-498162929,S3-531104837,S3-596727826,S3-765807910,S3-770926116,S3-778249419,S3-851382760,S3-883132792,S3-912583004,S3-914714358,S3-922372714,S3-926388121,S3-989774219
S1-296784642	S2-875419699,S3-278624779,S3-299560952
S1-791341686	S2-595214349,S3-197533896,S3-697138916
S1-532573978	S2-278953837,S3-571994922
S1-393400566	S2-682543348,S3-281547142,S3-749207358
S1-613531436	S2-124798095,S2-179989880,S2-182743306,S2-209082145,S2-25201671,S2-272338010,S2-302742914,S2-363756741,S2-385991369,S2-428684481,S2-535465384,S2-630833712,S2-650817671,S2-689348912,S2-757473048,S2-765720249,S2-772032244,S2-781062791,S2-802260310,S2-825371012,S2-841150901,S2-881028278,S2-997474280,S3-167096146,S3-344466028,S3-384667680,S3-480011125,S3-495325432,S3-528706011,S3-588220144,S3-649622959,S3-735885413,S3-760594020,S3-810547728,S3-931500217
S1-471318994	S2-124798095,S2-179989880,S2-182743306,S2-209082145,S2-25201671,S2-272338010,S2-302742914,S2-363756741,S2-385991369,S2-428684481,S2-535465384,S2-630833712,S2-650817671,S2-689348912,S2-757473048,S2-765720249,S2-772032244,S2-781062791,S2-802260310,S2-825371012,S2-841150901,S2-881028278,S2-997474280,S3-167096146,S3-344466028,S3-384667680,S3-480011125,S3-495325432,S3-528706011,S3-588220144,S3-649622959,S3-735885413,S3-760594020,S3-810547728,S3-931500217
S1-953282797	S2-320098677,S2-450053301,S3-606374443,S3-684911733,S3-826381993,S3-886569652
S1-196935438	S2-624688178,S2-717137506,S3-629460525,S3-79337982
S1-359602210	S2-874895686,S3-380515870,S3-781186038
S1-829717901	S2-615727718,S2-695410257,S3-119617103,S3-664346858,S3-95564658
S1-399360980	S2-13956324,S2-341845738,S2-347388159,S2-359801452,S3-374508454
S1-811121697	S2-180545749,S3-846152971
S1-879276752	S2-330608054,S2-509937724,S2-943394264,S3-144339303,S3-570651750
S1-299157870	S2-129726428,S2-141941838,S2-18002875,S2-229623554,S2-37572914,S2-398026526,S2-477612312,S2-553420319,S2-632264452,S2-640299814,S2-728415668,S2-741739098,S2-778745347,S2-847294762,S2-878202400,S2-918415407,S2-938559567,S2-969988349,S2-970885323,S2-993107908,S3-101078372,S3-393691814,S3-459385899,S3-549499180,S3-605943184,S3-660690741,S3-681339707,S3-71126172,S3-806330885,S3-824205685,S3-844532141,S3-87215067,S3-877623355,S3-919573636,S3-930761446
S1-921642430	S2-29572152,S2-893139347,S3-4568126,S3-859469570,S3-962492340
S1-914995687	S2-263672282,S2-476254969,S3-524918348
S1-491795528	S2-707708907,S2-910694348,S3-198224533,S3-449254398,S3-746009250,S3-751371369
S1-759418496	S2-622075002,S2-738948758,S2-924496535,S2-971927879,S3-995238469
S1-702646732	S2-372731556,S2-735779782,S2-910778185,S2-92474657,S3-596916334,S3-954191794
S1-145714579	S2-126729754,S2-372650368,S2-425820120,S2-555326071,S3-745131290
S1-885742978	S2-171172645,S2-199425487,S2-352901282,S2-363249020,S2-420476298,S2-523234440,S2-657526429,S2-708631181,S3-101405370,S3-179268798,S3-364674213,S3-447940261,S3-495887096,S3-585303173,S3-656530454,S3-744045338,S3-779717587,S3-949325070
S1-532220334	S2-129726428,S2-141941838,S2-18002875,S2-229623554,S2-37572914,S2-398026526,S2-477612312,S2-553420319,S2-632264452,S2-640299814,S2-728415668,S2-741739098,S2-778745347,S2-847294762,S2-878202400,S2-918415407,S2-938559567,S2-969988349,S2-970885323,S2-993107908,S3-101078372,S3-345612812,S3-393691814,S3-459385899,S3-549499180,S3-660690741,S3-681339707,S3-71126172,S3-806330885,S3-824205685,S3-844532141,S3-87215067,S3-877623355,S3-919573636,S3-930761446
S1-582413421	S2-255298605,S2-302439355,S2-328370712,S2-415584614,S2-563734938,S2-644912732,S2-661030354,S2-80594177,S2-92483612,S3-209932059,S3-255860495,S3-579810968,S3-581418137,S3-661381732,S3-820816614
S1-333734493	S2-129090931,S2-165390446,S2-44858199,S3-391793511,S3-408343510,S3-99254349
S1-918868247	S2-117928803,S2-161761568,S2-170548497,S2-199277367,S2-215512354,S2-266044573,S2-32599688,S2-371300586,S2-429545601,S2-48549342,S2-502055965,S2-584234198,S2-744719382,S2-92260224,S2-965695908,S3-363675987,S3-366493026,S3-37643564,S3-406008092,S3-438728515,S3-543002246,S3-591915115,S3-627064366,S3-637235644,S3-645435228,S3-687029960,S3-753356761,S3-909621401,S3-950928679,S3-960625785,S3-999335322
S1-591062600	S2-170048686,S2-478640391
S1-406536115	S2-237573324,S2-256818119,S2-612890232,S3-939803101
S1-966822462	S2-712962694,S3-162645049,S3-238816271,S3-665328612
S1-397427685	S2-387786042,S3-398843342
S1-579807935	S2-152587575,S2-260101597,S2-418325426,S2-558130562,S2-612189972,S2-918011179,S3-393843374,S3-785192555,S3-817344869,S3-819509255
S1-660188596	S2-444477063,S3-244521491,S3-301183152,S3-880156806
S1-283218479	S2-185815139,S2-19262137,S2-236544027,S2-257866123,S2-26138707,S2-290734878,S2-302338930,S2-321816304,S2-356418625,S2-382246554,S2-399521391,S2-42996984,S2-445772691,S2-490200888,S2-498877600,S2-51304489,S2-560614089,S2-574156484,S2-577342580,S2-60490320,S2-609128161,S2-631982442,S2-664348256,S2-801348645,S2-827584632,S2-875097846,S2-884393987,S2-899617241,S2-91790174,S2-936368755,S2-960740002,S2-964075237,S2-984400939,S3-442202413,S3-874758149
S1-759630170	S2-103841553,S2-140384695,S2-172597897,S2-191094820,S2-358380846,S2-410639572,S2-46610444,S2-489333793,S2-534908467,S2-570375086,S2-602246901,S2-612145863,S2-660771029,S2-746019177,S2-765028847,S2-768946792,S2-788932597,S2-816643563,S2-829774919,S2-88471049,S2-996573898,S3-123939735,S3-336995039,S3-340705689,S3-423576903,S3-42392906,S3-443182900,S3-498027647,S3-592653089,S3-628494086,S3-769947589,S3-83546187,S3-863744133,S3-892511712,S3-906774237
S1-941786684	S2-21458643,S2-471540697,S2-482380575,S2-540005643,S2-749007729,S2-779063504,S2-90040565,S3-106728052,S3-164877461,S3-203911406,S3-319157758,S3-337676844,S3-377211461,S3-501078612,S3-523566894,S3-549531669,S3-614300694,S3-673597182,S3-84389480,S3-856775026,S3-913433211,S3-93509158,S3-988977282
S1-61434219	S2-255746643,S2-686273480,S2-760656425,S2-919741061,S2-931594628,S3-152579784,S3-155658818,S3-170105031,S3-23715167,S3-327843903,S3-334155581,S3-354557238,S3-430254443,S3-610207653,S3-634532546,S3-694814916,S3-863952292,S3-916564162
S1-531928114	S2-104952404,S2-127219034,S2-232656420,S2-232940193,S2-254244402,S2-286079379,S2-408752598,S2-414293572,S2-420202495,S2-46545618,S2-501371408,S2-575500452,S2-655408804,S2-761912887,S2-769600607,S2-796868968,S2-799218322,S2-803539095,S2-822562373,S2-854003878,S2-857019028,S2-950950039,S2-986115477,S3-123929282,S3-176329043,S3-194389138,S3-256361270,S3-417297011,S3-426020560,S3-505074779,S3-616793249,S3-739312697,S3-893441488,S3-960532968,S3-998446209
S1-226964528	S2-188295837,S2-479684729,S2-625675086,S2-668289696,S2-74003616,S2-783527981,S3-180885195,S3-225065620,S3-560636619,S3-659975818,S3-709974281
S1-973613897	S2-18824946,S2-193715408,S2-378659927,S2-485960600,S2-59151218,S2-702038236,S2-82374128,S3-285613238,S3-369182945,S3-369799886,S3-376512712,S3-430225486,S3-74285787,S3-783544039,S3-875802633,S3-875866915,S3-967574298
S1-635996806	S2-175232844,S2-366070890,S2-403858184,S2-417219305,S2-430318441,S2-621473485,S2-661272914,S2-706634627,S2-72116429,S2-746097597,S2-756480026,S2-795263604,S2-797453714,S2-820410002,S2-906086535,S2-949124193,S2-959699201,S3-10993329,S3-213365773,S3-214153458,S3-221792017,S3-330657023,S3-447448464,S3-450861274,S3-485526850,S3-531152617,S3-569647899,S3-690040528,S3-692984253,S3-708891756,S3-767505238,S3-770372727,S3-783030214,S3-824886886
S1-340160815	S2-624863102,S3-554186594
S1-583880304	S2-329486779,S3-163327193,S3-180585258
S1-446697179	S2-224201763,S2-377640723,S2-647640576,S2-711906490,S2-751644079,S2-86619877,S2-922150401,S2-94442181,S3-1253685,S3-142602324,S3-155425282,S3-216815698,S3-271646714,S3-306718024,S3-515389728,S3-517364994,S3-53354920,S3-539935079,S3-769824375,S3-770888965,S3-787413121,S3-830237412,S3-949307490
S1-479832626	S2-202628267,S2-408047595,S2-429021413,S2-599419816,S2-611602480,S3-120203723,S3-507463477,S3-747016064
S1-386984673	S2-2557962,S2-475237686,S2-58499622,S2-987599033,S3-170824470,S3-190861228,S3-271489206,S3-603491072
S1-11302207	S2-317371776,S2-462497845,S2-885753406,S3-494568989,S3-547274579,S3-757395085
S1-425587153	S2-258111012,S2-37217309,S2-465460574,S2-522989755,S2-536756969,S2-696163364,S2-802837546,S3-131158560,S3-139238877,S3-142161259,S3-149565445,S3-153728789,S3-405328706,S3-48926935,S3-574136968,S3-627345153,S3-633923028,S3-654854802,S3-702254487,S3-740785174,S3-840280069,S3-866103109,S3-920630019,S3-96017410,S3-998730144
S1-999104734	S2-852757806,S3-332258316,S3-581627959
S1-330914939	S2-100393828,S2-248977143,S2-268697328,S2-348122696,S2-36367458,S2-373678906,S2-40327099,S2-466217356,S2-471154795,S2-478116399,S2-517545221,S2-536811066,S2-599943670,S2-714688585,S2-725424033,S2-732056002,S2-770131583,S2-772510390,S2-797750820,S2-853967561,S2-884366351,S2-953485582,S2-971027861,S2-97731459,S3-168564211,S3-182430622,S3-437412670,S3-460297829,S3-460373674,S3-608740521,S3-645384746,S3-749630201,S3-801491022,S3-818753890,S3-825828743
S1-81834207	S2-197956367,S2-313706159,S2-364143834,S2-521119697,S2-5819745,S2-606313402,S2-646074015,S2-972217409,S3-180429868,S3-36113120,S3-548958145,S3-607032775,S3-766258428,S3-767171258,S3-946767503
S1-143510112	S2-790943015,S2-820850032,S2-853550873,S2-906075995,S3-170636886,S3-830037515,S3-973711701
S1-60238486	S2-100393828,S2-248977143,S2-254185550,S2-268697328,S2-348122696,S2-36367458,S2-373678906,S2-40327099,S2-466217356,S2-471154795,S2-478116399,S2-517545221,S2-536811066,S2-599943670,S2-714688585,S2-725424033,S2-732056002,S2-770131583,S2-772510390,S2-797750820,S2-853967561,S2-884366351,S2-953485582,S2-971027861,S2-97731459,S3-168564211,S3-182430622,S3-215580372,S3-437412670,S3-595188737,S3-608740521,S3-645384746,S3-749630201,S3-801491022,S3-825828743
S1-295437535	S2-40566285,S2-525911086,S2-969740937,S3-561030747,S3-651788103,S3-918259250
S1-406842558	S2-258885217,S3-193026644,S3-27134803
S1-392556227	S2-742398993,S3-101232577,S3-419803661,S3-486250442,S3-974771944
S1-520706871	S2-100972051,S2-111761628,S2-125381550,S2-153776503,S2-181737978,S2-566696825,S2-699500794,S2-739185108,S2-779918174,S2-837065407,S3-127657435,S3-192304778,S3-209632496,S3-219349972,S3-239223018,S3-240664021,S3-319839427,S3-34445297,S3-402560707,S3-421252899,S3-516310432,S3-683913732,S3-819678087,S3-836363091,S3-904932057
S1-314155272	S2-511832664,S3-119231992,S3-698373689
S1-162257554	S2-15513994,S2-230516090,S2-406725056,S3-491038561,S3-840183265
S1-567125574	S2-150838296,S3-50720946
S1-755326947	S2-366213001,S2-399167041,S2-429617431,S2-516197815,S2-899854654,S3-323550477,S3-788271788,S3-893190803
S1-766890897	S2-33617065,S2-430487676,S2-435123543,S2-576428419,S2-644029227,S2-69755788,S2-70074734,S3-110349245,S3-115793707,S3-137174211,S3-150807003,S3-203549607,S3-241186702,S3-296240409,S3-303320006,S3-321128474,S3-322974564,S3-328821394,S3-35962365,S3-401336848,S3-475071565,S3-560791095,S3-642821429,S3-733903477,S3-735674792,S3-743592424,S3-805670560,S3-808125751,S3-885787619,S3-914411406
S1-496258616	S2-672308533,S2-73315583,S3-518640125
S1-813704961	S2-623318081,S3-147071369,S3-569946471,S3-783237326,S3-937622638
S1-508022910	
S1-117568069	S2-290439977,S2-335767714,S2-359710026,S2-373095169,S2-387475091,S2-494010727,S2-581021904,S2-672370575,S2-682232309,S2-736404659,S2-76890617,S2-787387820,S2-795255485,S2-858814730,S2-876613194,S2-878470287,S2-885209932,S2-991306982,S2-99393133,S3-172512834,S3-313861708,S3-340159230,S3-357195386,S3-36225965,S3-363156840,S3-401995384,S3-532085283,S3-570379166,S3-612299681,S3-774478709,S3-800115953,S3-870484133,S3-892137899,S3-903795460,S3-964631283
S1-560952743	S2-149268351,S2-396362929,S2-428665001,S2-503436377,S2-585697744,S2-923633397,S3-142775867,S3-249522001,S3-389392497,S3-435261219,S3-736391862
S1-776686932	S2-667655982,S3-653415229,S3-675413406
S1-134143616	S2-528500563,S2-671061897,S3-218370044,S3-393867082,S3-536754838
S1-883281842	S2-165103426,S2-466747962,S2-667852727,S2-957935953,S3-271888732
S1-192757112	S2-139157293,S2-29099690,S2-344356876,S2-35672280,S2-97554123,S3-512233131,S3-850800659
S1-665710461	S2-43570481,S2-787616883,S3-18129770,S3-645906351,S3-737853821,S3-947725853
S1-276296929	S2-15486976,S2-476342882,S2-916920341,S3-481989377,S3-895076340
S1-67933723	S2-284141243,S2-408726804,S2-554817992,S2-564756722,S2-568919099,S2-66728537,S2-794175299,S2-840539663,S2-88589147,S2-904973226,S2-920517108,S3-161331208,S3-225049378,S3-225625130,S3-257871121,S3-327086535,S3-36419781,S3-607622452,S3-71052267,S3-740323634,S3-829098205,S3-834325663
S1-361085942	S2-348789468,S2-721920607,S3-268604879
S1-349849273	S2-272999161,S3-140354156,S3-253961631
S1-185551815	S2-705917357,S2-738595618,S2-802497249,S2-946710970,S2-975496359,S2-978066138,S3-139765335,S3-316763075,S3-324612419,S3-468427467,S3-561229924,S3-720936390,S3-751162050,S3-88503627,S3-924583075,S3-938289413
S1-691806118	S2-112895437,S2-155715739,S2-244913873,S2-389397198,S2-570592656,S2-682611163,S2-708457005,S2-741384203,S2-802444266,S2-870329083,S2-918671514,S2-936538697,S2-960749965,S3-132585579,S3-133441794,S3-145457240,S3-369799886,S3-402237140,S3-450453776,S3-460800223,S3-498934893,S3-651095723,S3-740985790,S3-772751614,S3-805120500,S3-867954903,S3-920414119,S3-93658850
S1-677577431	S2-734471678,S2-974181350,S3-302208337,S3-491929753,S3-703348450
S1-524423134	S2-157451062,S2-195954440,S2-245407427,S2-316391206,S2-379003152,S2-399482677,S2-550426200,S2-551614479,S2-567445909,S2-577088819,S2-632914205,S2-721755422,S2-768525936,S2-898637381,S3-162125177,S3-177746021,S3-196642637,S3-218041890,S3-290134258,S3-483430575,S3-536794292,S3-805996823,S3-942048890
S1-745867296	S2-136507770,S2-22544434,S2-242802870,S2-345480531,S2-43113841,S2-604871582,S2-622879631,S2-791815488,S2-824967636,S2-875721956,S2-885755783,S3-116867893,S3-152251935,S3-345534271,S3-888421770
S1-715910928	S2-149210354,S2-308004681,S2-964372690,S3-321196339,S3-418007144,S3-533969703,S3-84037995
S1-523182155	S2-103603271,S2-133269684,S2-198723291,S2-203490391,S2-406015535,S2-737977439,S2-762265123,S2-928746985,S2-991884843,S3-409313711,S3-544596430,S3-566523861,S3-738526276
S1-819347180	S2-251794267,S3-218350669,S3-611073721
S1-842582339	S2-210739114,S2-212885739,S2-332783247,S2-718008063,S2-781787478,S3-198707522,S3-455248213,S3-488119949,S3-517179359,S3-702311125,S3-789259677,S3-827122580,S3-84822830,S3-923995241,S3-933030974
S1-944869323	S2-167880419,S2-276440490,S2-367237866,S2-418844166,S2-49680847,S2-618844064,S2-657355752,S2-884845385,S3-135063094,S3-192367257,S3-218984238,S3-243030748,S3-304299787,S3-31256465,S3-517160004,S3-664968319,S3-674167,S3-778802724
S1-833492633	S2-185815139,S2-19262137,S2-236544027,S2-257866123,S2-26138707,S2-290734878,S2-302338930,S2-321816304,S2-356418625,S2-382246554,S2-399521391,S2-42996984,S2-445772691,S2-490200888,S2-498877600,S2-51304489,S2-560614089,S2-574156484,S2-609128161,S2-631982442,S2-664348256,S2-801348645,S2-827584632,S2-875097846,S2-884393987,S2-899617241,S2-91790174,S2-936368755,S2-960740002,S2-964075237,S2-984400939,S3-163537924,S3-184297142,S3-529805102,S3-531303240
S1-6536886	S2-571765856,S3-492584127
S1-830177070	
S1-562378871	S2-125217177,S2-164774900,S2-717239355,S3-194950029,S3-361884466,S3-442578325
S1-891833169	S2-25345424,S2-344767037,S2-404380749,S2-41839440,S2-454483045,S2-65554277,S3-137840589,S3-138946498,S3-460992484,S3-47532688,S3-718419415,S3-756552760,S3-816084220,S3-897745424,S3-957782509
S1-132767242	S2-115641859,S2-191613484,S2-221136974,S2-230318262,S2-232344097,S2-236578462,S2-250127490,S2-275696593,S2-305290055,S2-33211040,S2-360478176,S2-397255793,S2-422716036,S2-448621199,S2-491402302,S2-55664548,S2-580427846,S2-59118631,S2-676624824,S2-904488870,S2-983439720,S3-180224560,S3-192390779,S3-296935932,S3-320715619,S3-423339537,S3-476401475,S3-622499032,S3-734611856,S3-779642627,S3-833424378,S3-866311700,S3-878079181,S3-922077992,S3-923706084
S1-606034416	S2-105913459,S2-121122975,S2-172475646,S2-201322975,S2-227019177,S2-246709075,S2-262606198,S2-26697424,S2-27391982,S2-292335754,S2-310699059,S2-359549629,S2-37521992,S2-398928707,S2-399522607,S2-505086652,S2-53095324,S2-60070530,S2-697967787,S2-797275788,S2-798016383,S2-841621186,S2-889749509,S2-892419737,S2-896587297,S2-907480604,S2-964197508,S3-22324102,S3-237656454,S3-335243331,S3-378298943,S3-380091899,S3-499497315,S3-830838530,S3-998628231
S1-511599958	S2-243126027,S2-596331849,S2-972895499,S3-106289459,S3-245768508,S3-543836731
S1-968599654	S2-308636331,S3-363754411,S3-413476035,S3-867868464
S1-908308724	S2-197953372,S2-253245428,S2-266437162,S2-334991974,S2-357511209,S2-366480050,S2-378660284,S2-399866773,S2-492589350,S2-504612567,S2-518859576,S2-600433503,S2-621897365,S2-650607812,S2-660091990,S2-767535321,S2-774316610,S2-778612308,S2-815315339,S2-840093914,S2-857812018,S2-876550689,S2-959349075,S3-161755914,S3-311928554,S3-344613341,S3-478293486,S3-559434817,S3-56301013,S3-595539211,S3-73180305,S3-792548532,S3-931877179,S3-957699670,S3-999512002
S1-710149190	S2-60796846,S3-868919904
S1-120396535	S2-169546802,S2-186080711,S2-229292282,S2-246287577,S2-29126792,S2-329252075,S2-340874994,S2-40073277,S2-42346903,S2-491931906,S2-533429272,S2-588695902,S2-63346157,S2-720050181,S2-823313134,S2-858260333,S2-908257933,S2-946239794,S3-25466273,S3-284933331,S3-342122461,S3-349896561,S3-393561881,S3-431342165,S3-545941916,S3-56022963,S3-580534416,S3-606339353,S3-644256772,S3-713274587,S3-791378915,S3-858958913,S3-8617717,S3-879206063
S1-107384007	S2-618593764,S3-731434111
S1-493243219	S3-137892345,S3-735348122,S3-824823298
S1-159951883	S2-156573872,S2-20605961,S2-210062866,S2-22986055,S2-277996470,S2-281025226,S2-285248484,S2-31818821,S2-320581764,S2-341455263,S2-399419463,S2-406945354,S2-448940065,S2-481071542,S2-48233411,S2-547557150,S2-582570386,S2-609161415,S2-662227064,S2-731163714,S2-823813982,S2-831323446,S2-835142245,S2-868127388,S2-884637854,S2-895840866,S2-900544727,S2-904176125,S2-950851985,S2-992686249,S2-99841727,S3-196193290,S3-560847801,S3-744431960,S3-814888495
S1-331538406	S2-279286807,S2-374038024,S2-542793063,S2-656873710,S2-781836094,S2-796474854,S3-108983925,S3-115704991,S3-160669569,S3-182890574,S3-21151979,S3-237395575,S3-259458283,S3-2610823,S3-269090604,S3-279719398,S3-336747262,S3-338218092,S3-45895204,S3-518222544,S3-592754160,S3-626431751,S3-718050643,S3-755221429,S3-839940533,S3-873882874
S1-261726983	S2-131606423,S2-138085185,S2-375677540,S2-617842496,S2-682080483,S2-935585902,S3-236630190,S3-246470648,S3-295108007,S3-451616196,S3-492039971,S3-503027078,S3-511664230,S3-517852687,S3-606690831,S3-614296147,S3-665301477,S3-6712284,S3-703916571,S3-830590140,S3-932190079
S1-510104716	S2-533280675,S2-689049050,S2-859923729,S3-441653673
S1-671006742	S2-730529305,S3-436848619,S3-543789245,S3-582990591
S1-153559765	S3-25113409,S3-760336227,S3-927742738
S1-655243944	S2-250099454,S2-253536276,S2-317701142,S2-490127701,S2-639668840,S2-875654390,S2-881386306,S2-901334823,S2-9243688,S2-965135891,S2-975209030,S2-987788937,S3-289893897,S3-314023886,S3-338328034,S3-455912056,S3-70783129,S3-773448579,S3-897530021
S1-978845068	
S1-659175866	S2-405356055,S3-235520529,S3-387776647,S3-52430000
S1-326503462	S2-49944750,S2-542161463,S3-613695736,S3-820579230
S1-9750168	S2-169129232,S3-997618515
S1-816099628	S2-551601984,S2-551913215,S2-566099391,S3-395951554,S3-610231308,S3-709733167,S3-763462955,S3-955450841
S1-166609944	S2-429123768,S2-991673471,S3-775010535,S3-912252220,S3-91858577
S1-885325753	S2-364378443,S2-820279250,S2-862529360,S3-367808282,S3-966459797
S1-852775221	S2-430487676,S2-435123543,S2-576428419,S2-644029227,S2-69755788,S2-70074734,S3-110349245,S3-115793707,S3-137174211,S3-150807003,S3-203549607,S3-241186702,S3-296240409,S3-303320006,S3-321128474,S3-322974564,S3-328821394,S3-35962365,S3-401336848,S3-475071565,S3-560791095,S3-642821429,S3-733903477,S3-735674792,S3-743592424,S3-805670560,S3-808125751,S3-885787619,S3-914411406
S1-394928776	S2-142550479,S2-167775591,S2-263158594,S2-267872800,S2-287660910,S2-361585498,S2-388389063,S2-443188528,S2-453254444,S2-458860562,S2-572648775,S2-584654166,S2-588004289,S2-611615974,S2-613033114,S2-651027670,S2-715670431,S2-764567958,S2-766597833,S2-799529721,S2-820207139,S2-875242013,S2-879728336,S2-885313615,S2-897360687,S2-90392132,S2-91003961,S2-913937007,S3-259631390,S3-451536720,S3-463158707,S3-468334870,S3-738731348,S3-793456964,S3-838999423
S1-33679216	S3-603605205,S3-980203975
S1-953545521	S2-178012926,S2-232490044,S2-480409113,S2-491312605,S3-451217093
S1-911672680	S2-130662011,S2-134068521,S2-21210516,S2-21686764,S2-320416778,S2-334153830,S2-403293711,S2-417703309,S2-421478196,S2-424074688,S2-487303318,S2-511658666,S2-567389681,S2-686359914,S2-745454428,S2-830634880,S2-902949763,S2-938295713,S2-970047503,S2-975393416,S3-207220815,S3-243450859,S3-289353728,S3-366875971,S3-407346259,S3-45762096,S3-501305950,S3-534105789,S3-646768022,S3-767735364,S3-786005686,S3-791722854,S3-86125233,S3-880608203,S3-907049814
S1-688253956	S2-150321982,S2-20100889,S2-229434487,S2-259107219,S2-298755393,S2-308860945,S2-381416319,S2-439958506,S2-468055683,S2-495426490,S2-509328231,S2-582371029,S2-755156637,S2-880181111,S2-960273699,S2-961415907,S3-163492874,S3-164014538,S3-167064286,S3-220562587,S3-246480970,S3-283997795,S3-390286010,S3-470906902,S3-472382215,S3-506001026,S3-561525141,S3-757640964,S3-833529867,S3-84870616,S3-875723263,S3-902050100,S3-911776789,S3-96877441,S3-981590643
S1-298371744	S2-335101704,S2-502426341,S2-81894707,S3-140879538
S1-10222665	S2-358886055,S3-435742722,S3-599611593,S3-759580237
S1-431962796	S2-624690197,S2-822482916,S3-230287276,S3-325898797,S3-707494753
S1-958358002	S2-295253343,S2-334803373,S2-404279811,S2-413978746,S2-516736166,S2-867126413,S2-96406827,S2-99859010,S3-129906398,S3-161097138,S3-272193615,S3-352945960,S3-367683292,S3-406420449,S3-497301111,S3-539672506,S3-915676955,S3-917410533,S3-967165288
S1-17273223	S2-32135349,S2-688091194,S3-503290558,S3-883734251
S1-798604530	S2-414631356,S3-509940827
S1-260786295	S2-148507622,S2-263623499,S2-308771257,S3-126821570,S3-460934251,S3-499502191,S3-584785197
S1-574271583	S2-308807234,S2-567264163,S2-626684761
S1-536974738	S2-15538892,S2-163907414,S2-187648463,S2-209966010,S2-31495493,S2-43587955,S2-454756088,S2-467699852,S2-488842690,S2-520229980,S2-525390784,S2-554758433,S2-585132276,S2-631975485,S2-671061897,S2-695255656,S2-781532039,S2-797403279,S2-804096484,S2-891724637,S3-14411598,S3-290935183,S3-312828212,S3-313623455,S3-501559207,S3-509162315,S3-515914744,S3-614161266,S3-664975636,S3-744588467,S3-783274386,S3-818961399,S3-866706087,S3-86836573,S3-973042357
S1-683515854	S2-283112567,S2-406130909,S2-434073238,S2-569860965,S2-597139895,S3-145863982,S3-217613117,S3-230949869,S3-357534361,S3-406939248,S3-532594506,S3-805908225,S3-970016712
S1-658885004	S2-61592759,S2-747831792,S2-77747369,S2-941044225,S3-391261306,S3-849187368,S3-943938430
S1-274126313	S2-51486805,S2-680265918,S2-736616474,S3-461169176,S3-461175723,S3-494527226,S3-850112871,S3-925631694
S1-70043295	S2-444059466,S2-561874334,S2-587062138,S2-795477703,S3-467746072,S3-755461019
S1-804634352	S2-118654969,S2-123102552,S2-123907445,S2-221369333,S2-226758568,S2-298615086,S2-411750648,S2-480315914,S2-710082259,S2-731831807,S2-77284617,S2-790425886,S2-85820812,S2-867823269,S2-87977816,S3-301481867,S3-382064174,S3-441774008,S3-503394121,S3-506349597,S3-516363421,S3-649235994,S3-66780748,S3-771795745,S3-813455390,S3-839987822,S3-989717999
S1-243930232	S2-337942322,S2-950290299,S3-338228632
S1-347639856	S2-549696851,S3-355445032,S3-74869075
S1-854284989	S2-54609117,S2-551453076,S2-580208171,S2-786417426,S2-836589646,S2-956658428,S3-317013910,S3-324443283,S3-421869378,S3-578194741,S3-676690737,S3-690859996
S1-764746653	S3-390989711,S3-803270467
S1-485414585	S2-333748173,S3-122687142,S3-425803841,S3-665243166,S3-730989427
S1-517243718	S2-109795050,S2-62326821,S2-948791610,S3-13978070,S3-318626968
S1-542407941	S2-142550479,S2-167775591,S2-263158594,S2-267872800,S2-287660910,S2-361585498,S2-388389063,S2-443188528,S2-453254444,S2-458860562,S2-572648775,S2-584654166,S2-588004289,S2-611615974,S2-613033114,S2-651027670,S2-715670431,S2-764567958,S2-766597833,S2-799529721,S2-820207139,S2-875242013,S2-879728336,S2-885313615,S2-897360687,S2-90392132,S2-91003961,S2-913937007,S3-259631390,S3-451536720,S3-463158707,S3-468334870,S3-738731348,S3-793456964,S3-838999423
S1-178800424	S2-159685752,S2-197971996,S2-23183100,S2-23906512,S2-360913282,S2-396086142,S2-500420598,S2-728392916,S2-822042025,S2-873614553,S2-919981612,S2-970682825,S3-245086490,S3-361366846,S3-448185782,S3-530330775,S3-643883815,S3-734591480,S3-742586482,S3-780625122,S3-891266455,S3-900652028,S3-94550626,S3-960849739,S3-982459134
S1-299773245	S2-72392493,S3-337941716,S3-460127726,S3-594387888
S1-382680258	S2-47230496,S3-247836878
S1-11627159	S2-121381055,S2-14461671,S2-153404729,S2-198863718,S2-232490044,S2-252623679,S2-255122739,S2-285260766,S2-429934193,S2-475161347,S2-516007752,S2-52983709,S2-567268382,S2-574183114,S2-649722676,S2-666235437,S2-679625068,S2-755422053,S2-775511888,S2-81915747,S2-833849412,S2-860136722,S2-89923888,S2-902028636,S2-902843744,S2-905679603,S2-94421348,S3-18304832,S3-242913124,S3-280241076,S3-515296015,S3-793628788,S3-81804477,S3-848221265,S3-870527398
S1-300289723	S2-511478461,S2-525313782,S2-57664490,S2-775973920,S3-110082597,S3-291285469,S3-393899216,S3-436985986,S3-702330052,S3-717653834,S3-918851466
S1-748107569	S2-367005874,S2-785304586,S3-275446284,S3-974622214
S1-292900819	S2-285810778,S2-752874267,S2-935808193,S3-330657023,S3-511058262
S1-400465176	S2-215257035,S2-368532205,S2-380283155,S2-504611800,S2-729610875,S2-799748371,S2-819298917,S2-866687990,S2-993497404,S3-144302503,S3-144935392,S3-15163201,S3-180606404,S3-280594698,S3-405390063,S3-45879646,S3-502652112,S3-518183833,S3-863827301,S3-871477485,S3-95154899
S1-575158793	S2-155798618,S2-171818402,S2-46257294,S2-749979646,S2-826854820,S2-874300009,S2-889279675,S3-143254989,S3-159288836,S3-160907448,S3-360297174,S3-657350219,S3-749935778,S3-887568381,S3-900204886,S3-999871105
S1-882213843	S2-151437622,S2-214084079,S2-235175535,S2-244199728,S2-256814214,S2-313883888,S2-376437903,S2-393369363,S2-397641530,S2-426683016,S2-438605806,S2-462119129,S2-556071304,S2-557031545,S2-605350174,S2-632922146,S2-759114743,S2-850493755,S2-90119518,S2-914514330,S3-131347113,S3-201486043,S3-334379933,S3-490701147,S3-501425410,S3-550185556,S3-587086752,S3-606497358,S3-640440086,S3-659330414,S3-662003974,S3-750026852,S3-76932731,S3-788662951,S3-924583075
S1-73266388	S2-894725743,S3-401668889,S3-448329295,S3-612037826,S3-685521228,S3-928505846
S1-3892247	S2-105591933,S2-785445145,S3-343324038,S3-60504713
S1-644319783	S2-652669800,S2-658391185,S3-678832069
S1-798071102	S2-461202461,S2-534031952,S3-100334786,S3-144804925,S3-187317992,S3-23247872,S3-85201670
S1-25801510	S2-394006831,S2-581258162,S2-675257135,S3-484758283,S3-861049851
S1-704070992	S2-18894308,S2-483893032,S3-435938668,S3-629022248,S3-670016217,S3-674050325
S1-304116959	S2-140724632,S2-156573872,S2-20605961,S2-210062866,S2-22986055,S2-277996470,S2-281025226,S2-285248484,S2-31818821,S2-320581764,S2-341455263,S2-399419463,S2-448940065,S2-456934782,S2-481071542,S2-48233411,S2-547557150,S2-582570386,S2-609161415,S2-662227064,S2-731163714,S2-823813982,S2-831323446,S2-835142245,S2-868127388,S2-884637854,S2-895840866,S2-900544727,S2-904176125,S2-950851985,S2-992686249,S2-99841727,S3-242131698,S3-316672413,S3-968500624
S1-666499407	
S1-185491325	S2-114803651,S2-156719146,S2-277316319,S2-410963764,S2-436009197,S2-65755767,S2-692542191,S2-775062568,S2-983995539,S3-272737741,S3-429716891,S3-661297563,S3-92715799,S3-939158732,S3-946165958,S3-998485304
S1-605002576	S2-306446692,S3-170668442
S1-107023539	S2-753320574
S1-986669870	S2-339664985,S2-36258717,S2-371999426,S2-433203473,S2-437213172,S2-454483045,S2-454597630,S2-480672999,S2-568385282,S2-726966483,S2-859876492,S2-885688618,S2-907618496,S2-991413150,S3-219568160,S3-284772274,S3-580009558,S3-658560966,S3-678022396,S3-907936268,S3-933668196,S3-965399571
S1-994856538	S2-23075265,S2-656069398,S2-857959104,S3-419708185,S3-643687320,S3-657205470
S1-839661205	S2-117955411,S2-237114,S2-249651604,S2-251721185,S2-335061475,S2-339113111,S2-341011019,S2-34107264,S2-432313044,S2-470479244,S2-548700789,S2-576816251,S2-596331849,S2-600829269,S2-608008769,S2-674558752,S2-681085350,S2-703976439,S2-749468029,S2-756848974,S2-790539347,S2-805166932,S2-815246923,S2-81957525,S2-83675330,S2-915515104,S3-200853205,S3-247609615,S3-253689376,S3-309891655,S3-343498582,S3-346071531,S3-446980961,S3-758280839,S3-829119803
S1-82820917	S2-105538271,S2-195753628,S2-301790605,S2-52115458,S2-602839471,S2-650740364,S2-729703162,S2-818097853,S2-924782473,S3-32297663,S3-566083295,S3-604264304,S3-805702580,S3-854555958,S3-86798127,S3-899812702,S3-966325464
S1-837264242	S2-254503072,S2-288988475,S2-76961843,S3-231894450,S3-936718471
S1-150681360	S2-820677859,S3-560930929
S1-661293113	S2-105340806,S2-110330823,S2-142047567,S2-18898775,S2-211414877,S2-23844841,S2-273284707,S2-350487755,S2-374452698,S2-401480583,S2-442489544,S2-50765682,S2-549452883,S2-616495682,S2-644236550,S2-764567958,S2-794888021,S2-871842149,S2-895344296,S2-981186279,S3-169401038,S3-220185394,S3-224709514,S3-23760856,S3-353828820,S3-499852081,S3-812895334,S3-81959282,S3-84732027,S3-870664415
S1-83813770	S2-196132237,S2-32145026,S2-72430512,S2-762856523,S2-800964257,S3-512007172
S1-691899933	S2-923049403,S3-144618016
S1-555737979	S2-112125675,S2-156886638,S2-190895424,S2-22391750,S2-285704094,S2-424292,S2-440328259,S2-500189197,S2-619707851,S2-765500135,S2-766284534,S2-778888972,S2-783107139,S2-831647129,S2-884156972,S2-90213471,S2-90794520,S2-927661646,S2-93459822,S2-94442442,S2-988228571,S2-999053505,S3-149943641,S3-278546786,S3-363775441,S3-378787817,S3-400472893,S3-42025062,S3-57336374,S3-58534173,S3-664210786,S3-674388904,S3-710881528,S3-793215927,S3-875714198
S1-423333394	S2-124089263,S2-13096182,S2-196684456,S2-333604697,S2-50890721,S2-512862501,S2-519910408,S2-64218504,S2-664357232,S2-749061837,S2-838471439,S2-90154375,S2-963679620,S3-131841806,S3-182307210,S3-261416111,S3-261533299,S3-367030145,S3-424231009,S3-550392794,S3-556463948,S3-70499720,S3-707773058,S3-830970141,S3-889389857,S3-915559121,S3-921492267,S3-931208363,S3-95624694,S3-9648333
S1-425128718	S2-646495109,S2-707289303,S2-715233606,S2-89273229,S2-954742978,S2-983318792,S3-167710208,S3-565421484,S3-664574722,S3-779993239,S3-90360043
S1-204552244	S2-136972900,S2-154102797,S2-176034363,S2-22391750,S2-249688648,S2-251558083,S2-304562241,S2-379588018,S2-469412047,S2-479181098,S2-489125381,S2-593117235,S2-602769666,S2-731066709,S2-788245208,S2-803353102,S2-821967722,S2-869040543,S2-94442442,S2-952678608,S2-954201105,S2-988228571,S3-165309032,S3-20638299,S3-250537420,S3-31977274,S3-379025755,S3-473977203,S3-608619498,S3-654758503,S3-779182918,S3-891847666,S3-905677362,S3-916484684,S3-998314844
S1-647303857	S2-164155305,S2-175362050,S2-288443607,S2-299640307,S2-446106239,S2-503625572,S2-508111862,S2-886131666,S2-887165055,S2-895081043,S2-904826614,S2-92663671,S3-141444771,S3-216194788,S3-325254367,S3-34799181,S3-388747679,S3-631671911,S3-654519924,S3-66207499,S3-66860585,S3-711838591,S3-764795401,S3-775700958,S3-804091064,S3-830130228,S3-97255673
S1-200244116	S2-282103689,S2-409944984,S2-72546078,S2-881464385,S2-993679313,S3-205680705
S1-545946302	S2-138492196,S2-196701374,S2-284844649,S2-28814628,S2-346604707,S2-440200685,S2-460136490,S2-484928805,S2-513122313,S2-513714827,S2-598443398,S2-653851340,S2-670002638,S2-676083081,S2-709013347,S2-96278312,S3-105624197,S3-188402953,S3-196044535,S3-294103122,S3-314512434,S3-336045709,S3-36044583,S3-413139997,S3-425044518,S3-481637349,S3-486806366,S3-520022527,S3-625715991,S3-626535046,S3-634002678,S3-735727877,S3-781484477,S3-859356554,S3-942216360
S1-979504798	S2-162514311,S3-323153954,S3-870973153
S1-102811957	S2-241685542,S2-478959098,S2-516387669,S2-553508714,S2-592241129,S2-625774905,S3-449308785,S3-728090388,S3-928796641
S1-845572771	
S1-8713989	S2-37189974,S3-20459433,S3-58380591,S3-588750081,S3-817876291
S1-428981437	S2-100393828,S2-248977143,S2-268697328,S2-348122696,S2-36367458,S2-373678906,S2-40327099,S2-466217356,S2-471154795,S2-478116399,S2-517545221,S2-536811066,S2-599943670,S2-714688585,S2-725424033,S2-732056002,S2-770131583,S2-772510390,S2-797750820,S2-853967561,S2-884366351,S2-953485582,S2-971027861,S2-97731459,S3-148406273,S3-168564211,S3-182430622,S3-437412670,S3-608740521,S3-645384746,S3-749630201,S3-801491022,S3-820523170,S3-825828743,S3-97880220
S1-164824018	S2-473831507,S2-653231350,S2-680044356,S3-316016655,S3-405555985,S3-902436610
S1-729963974	S2-104524634,S2-134958859,S2-167066861,S2-195761214,S2-204003026,S2-211182661,S2-229315248,S2-248944678,S2-252035179,S2-254788701,S2-263273654,S2-279857860,S2-293206846,S2-331492553,S2-332155353,S2-45724657,S2-468610536,S2-508602353,S2-659345862,S2-674694354,S2-687087140,S2-71227189,S2-718979866,S2-742191837,S2-748833051,S2-774512583,S2-817680963,S2-846556799,S2-895820835,S2-899248471,S2-925511054,S3-289365741,S3-365385967,S3-690547751,S3-902040254
S1-569530967	S2-106705001,S2-129089216,S2-629001704,S2-671396424,S2-897460416,S2-955863783,S2-968093817,S3-10840691,S3-164430307,S3-200036460,S3-235054036,S3-258623917,S3-287294650,S3-347085559,S3-539769943,S3-58853858,S3-59429240,S3-612664776,S3-638661696,S3-810320845,S3-837349726,S3-906250099
S1-28154358	S2-130585632,S2-204635595,S2-208132087,S2-224195048,S2-259335423,S2-266502013,S2-283352447,S2-394372351,S2-404428286,S2-477791059,S2-507782361,S2-612006783,S2-664282702,S2-664728816,S2-707990084,S2-745292311,S2-885479012,S2-894184868,S3-205669987,S3-24346534,S3-244951176,S3-288809186,S3-323166100,S3-362974038,S3-41238621,S3-505088040,S3-509307838,S3-663428407,S3-718364961,S3-752369595,S3-790967150,S3-895144762,S3-937656596,S3-971058663,S3-988020306
S1-240811681	S2-496688276,S2-572789911,S2-628827081,S3-899799208,S3-950589861
S1-343815751	S2-479876582,S2-790675320,S3-878454467
S1-230304885	S2-14185849,S2-244340971,S2-373985485,S2-678257100,S3-547897454,S3-662694126,S3-803025017
S1-45260965	S3-218916657,S3-253950029,S3-339187428,S3-602719548,S3-722543767,S3-823804959
S1-790965203	S2-100644535,S2-142179700,S2-181851707,S2-52191434,S2-565777010,S2-789193073,S2-896450276,S2-992081072,S3-154873084,S3-232387152,S3-475451387,S3-521832759,S3-530170498,S3-604030050,S3-785396649,S3-941343514
S1-40559296	S2-594219145,S2-631181918,S2-675029411,S3-579754263,S3-74165963,S3-962179095
S1-576056148	S2-151437622,S2-214084079,S2-235175535,S2-244199728,S2-256814214,S2-313883888,S2-376437903,S2-393369363,S2-397641530,S2-426683016,S2-438605806,S2-462119129,S2-556071304,S2-557031545,S2-605350174,S2-632922146,S2-759114743,S2-850493755,S2-90119518,S2-914514330,S3-131347113,S3-201486043,S3-302801957,S3-334379933,S3-396766453,S3-490701147,S3-501425410,S3-550185556,S3-587086752,S3-606497358,S3-633717330,S3-640440086,S3-659330414,S3-662003974,S3-986414253
S1-437921408	S2-12299829,S2-16445832,S2-239334407,S2-370894367,S2-395208351,S2-491554085,S2-658932071,S2-717070452,S2-796668907,S2-880101195,S2-895002457,S3-168678470,S3-7132224,S3-947666185
S1-757724109	S2-1173491,S2-159699565,S2-196975670,S2-419844886,S2-426281684,S2-428030759,S2-593553372,S2-653447605,S2-849395615,S2-897419904,S3-140433585,S3-18699851,S3-194267524,S3-356556655,S3-444227012,S3-576691112,S3-727341069,S3-772631373,S3-804600254,S3-85523430,S3-919907997,S3-939463833,S3-955075928
S1-812323348	S2-425669908,S2-908228412,S3-439462603
S1-741937259	S2-767782635,S3-167906319,S3-196963273,S3-738890866,S3-902008087
S1-777597828	S2-107329180,S2-51571569,S2-561416780,S2-666083284,S2-782702799,S2-830814134,S2-836452886,S2-865749305,S2-917280412,S3-167872453,S3-363924279,S3-413669121,S3-574665074,S3-617979991,S3-662587413,S3-768713726,S3-886369860,S3-902571451,S3-906493520,S3-982286178
S1-473219328	S2-483715290,S2-782334499,S2-82758885,S3-161906939,S3-217805568,S3-355443810,S3-593045847
S1-29547169	S2-575089556,S3-30650329,S3-468090717,S3-751486499,S3-800396544,S3-800462422
S1-335017093	S2-697716048,S3-243775466,S3-303562385,S3-573600759,S3-787626118
S1-903118861	S2-417313631,S3-465613400,S3-742465907
S1-347219845	S2-369921699,S2-643005961,S2-752659485,S2-837872287,S3-557707413
S1-389169117	S2-103841553,S2-140384695,S2-172597897,S2-191094820,S2-358380846,S2-410639572,S2-46610444,S2-489333793,S2-534908467,S2-570375086,S2-602246901,S2-612145863,S2-660771029,S2-746019177,S2-765028847,S2-768946792,S2-788932597,S2-816643563,S2-829774919,S2-88471049,S2-996573898,S3-123939735,S3-336995039,S3-340705689,S3-423576903,S3-42392906,S3-443182900,S3-498027647,S3-592653089,S3-628494086,S3-769947589,S3-83546187,S3-863744133,S3-892511712,S3-906774237
S1-23856434	S3-573619551
S1-695566958	S2-14975830,S2-160477274,S2-206131377,S2-221481547,S2-34548715,S2-349064004,S2-353459001,S2-365141980,S2-368016487,S2-369784092,S2-372878967,S2-409908460,S2-423838997,S2-534412165,S2-543049878,S2-568502146,S2-588495515,S2-616874888,S2-672315303,S2-686235925,S2-739798900,S2-814158570,S2-814738016,S2-896656577,S2-943978912,S2-961304035,S2-961810110,S2-995474190,S2-998197939,S3-247104730,S3-257476923,S3-346286668,S3-441239023,S3-684131476,S3-69332653
S1-136601270	S2-221482573,S2-2423540,S2-284122180,S2-446049429,S2-630538606,S2-725764342,S2-765762046,S2-799357183,S2-910449626,S2-995444276,S3-111088713,S3-142105456,S3-162285797,S3-181978313,S3-311795383,S3-354253397,S3-387800635,S3-449970897,S3-472170671,S3-519366815,S3-528215134,S3-805397667,S3-81892603,S3-995761797
S1-214119211	S2-114643127,S2-170100406,S2-186467125,S2-2925900,S2-313706159,S2-315036816,S2-378659927,S2-426435110,S2-430675029,S2-431346739,S2-436744512,S2-458585786,S2-528473005,S2-579152737,S2-5802395,S2-583482592,S2-654003376,S2-68748027,S2-702366846,S2-728896995,S2-744685697,S2-802426321,S2-875893829,S2-894769041,S2-918744953,S2-930598605,S2-935748931,S3-250069925,S3-294100884,S3-597423831,S3-689949010,S3-803933787,S3-828723558,S3-84736614,S3-991936179
S1-89209690	S2-191224095,S2-410989478,S2-502574545,S2-505640676,S2-510581586,S2-512630762,S2-634135967,S2-705887489,S2-756763349,S2-764699807,S2-769594382,S2-80654035,S2-822298786,S2-824701381,S3-109917852,S3-150432730,S3-326270100,S3-326466159,S3-425999875,S3-622171422,S3-835349559,S3-842389689,S3-914027398,S3-917654928,S3-926443505
S1-378581442	S3-102862017,S3-174266035,S3-286358614
S1-251291044	S2-105004684,S2-113674828,S2-123349497,S2-134281412,S2-143816536,S2-179463928,S2-195823359,S2-236753378,S2-280086857,S2-326384163,S2-381716954,S2-426324794,S2-470036118,S2-472011237,S2-49852380,S2-555030699,S2-661106608,S2-675394479,S2-695007731,S2-70247599,S2-727709302,S2-749061837,S2-762897852,S2-764601805,S2-770050246,S2-800210383,S2-829591643,S2-846496174,S2-850598644,S2-885978611,S2-892877711,S2-9053863,S2-916914401,S2-951545019,S2-959132099
S1-10092319	S2-304368900,S2-431537309,S2-626515634,S3-246983425,S3-693934269
S1-341886281	S2-241388357,S2-902333100,S3-622694988
S1-317054463	S2-148448999,S2-650692524,S3-647736576
S1-543760819	S2-808631729,S2-829732434,S2-903827467,S2-913718589,S3-462001538,S3-783146866,S3-822977624
S1-836117858	S2-622161281,S3-424713380
S1-170538959	S3-337845390,S3-374174773,S3-513145262,S3-821601911
S1-453879293	S2-166379583,S2-301969165,S2-769320396,S3-428197164,S3-986523464
S1-284938229	S2-224201763,S2-377640723,S2-647640576,S2-711906490,S2-751644079,S2-86619877,S2-922150401,S2-94442181,S3-142602324,S3-155425282,S3-216815698,S3-271646714,S3-517364994,S3-53354920,S3-769824375,S3-770888965,S3-830237412,S3-949307490
S1-13723036	S2-176395527,S2-21549661,S2-227623392,S2-255982806,S2-358109825,S2-376740439,S2-547277076,S2-557852753,S2-610036318,S2-614976102,S2-771338473,S2-77785241,S2-792858779,S2-921813303,S2-97451191,S3-101257463,S3-132997079,S3-17743887,S3-206207320,S3-31525893,S3-324010586,S3-346164050,S3-532511365,S3-542465868,S3-606892214,S3-69661333,S3-80911626,S3-858532515,S3-865686833,S3-892743769,S3-90065855,S3-992482227,S3-997878268
S1-606109978	S2-184336560,S2-610056886,S2-659618926,S2-791286938,S2-814891313,S2-850087112,S3-175823786,S3-182531873,S3-23398472,S3-27940543,S3-303237947,S3-531629720,S3-5564250,S3-558509835,S3-640997844,S3-69040691,S3-859710598,S3-960645266,S3-962734580
S1-857664588	S2-20913035,S2-384700865,S2-502075310,S2-508255491,S2-62186167,S2-724807154,S2-80605195,S2-856953420,S2-858914354,S2-894769041,S2-909876879,S3-172928912,S3-2744303,S3-371655030,S3-429716891,S3-483249593,S3-53189464,S3-534700042,S3-551012307,S3-945343881,S3-955341599
S1-738071841	S2-216003245,S2-525321939,S3-656325628
S1-296476213	S2-114643127,S2-170100406,S2-186467125,S2-2925900,S2-313706159,S2-315036816,S2-378659927,S2-426435110,S2-430675029,S2-431346739,S2-436744512,S2-458585786,S2-528473005,S2-579152737,S2-5802395,S2-583482592,S2-654003376,S2-68748027,S2-702366846,S2-728896995,S2-744685697,S2-802426321,S2-875893829,S2-894769041,S2-930598605,S2-935748931,S3-250069925,S3-294100884,S3-597423831,S3-689949010,S3-803933787,S3-828723558,S3-84736614,S3-901069196,S3-991936179
S1-772737756	S2-62666726,S2-841453770,S2-880959775,S3-341550861,S3-695659665,S3-73995214
S1-813444083	S2-13497347,S2-140513543,S2-141016681,S2-188794062,S2-280373103,S2-346798261,S2-358334073,S2-36962093,S2-39999297,S2-433178586,S2-499164125,S2-499218989,S2-540973913,S2-553335027,S2-576015089,S2-683742345,S2-801579698,S2-856017692,S2-866510554,S2-939124201,S2-953105721,S3-203519994,S3-277822614,S3-285306238,S3-287780537,S3-303387212,S3-399942107,S3-439667182,S3-447446614,S3-62104368,S3-628270451,S3-695731244,S3-783151738,S3-865456564,S3-961847038
S1-88621243	S2-150691203,S2-295834792,S2-348159247,S2-430289783,S2-474312202,S2-748630471,S3-105526331,S3-312407939,S3-396330626,S3-493949262,S3-682837814,S3-702274705,S3-952850428
S1-973731236	S2-135390994,S2-331544324,S2-737853111,S2-91933930,S3-202684359,S3-223359212,S3-804923215
S1-95631098	S2-396676093,S2-460414447,S2-501229096,S2-545893723,S2-655364337,S2-923974887,S3-413399538,S3-485547199,S3-49710165,S3-589219360,S3-789933231,S3-864807199
S1-347825718	S2-294426720,S2-299062530,S2-398512842,S2-491500280,S2-817772536,S2-896583868,S3-121180327,S3-438518302,S3-516911666,S3-550999520,S3-705922520
S1-237177847	S2-143131183,S2-33420110,S2-619979022,S2-665077604,S2-890061745,S2-978200559,S3-122895299,S3-211582272,S3-538637647
S1-33745503	S2-220028154,S3-218616693,S3-774556416
S1-574308285	S2-150321982,S2-20100889,S2-229434487,S2-259107219,S2-298755393,S2-308860945,S2-381416319,S2-439958506,S2-468055683,S2-495426490,S2-509328231,S2-582371029,S2-755156637,S2-880181111,S2-960273699,S2-961415907,S3-163492874,S3-164014538,S3-167064286,S3-220562587,S3-246480970,S3-283997795,S3-390286010,S3-470906902,S3-472382215,S3-506001026,S3-561525141,S3-757640964,S3-833529867,S3-84870616,S3-875723263,S3-902050100,S3-911776789,S3-96877441,S3-981590643
S1-190941677	S2-170049056,S2-322682522,S2-336897472,S2-356051898,S2-379425657,S2-441958415,S2-466481676,S2-480284826,S2-481372376,S2-515705391,S2-571214983,S2-580834617,S2-666942371,S2-689536208,S2-725093511,S2-833978396,S2-85687046,S2-875902241,S2-897385920,S2-920468414,S2-993098565,S3-122684633,S3-139500345,S3-144899559,S3-165435576,S3-376769524,S3-399882901,S3-515397965,S3-696280684,S3-809187789,S3-826721710,S3-852538491,S3-855660375,S3-945438091,S3-962847375
S1-75337893	S2-261132115,S2-400177131,S2-527915576,S2-557188629,S2-62186167,S2-64375977,S2-683185201,S2-808291368,S2-840437614,S2-895463394,S2-899616853,S2-928746985,S2-970334548,S3-101066411,S3-104477855,S3-192629858,S3-22112638,S3-281880953,S3-358148515,S3-384297549,S3-447492110,S3-545473447,S3-813301403,S3-834146103,S3-942333032
S1-818138854	S2-176420298,S3-162382514,S3-977017584
S1-21947145	S2-493042595,S3-681323764,S3-755318884
S1-420343429	S2-360788603,S2-372172880,S2-394571120,S2-51574598,S2-556469960,S2-581508866,S2-708757485,S2-986940248,S3-188354063,S3-22679509,S3-232519749,S3-243209227,S3-382868122,S3-41801400,S3-525239074,S3-533981091,S3-548199504,S3-562383456,S3-607060939,S3-63271265,S3-717541835,S3-973816063
S1-8412929	S2-145889845,S2-153555569,S2-161077029,S2-240200643,S2-303133875,S2-353041794,S2-384151706,S2-44445555,S2-468278119,S2-514317379,S2-529933432,S2-577551744,S2-608520307,S2-707792550,S2-729664916,S2-788333626,S2-813588229,S2-90986584,S3-114686337,S3-153670200,S3-15575692,S3-34190575,S3-501325834,S3-54408554,S3-545116891,S3-578691751,S3-606226483,S3-621376750,S3-645300049,S3-66104711,S3-735360999,S3-76037,S3-80542553,S3-853594839,S3-859802729
S1-307962633	S2-136507770,S2-22544434,S2-242802870,S2-345480531,S2-43113841,S2-604871582,S2-622879631,S2-791815488,S2-824967636,S2-875721956,S2-885755783,S3-116867893,S3-152251935,S3-345534271,S3-888421770
S1-72310418	S2-11779506,S3-570980846,S3-731160199
S1-635555544	S2-105913459,S2-121122975,S2-172475646,S2-201322975,S2-227019177,S2-246709075,S2-262606198,S2-26697424,S2-27391982,S2-292335754,S2-310699059,S2-359549629,S2-37521992,S2-398928707,S2-399522607,S2-505086652,S2-53095324,S2-60070530,S2-697967787,S2-797275788,S2-798016383,S2-841621186,S2-889749509,S2-892419737,S2-896587297,S2-907480604,S2-915857752,S2-964197508,S3-22324102,S3-237656454,S3-335243331,S3-380091899,S3-499497315,S3-830838530,S3-998628231
S1-485642352	S2-147852121,S2-15275449,S2-415823112,S2-730981344,S2-887223668,S2-977848238,S3-232397205,S3-25549445,S3-267245809,S3-319078308,S3-400569236,S3-471125389,S3-506186292,S3-808633896,S3-827791026,S3-901978163,S3-94498484,S3-984114240
S1-6034061	S2-875808887,S3-237030121
S1-318373630	S2-1173491,S2-159699565,S2-196975670,S2-419844886,S2-426281684,S2-428030759,S2-593553372,S2-653447605,S2-849395615,S2-897419904,S3-140433585,S3-18699851,S3-194267524,S3-444227012,S3-576691112,S3-727341069,S3-772631373,S3-804600254,S3-85523430,S3-919907997,S3-939463833
S1-86469552	S2-210158003,S2-328039185,S2-431266199,S2-440089855,S2-556977592,S2-801469062,S2-881232201,S2-8945789,S2-97095074,S2-986520712,S3-116546042,S3-220000395,S3-232094800,S3-300532468,S3-479224552,S3-56883172,S3-596663710,S3-618780279,S3-918163916
S1-248463846	S2-181016662,S2-39205723,S2-471425283,S2-563109118,S3-716419381
S1-203630413	S2-430487676,S2-435123543,S2-576428419,S2-644029227,S2-69755788,S2-70074734,S3-110349245,S3-115793707,S3-137174211,S3-150807003,S3-203549607,S3-241186702,S3-296240409,S3-303320006,S3-321128474,S3-322974564,S3-328821394,S3-35962365,S3-401336848,S3-475071565,S3-560791095,S3-642821429,S3-733903477,S3-735674792,S3-743592424,S3-805670560,S3-808125751,S3-885787619,S3-914411406
S1-275306807	S2-224977782,S2-836548500,S3-128140288,S3-491987278,S3-54841345
S1-136081707	S2-105653685,S2-126996401,S2-214274250,S2-241710484,S2-264122343,S2-297742460,S2-327738915,S2-373348935,S2-417444015,S2-548790302,S2-574594930,S2-613871000,S2-627541174,S2-667179892,S2-728540724,S2-753500593,S2-767142912,S2-791270538,S2-793959149,S2-817315055,S2-901110690,S2-943951166,S2-965980442,S2-97621221,S2-994439780,S3-159963919,S3-198554090,S3-303035620,S3-392125709,S3-416517641,S3-494852042,S3-53196875,S3-561431230,S3-602669802,S3-82340260
S1-587750075	S2-360484968,S2-590227135,S2-79401328,S3-402274047,S3-787800027,S3-851944476
S1-618676054	S2-248107822,S2-357014902,S2-803657153,S3-504013768,S3-72189219,S3-754539339,S3-822540852,S3-841214085
S1-165937999	S3-716931273,S3-766423819,S3-87467790
S1-115576618	S2-141277559,S2-146519138,S2-17186006,S2-193721867,S2-212559055,S2-248363989,S2-310772102,S2-38991604,S2-472151404,S2-494685151,S2-512849705,S2-532157362,S2-5341748,S2-541748572,S2-602361852,S2-613412664,S2-627881801,S2-670086555,S2-675960977,S2-701601144,S2-817657114,S2-886947928,S2-907281612,S2-91953344,S2-92846671,S2-96233253,S3-348113766,S3-349647936,S3-428510691,S3-432004270,S3-550975295,S3-573142048,S3-660400984,S3-765518833,S3-835885556
S1-736418916	S2-119592743,S2-262713213,S2-271186953,S2-458035790
S1-627027654	S2-130583169,S2-15802375,S2-192948129,S2-245131547,S2-269148212,S2-305093949,S2-335618513,S2-336379980,S2-418259612,S2-440897587,S2-489738117,S2-567669943,S2-603071611,S2-626967195,S2-742406486,S2-755541671,S2-77137939,S2-815616820,S2-884737926,S2-977919046,S3-138257740,S3-146156664,S3-254035959,S3-331856526,S3-359795187,S3-383204019,S3-403979964,S3-458126061,S3-581112562,S3-618422773,S3-636847368,S3-637473718,S3-718919501,S3-829639218,S3-907710750
S1-469424334	S2-852619238,S2-886774968,S3-415691239
S1-793898732	S2-432633902,S3-618160862
S1-41090804	S2-101634603,S2-171389478,S2-253262956,S2-286365108,S2-298507312,S2-33579769,S2-37747931,S2-399075342,S2-405772848,S2-493068616,S2-501697329,S2-542198240,S2-583964452,S2-588246207,S2-589615634,S2-606670367,S2-699555547,S2-851316528,S2-855958744,S2-917092681,S3-126568401,S3-308752901,S3-508960115,S3-583337283,S3-600813695,S3-615135340,S3-736730454,S3-778040093,S3-813072629,S3-853419211,S3-929273485,S3-951554137,S3-979318630
S1-937356823	S2-360788603,S2-372172880,S2-394571120,S2-51574598,S2-556469960,S2-581508866,S2-708757485,S2-986940248,S3-188354063,S3-22679509,S3-232519749,S3-243209227,S3-382868122,S3-41801400,S3-525239074,S3-533981091,S3-548199504,S3-562383456,S3-607060939,S3-63271265,S3-717541835,S3-973816063
S1-729213488	S2-296853551,S2-551601984,S2-566099391,S2-8781780,S3-479841048,S3-610231308,S3-709733167,S3-763462955,S3-955450841
S1-445868199	S2-104524634,S2-134958859,S2-167066861,S2-195761214,S2-204003026,S2-211182661,S2-229315248,S2-248944678,S2-252035179,S2-254788701,S2-263273654,S2-279857860,S2-293206846,S2-331492553,S2-332155353,S2-45724657,S2-468610536,S2-508602353,S2-659345862,S2-674694354,S2-687087140,S2-71227189,S2-718979866,S2-742191837,S2-748833051,S2-774512583,S2-817680963,S2-846556799,S2-872518576,S2-895820835,S2-899248471,S2-925511054,S3-365385967,S3-690547751,S3-902040254
S1-267071757	S2-167880419,S2-367237866,S2-418844166,S2-49680847,S2-618844064,S2-657355752,S2-884845385,S3-135063094,S3-192367257,S3-218984238,S3-243030748,S3-304299787,S3-31256465,S3-517160004,S3-664968319,S3-674167,S3-778802724
S1-975764194	S2-233356748,S2-425168745,S2-581736659,S2-851208599,S2-880911218,S3-140415792,S3-30868742,S3-342927813,S3-409201893,S3-541599774,S3-568220636,S3-577325097,S3-624258071,S3-669563164,S3-728999429,S3-863359627
S1-289148559	S2-27782402,S2-625374950,S2-645073511,S3-866289633,S3-974358206
S1-247776121	S2-185005085,S2-214755547,S2-219369675,S2-247201503,S2-259566795,S2-325177361,S2-381669046,S2-432118565,S2-46490128,S2-651967616,S2-658677975,S2-69236262,S2-742699969,S2-867573251,S2-884338441,S2-924322801,S2-939315713,S2-968620336,S2-969898980,S3-151130234,S3-190912229,S3-26981744,S3-275459248,S3-295552127,S3-329159812,S3-389226158,S3-422475598,S3-430990586,S3-462660679,S3-616396503,S3-843163838,S3-86001406,S3-878661630,S3-905916564,S3-935183445
S1-972928064	S2-121381055,S2-14461671,S2-153404729,S2-198863718,S2-232490044,S2-252623679,S2-255122739,S2-285260766,S2-429934193,S2-475161347,S2-516007752,S2-52983709,S2-567268382,S2-574183114,S2-649722676,S2-666235437,S2-679625068,S2-755422053,S2-775511888,S2-833849412,S2-860136722,S2-89923888,S2-902028636,S2-902843744,S2-905679603,S2-94421348,S3-18304832,S3-242913124,S3-405535028,S3-515296015,S3-623506473,S3-793628788,S3-81804477,S3-848221265,S3-870527398
S1-314488659	S2-816049810,S3-542661888,S3-558165253,S3-955934436,S3-973375401
S1-900353897	S2-278013484,S2-379199913,S2-68748027,S2-830060932,S2-935748931,S3-425631105,S3-653789298,S3-727146667
S1-862536717	S2-874872611,S2-951114418,S2-99674420,S3-102471781,S3-647227147,S3-86524778
S1-418041254	S2-978844901,S3-431950810,S3-749850265
S1-679639491	S2-667878231,S3-172911416,S3-623908486,S3-650529792
S1-119709427	S2-2557962,S2-475237686,S2-58499622,S2-987599033,S3-170824470,S3-190861228,S3-271489206,S3-603491072
S1-734355564	S2-118886475,S2-175999744,S2-396062681,S2-422999573,S2-527293658,S2-56210650,S2-586169786,S2-60543019,S2-617424918,S2-687729233,S2-740789326,S2-753408999,S2-776738316,S3-111095129,S3-273324366,S3-276137234,S3-283952829,S3-324493896,S3-400124373,S3-404246810,S3-418601178,S3-427916713,S3-436781388,S3-497900274,S3-796795032,S3-854314313,S3-906408009,S3-994760261
S1-343612376	S2-129726428,S2-141941838,S2-18002875,S2-229623554,S2-37572914,S2-398026526,S2-477612312,S2-553420319,S2-632264452,S2-640299814,S2-728415668,S2-741739098,S2-778745347,S2-847294762,S2-878202400,S2-918415407,S2-938559567,S2-969988349,S2-970885323,S2-993107908,S3-101078372,S3-393691814,S3-459385899,S3-549499180,S3-605943184,S3-660690741,S3-681339707,S3-71126172,S3-806330885,S3-824205685,S3-844532141,S3-87215067,S3-877623355,S3-919573636,S3-930761446
S1-448651589	S2-129529678,S2-221551582,S2-255287154,S2-25924850,S2-260046754,S2-290719264,S2-402358655,S2-47954728,S2-499124223,S2-527181562,S2-554736378,S2-556243680,S2-569799498,S2-661938990,S2-692494165,S2-907454696,S2-92923830,S2-970108649,S3-103890437,S3-122675419,S3-139858754,S3-193628399,S3-250208810,S3-272234102,S3-404440111,S3-464357542,S3-531224556,S3-56019973,S3-563709941,S3-564723361,S3-695634096,S3-762681944,S3-800978181,S3-848208073,S3-92161055
S1-567495216	S2-310224806,S2-459258703,S2-792932392,S3-640838346,S3-823799724
S1-911423430	S2-25848132,S2-844152001,S3-4236747,S3-485689074
S1-288359061	S2-865685728,S3-247437316,S3-522915055,S3-876007532
S1-18789095	S2-34266260,S2-471589134,S2-595423389,S2-688450525,S2-828069829,S2-920664858,S2-983792162,S3-145746658,S3-186221043,S3-209433877,S3-217269192,S3-293489176,S3-325377014,S3-33936548,S3-388245827,S3-395103707,S3-431657363,S3-439411737,S3-548212722,S3-579285799,S3-622831211,S3-661634313,S3-792944836,S3-798980766,S3-835680034,S3-891337544,S3-941357643,S3-945954532
S1-976833083	S2-304330582,S2-478551321,S2-485650486,S2-972290940,S3-307044828,S3-340670522,S3-354937842,S3-527067428,S3-547854552,S3-754281403
S1-654156225	S2-200519662,S2-775493531,S3-855861296,S3-871798312
S1-827532896	S2-256487861,S2-353509326,S2-730591467,S2-843820202,S3-752811917
S1-106072003	S2-101634603,S2-171389478,S2-253262956,S2-286365108,S2-298507312,S2-33579769,S2-37747931,S2-399075342,S2-405772848,S2-493068616,S2-501697329,S2-542198240,S2-583964452,S2-588246207,S2-589615634,S2-606670367,S2-699555547,S2-851316528,S2-855958744,S2-917092681,S3-126568401,S3-308752901,S3-508960115,S3-583337283,S3-600813695,S3-615135340,S3-736730454,S3-778040093,S3-813072629,S3-853419211,S3-929273485,S3-951554137,S3-979318630
S1-263741395	S2-184336560,S2-585172791,S2-610056886,S2-659618926,S2-791286938,S2-814891313,S3-170040791,S3-182531873,S3-23398472,S3-27940543,S3-299454581,S3-303237947,S3-531629720,S3-5564250,S3-558509835,S3-640997844,S3-69040691,S3-859710598,S3-962734580
S1-670633969	S2-108667769,S2-244529864,S2-283628629,S2-358575945,S2-375829416,S2-376486539,S2-40943466,S2-513227544,S2-532756260,S2-547499135,S2-714505855,S2-762775244,S2-785819524,S2-845548172,S2-892848533,S2-896099449,S2-97160356,S2-981694912,S3-119398022,S3-146718733,S3-205235794,S3-233985497,S3-242187551,S3-308048647,S3-310870717,S3-38284685,S3-474645905,S3-482482057,S3-588955896,S3-639223085,S3-659126396,S3-661700266,S3-905827796,S3-941718437,S3-963919896
S1-720511261	S2-112911585,S2-126861995,S2-230935368,S2-516181629,S2-518062373,S2-539173706,S2-542114316,S2-694860135,S2-700098672,S2-847197723,S2-888152272,S2-966937039,S3-183810494,S3-253834515,S3-264208857,S3-282476653,S3-286825203,S3-340182668,S3-42786119,S3-627882432,S3-676023626,S3-686634383,S3-722266014,S3-785647693,S3-810965798,S3-825250179,S3-897145140,S3-943115434,S3-989002325
S1-954241367	S2-203046583,S2-24186152,S2-70537907,S2-722402750,S2-89412540,S3-15929416,S3-268950997,S3-329162147,S3-576720659,S3-585055380,S3-593366185,S3-862936437,S3-868273943
S1-405141919	S2-155071678,S2-214616839,S2-231888175,S2-243764861,S2-260219982,S2-301661112,S2-30198793,S2-309431103,S2-316585256,S2-343697224,S2-414256753,S2-469207582,S2-501384396,S2-562997465,S2-606326575,S2-615990414,S2-661781448,S2-666782376,S2-754856819,S2-777673414,S2-778024060,S2-810813977,S2-820385444,S2-822749847,S2-866983542,S2-872248490,S2-892052286,S2-893939251,S2-944494555,S2-980651759,S3-254744083,S3-366341675,S3-377348825,S3-560405954,S3-986526946
S1-714258980	S2-604734765,S2-873162942,S3-421345061,S3-701519948,S3-790754177,S3-799756486,S3-903740309,S3-946619305
S1-350799036	S2-152060439,S2-165710508,S2-403406619,S2-463914306,S2-504124615,S2-575911483,S2-59442551,S2-607026277,S2-656047891,S2-659885682,S2-660791587,S2-793011878,S2-853799526,S2-857829313,S2-878149102,S2-89338914,S3-159411748,S3-189093756,S3-245129589,S3-26712756,S3-361038527,S3-400062624,S3-558325632,S3-638339424,S3-772601119,S3-880911130,S3-992241111,S3-99739485
S1-314356755	S2-129529678,S2-221551582,S2-255287154,S2-25924850,S2-260046754,S2-290719264,S2-307035920,S2-402358655,S2-47954728,S2-499124223,S2-527181562,S2-554736378,S2-556243680,S2-569799498,S2-585132276,S2-661938990,S2-692494165,S2-891724637,S2-907454696,S2-92923830,S2-970108649,S3-103890437,S3-272234102,S3-34326720,S3-368718884,S3-404440111,S3-464357542,S3-56019973,S3-563709941,S3-564723361,S3-695229381,S3-695634096,S3-762681944,S3-848208073,S3-92161055
S1-375311170	S2-148332675,S2-160783505,S2-181401889,S2-207351006,S2-262598821,S2-263351327,S2-325969572,S2-393958947,S2-424795877,S2-50320559,S2-582883906,S2-597136350,S2-59980708,S2-601256930,S2-622940286,S2-645351123,S2-741060453,S2-752713702,S2-755299964,S2-821867852,S2-846535978,S2-847050244,S2-847882502,S2-85196223,S2-894758971,S2-911093894,S2-914055714,S2-927410086,S2-976425057,S3-179894156,S3-441658376,S3-599281267,S3-716978285,S3-720573436,S3-8431405
S1-107644916	S2-144908485,S2-152690112,S2-18313365,S2-187500566,S2-210386781,S2-386384474,S2-421260522,S2-513277410,S2-528183970,S2-560718770,S2-564220109,S2-623540619,S2-661296,S2-762162955,S2-766916642,S2-767769254,S2-788237473,S2-876805202,S2-934901592,S2-964240180,S3-320849609,S3-337612926,S3-368363902,S3-449146656,S3-513280273,S3-600011823,S3-617318682,S3-70887228,S3-711181602,S3-721143325,S3-723070493,S3-798099433,S3-947933761
S1-221790674	S2-148261758,S2-528500563,S2-671061897,S3-393867082,S3-68761586,S3-855349403
S1-722701300	S2-178407692,S2-704365325,S3-40456423,S3-946525856
S1-501813247	S2-967190928,S3-132843487
S1-959134934	S2-136972900,S2-154102797,S2-176034363,S2-22391750,S2-249688648,S2-251558083,S2-304562241,S2-379588018,S2-469412047,S2-479181098,S2-489125381,S2-593117235,S2-602769666,S2-731066709,S2-788245208,S2-803353102,S2-821967722,S2-869040543,S2-94442442,S2-952678608,S2-954201105,S2-988228571,S3-165309032,S3-20638299,S3-250537420,S3-31977274,S3-379025755,S3-473977203,S3-608619498,S3-654758503,S3-779182918,S3-891847666,S3-905677362,S3-916484684,S3-998314844
S1-28453582	S2-146579726,S2-182317456,S2-215445268,S2-273367337,S2-536900454,S2-72442936,S2-760568940,S3-13086357,S3-259680577,S3-270014696,S3-274817120,S3-312496301,S3-435894704,S3-555951480,S3-638530782,S3-680181038,S3-820658843,S3-899970991,S3-957631837,S3-979369233
S1-178252371	S2-943376574,S3-105204608,S3-509012015
S1-194342714	S2-158406019,S2-180098596,S2-29286345,S2-519878182,S2-572354673,S2-867202068,S3-149982256,S3-246897647,S3-884336673
S1-581802697	S2-185305938,S2-282401555,S2-595480481,S2-94756237,S2-973135818,S2-981050444,S3-207399315,S3-216662773,S3-231426652,S3-484814807,S3-516720619,S3-532085283,S3-636448374,S3-687681534,S3-707710690,S3-940671059
S1-302869473	S2-177539746,S2-26500789,S2-39527162,S2-432834237,S2-444525574,S2-486418227,S2-50626186,S2-536857301,S2-567495331,S2-596145832,S2-604151999,S2-641737479,S2-645018510,S2-647950619,S2-762638297,S2-802522270,S2-868551337,S2-873707066,S2-900244439,S2-912528411,S2-94048577,S2-953458366,S2-958761019,S3-121902719,S3-284924975,S3-299454566,S3-328988736,S3-543737975,S3-553555462,S3-589148871,S3-643822684,S3-645951780,S3-73988460,S3-741223656,S3-981713396
S1-910787107	S3-430878442,S3-675108511,S3-758042154
S1-470047952	S2-118559975,S2-12355831,S2-276065115,S2-418913231,S2-621098088,S3-162125177,S3-227011151,S3-407668202,S3-572342390,S3-706255359
S1-829232083	S2-219079951,S2-553563872,S3-919114016
S1-679981169	S2-117955411,S2-237114,S2-249651604,S2-251721185,S2-335061475,S2-339113111,S2-341011019,S2-34107264,S2-432313044,S2-470479244,S2-548700789,S2-576816251,S2-596331849,S2-600829269,S2-608008769,S2-674558752,S2-681085350,S2-703976439,S2-749468029,S2-756848974,S2-790539347,S2-805166932,S2-815246923,S2-81957525,S2-83675330,S2-915515104,S3-200853205,S3-247609615,S3-253689376,S3-343498582,S3-346071531,S3-446980961,S3-758280839,S3-829119803,S3-902644030
S1-990354457	S2-116964471,S2-152813133,S2-162844502,S2-168230946,S2-311237158,S2-320212810,S2-327347923,S2-355057676,S2-378341286,S2-418208254,S2-449394985,S2-477580463,S2-559208649,S2-58452227,S2-585050764,S2-641924388,S2-799675222,S2-912071501,S2-921475435,S2-951469456,S2-963460450,S2-971944432,S2-978556719,S2-980524091,S2-994779547,S3-131437648,S3-156062812,S3-296087081,S3-353034749,S3-524199714,S3-63293705,S3-636105112,S3-651789135,S3-684861383,S3-90151132
S1-606804763	S2-199887157,S2-233733598,S2-575077514,S2-638708482,S2-834851746,S2-838260930,S2-856737482,S3-184947134,S3-305449042,S3-669278669,S3-705086308,S3-76048369,S3-762236642,S3-920125741,S3-937577457
S1-657325262	S2-204734156,S2-205471689,S2-301300035,S2-343874982,S2-349178523,S2-41110663,S2-463332740,S2-518815138,S2-671903958,S2-774833527,S2-846121989,S3-188113680,S3-396332892,S3-401825480,S3-458576101,S3-461081164,S3-524848048,S3-541247257,S3-561777904,S3-76857645,S3-802447883,S3-939126480,S3-980036803
S1-859429554	S2-183367973,S2-472432391,S2-699504354,S2-785652957,S3-448489694
S1-300598855	S2-147852121,S2-15275449,S2-415823112,S2-730981344,S2-887223668,S2-977848238,S3-232397205,S3-25549445,S3-267245809,S3-319078308,S3-400569236,S3-471125389,S3-506186292,S3-808633896,S3-827791026,S3-901978163,S3-94498484,S3-984114240
S1-68338967	S2-421478196,S2-570031212,S2-727252488,S3-573435026,S3-940996862
S1-935335906	S2-577689878,S3-367259499
S1-941297000	S2-263823792,S2-268652103,S2-470678859,S2-764333577,S2-864951692,S2-959041507,S2-97573234,S3-227473623,S3-316256321,S3-371356482,S3-793826049,S3-910337938
S1-180206717	S2-73706324,S2-984091186,S3-479389074,S3-809337662
S1-781972397	S2-543739668,S3-700726232
S1-261082046	S3-127257804,S3-303728971
S1-674726407	S2-142270693,S2-212885076,S2-242916019,S2-253495663,S2-262449187,S2-293880908,S2-405314585,S2-417776492,S2-420945081,S2-505822450,S2-598431788,S2-610204301,S2-611930184,S2-661901231,S2-78329838,S2-840939538,S2-845794119,S2-850492406,S2-851131664,S2-877890504,S2-925552787,S2-931772372,S2-949436213,S2-967490262,S3-131254209,S3-161479126,S3-324744026,S3-353255718,S3-391942647,S3-474839660,S3-530806677,S3-825675510,S3-868285804,S3-890244770,S3-933740979
S1-22633084	S2-287519770,S2-542161463,S2-640321015,S3-168268526,S3-186555997,S3-268374279,S3-289258337,S3-300138864,S3-342061881,S3-616825166,S3-74653975,S3-757364469,S3-905065214
S1-170252930	S2-100171087,S2-126114325,S2-140570283,S2-178524001,S2-219511960,S2-233855016,S2-248578795,S2-271980322,S2-272853443,S2-488795479,S2-498712399,S2-501461489,S2-506653702,S2-689298806,S2-71839787,S2-769514492,S2-774858902,S2-792479049,S2-844572537,S2-84972171,S2-85926088,S2-919462873,S2-978317841,S2-9946485,S3-228972158,S3-285423050,S3-35517149,S3-391969183,S3-489611001,S3-49524617,S3-632926404,S3-658261076,S3-826361314,S3-847844822,S3-897956488
S1-406527214	S2-179718029,S2-190645785,S2-211156607,S2-317459902,S2-458287334,S2-587581939,S2-695764063,S2-834851746,S2-870769857,S2-907552166,S2-922767804,S3-157576986,S3-238651259,S3-267021268,S3-495848934,S3-611594281,S3-628778121,S3-665736329,S3-731303952,S3-924313736
S1-159265354	S2-327393683,S2-685302821,S2-792721992,S3-794453469,S3-945212187
S1-679867766	S2-112112997,S2-115770378,S2-130680691,S2-151582230,S2-253229835,S2-281940270,S2-282599822,S2-401936751,S2-427913641,S2-43306331,S2-481341446,S2-592653674,S2-596363788,S2-614045377,S2-729269227,S2-758749983,S2-81342985,S2-853566433,S2-86207260,S2-891161363,S2-897775046,S2-926044104,S2-964066919,S3-214861211,S3-368679461,S3-380683468,S3-468377367,S3-474416661,S3-760876252,S3-76428438,S3-854238995,S3-88068506,S3-892969960,S3-930269422,S3-946216832
S1-987375275	S2-197987734,S2-355380223,S2-401313862,S2-478270527,S2-494775875,S2-582070018,S2-837508674,S3-107882656,S3-137092925,S3-429937583,S3-454584272,S3-459105416,S3-647956963,S3-720936390,S3-871416574,S3-905615103,S3-939400153,S3-984168980
S1-741128363	S2-484303030,S2-610328847,S3-889797378
S1-381813432	S2-455505337
S1-888185705	S2-189586795,S2-207141909,S2-363931091,S2-478002350,S2-532134965,S2-620169709,S3-162953420,S3-204561005,S3-236288235,S3-325401455,S3-371616316,S3-455817384,S3-463354075,S3-474394771,S3-479940471,S3-482482057,S3-517906163,S3-521406491,S3-532660643,S3-569748241,S3-578182765,S3-72858615,S3-783552230,S3-813478957,S3-846075883,S3-950086735
S1-279723180	S2-134717137,S2-140948076,S2-156711502,S2-271397555,S2-288871760,S2-511295695,S2-521688982,S2-559968500,S2-614304353,S2-785445145,S2-990992423,S3-125761711,S3-152221147,S3-33693027,S3-351642241,S3-358270111,S3-397765450,S3-429893343,S3-432859658,S3-467195779,S3-485489587,S3-495128107,S3-501856374,S3-538864608,S3-556690023,S3-558118895,S3-572676414,S3-573182549,S3-681323764,S3-703863761,S3-775054072,S3-788834852,S3-829632435,S3-925530888,S3-951946118
S1-986414977	S2-221482573,S2-2423540,S2-284122180,S2-446049429,S2-630538606,S2-765762046,S2-799357183,S2-910449626,S2-995444276,S3-111088713,S3-142105456,S3-162285797,S3-311795383,S3-354253397,S3-387800635,S3-472170671,S3-519366815,S3-528215134,S3-805397667,S3-81892603,S3-995761797
S1-235455145	S2-202473952,S2-7526533,S2-970858301
S1-103101914	S2-100632437,S2-153774386,S2-161217671,S2-200851154,S2-205238340,S2-227828939,S2-230502695,S2-258717933,S2-262119045,S2-274081255,S2-276195137,S2-421613665,S2-428326051,S2-434337847,S2-451224218,S2-52815085,S2-614682602,S2-647711899,S2-702196139,S2-742857142,S2-994250828,S3-140389075,S3-174253003,S3-187161274,S3-464737380,S3-469445385,S3-498056371,S3-586253631,S3-627488615,S3-681097377,S3-692990976,S3-701341866,S3-861731389,S3-918907997,S3-939029870
S1-743789700	S2-339911555,S2-373918110,S2-426964356,S2-584124761,S2-920534670,S3-315197316,S3-855056798,S3-867273669,S3-893721676
S1-544153034	S2-13235949,S2-134420774,S2-139893458,S2-185547455,S2-311609470,S2-49965638,S2-6078301,S2-60922642,S2-697773627,S2-706484314,S2-715503529,S2-742622916,S2-767018785,S2-783110346,S2-823179356,S2-82785475,S2-835735653,S2-851498372,S2-918884783,S2-943674530,S3-214413605,S3-28735712,S3-288161814,S3-28978922,S3-312995706,S3-36964922,S3-477429580,S3-546804221,S3-641597990,S3-669936867,S3-705061486,S3-840843392,S3-853171460,S3-904852025,S3-926073794
S1-679591102	S2-662739839,S2-888559862,S3-303647926,S3-863202751,S3-994601730
S1-880481915	S2-100171087,S2-126114325,S2-140570283,S2-178524001,S2-219511960,S2-233855016,S2-248578795,S2-271980322,S2-272853443,S2-488795479,S2-498712399,S2-501461489,S2-506653702,S2-689298806,S2-71839787,S2-769514492,S2-774858902,S2-792479049,S2-844572537,S2-84972171,S2-85926088,S2-919462873,S2-978317841,S2-9946485,S3-228972158,S3-285423050,S3-35517149,S3-391969183,S3-489611001,S3-49524617,S3-523551054,S3-632926404,S3-658261076,S3-826361314,S3-847844822
S1-214603601	S2-112112997,S2-115770378,S2-130680691,S2-151582230,S2-253229835,S2-281940270,S2-282599822,S2-401936751,S2-427913641,S2-43306331,S2-481341446,S2-592653674,S2-596363788,S2-614045377,S2-729269227,S2-758749983,S2-81342985,S2-853566433,S2-86207260,S2-891161363,S2-897775046,S2-926044104,S2-964066919,S3-117391635,S3-214861211,S3-303982146,S3-474416661,S3-760876252,S3-76428438,S3-854238995,S3-88068506,S3-882737548,S3-892969960,S3-930269422,S3-946216832
S1-661697526	S2-158613473,S2-200628014,S2-216562420,S2-256175555,S2-277106942,S2-405757423,S2-502067105,S2-512746320,S2-517835286,S2-599887285,S2-602005427,S2-635421778,S2-639337663,S2-70367717,S2-709853922,S2-807247864,S2-80754123,S2-811415282,S2-857837464,S2-869339164,S2-885606575,S2-9117950,S2-914824440,S2-96984435,S2-992248431,S3-107219627,S3-232517336,S3-305426707,S3-413656991,S3-434437783,S3-703137889,S3-723696483,S3-782386729,S3-849412812,S3-947193982
S1-93741603	S2-370656340,S2-535692078,S3-150994540,S3-453879167,S3-518176112,S3-660744201,S3-730249237,S3-782738358,S3-78873124,S3-981096747
S1-473112445	S2-539749938,S3-756068109
S1-756873540	S2-995936176,S3-532576288
S1-635770223	S2-117370496,S2-329661878,S3-52020616,S3-755529230
S1-472139199	S2-122544659,S3-403396329,S3-474761183
S1-320563578	S2-141678954,S2-212680983,S2-232651055,S2-238339092,S2-301224351,S2-330209305,S2-490506079,S2-490938389,S2-517613867,S2-539276252,S2-621506272,S2-737562930,S2-767322313,S2-897378699,S3-108704908,S3-128292067,S3-302029305,S3-319541437,S3-402786624,S3-466665214,S3-557154121,S3-7641425,S3-772799169,S3-780937021,S3-902397557,S3-925724184
S1-996067774	S2-104685269,S2-127605297,S2-201728117,S2-318339505,S2-373953058,S2-487164134,S2-510009575,S2-524577737,S2-541569307,S2-542961065,S2-55559483,S2-572364537,S2-67374199,S2-689868320,S2-701117503,S2-757928282,S2-761037233,S2-781821560,S2-820285603,S2-820726884,S2-826749078,S2-993097609,S3-112518959,S3-117569137,S3-176872341,S3-215418570,S3-405004250,S3-434722760,S3-580593014,S3-610502798,S3-745808203,S3-777858845,S3-798208152,S3-861601466,S3-997386208
S1-289512402	S2-148653095,S2-173607410,S2-191626653,S2-228865973,S2-240700847,S2-245291586,S2-326479114,S2-396523524,S2-505508401,S2-52692138,S2-547617311,S2-564020273,S2-580101144,S2-622202172,S2-630063354,S2-711085705,S2-711178572,S2-807044830,S3-145008714,S3-206661690,S3-268286251,S3-287804737,S3-290844896,S3-332229356,S3-395169745,S3-635598471,S3-7224230,S3-737723670,S3-817792958,S3-866244606,S3-89827315,S3-987305005
S1-579433542	S3-686983112
S1-117022003	S2-154128314,S2-254612346,S2-69024638,S2-869958350,S2-873726894,S3-381651665,S3-398388697,S3-663724100,S3-681867395,S3-772667869,S3-941808371
S1-998852346	S2-755653607,S3-460524360,S3-816335024
S1-248553612	S2-753126294,S3-435735048,S3-510803474,S3-543326630,S3-687333594
S1-419725381	S2-246602461,S2-428736038,S2-584772429,S3-115802440,S3-191013738,S3-200025735
S1-161556164	S2-129260820,S2-331524837,S2-443178543,S2-709771917,S2-857236633,S3-729432354,S3-91054277
S1-621690113	S2-21068434,S3-190819231,S3-5616089
S1-860376386	S2-191430445,S2-26705740,S2-417565427,S2-583157639,S2-660138454,S2-707715938,S2-902268265,S3-294219520,S3-356698204,S3-48619193,S3-687145810,S3-810042714,S3-823297897,S3-836391296,S3-956468958,S3-968394128,S3-976752794
S1-259506508	S2-233356748,S2-425168745,S2-581736659,S2-851208599,S2-880911218,S2-990174532,S3-140415792,S3-30868742,S3-342927813,S3-409201893,S3-541599774,S3-568220636,S3-577325097,S3-624258071,S3-669563164,S3-728999429,S3-863359627
S1-612712472	S2-215431506,S2-392734397,S2-479717766,S2-717555864,S2-741923609,S2-871159113,S2-873637227,S2-931116504,S3-253082207,S3-401748676,S3-438777716,S3-621212482,S3-733303939
S1-993896174	S3-51509016
S1-264156494	S2-184087846,S3-544213330,S3-562014765,S3-634532546
S1-456318790	S2-112125675,S2-156886638,S2-164513100,S2-190895424,S2-22391750,S2-285704094,S2-424292,S2-440328259,S2-500189197,S2-619707851,S2-64373652,S2-765500135,S2-766284534,S2-778888972,S2-783107139,S2-831647129,S2-884156972,S2-90213471,S2-90794520,S2-927661646,S2-93459822,S2-999053505,S3-149943641,S3-278546786,S3-363775441,S3-378787817,S3-400472893,S3-42025062,S3-57336374,S3-58534173,S3-664210786,S3-674388904,S3-710881528,S3-793215927,S3-875714198
S1-955236847	S2-109482680,S2-209994890,S2-36451247,S2-648248063,S2-683061450,S3-330635341,S3-775900901,S3-825674254
S1-62178354	S2-596137442,S2-956848973,S3-205228257
S1-831199885	S2-243862075,S2-659145912,S2-702849238,S2-914411054,S3-143767277
S1-101933359	S2-217245615,S2-352328442,S2-449651472,S2-497910085,S2-610676249,S2-756847329,S2-883646361,S2-981487936,S3-11053729,S3-180593009,S3-193783608,S3-232389966,S3-265099052,S3-309422837,S3-37198119,S3-423044205,S3-486655756,S3-489839174,S3-525026638,S3-548958145,S3-550755616,S3-555769445,S3-574743686,S3-660484580,S3-670952445,S3-688495250,S3-707979848,S3-784413899,S3-835535109,S3-847395306,S3-863294311,S3-933485363,S3-970881689
S1-245985596	S2-149727998,S2-404428651,S2-431992529,S2-443662930,S2-777363507,S2-912804964,S3-110660731,S3-379939148,S3-452711797,S3-746175571
S1-494744463	S2-139298231,S2-181659751,S2-794710696,S3-160794523,S3-266332355,S3-894747475
S1-66222580	S2-266525414,S2-271053835,S2-293488622,S2-346492799,S2-364403983,S2-441654618,S2-48783485,S2-523246332,S2-536429132,S2-830012196,S2-99553117,S3-154810541,S3-24846549,S3-354319025,S3-366838404,S3-40075384,S3-409621541,S3-456047717,S3-47449188,S3-570065375,S3-600441546,S3-749166035,S3-774901361,S3-817266579,S3-822954408,S3-937818645
S1-849274176	S2-191513694,S2-769215892,S2-780835769,S2-831679005,S3-168674505,S3-17545461,S3-595893944,S3-802514980
S1-435692876	S2-146579726,S2-182317456,S2-215445268,S2-536900454,S2-760568940,S3-13086357,S3-259680577,S3-270014696,S3-274817120,S3-312496301,S3-435894704,S3-555951480,S3-638530782,S3-680181038,S3-820658843,S3-899970991,S3-957631837,S3-979369233
S1-432454578	S2-18564528,S2-191971023,S2-403046226,S2-592820941,S2-879366632,S2-920111289,S3-424591721,S3-432986964,S3-558743972,S3-609874917,S3-889762752
S1-486019406	S2-908177369,S3-1796850
S1-286680045	S2-472271523,S2-664800235,S2-717823377,S2-869328070,S3-43980577,S3-796523309
S1-54193164	S2-297470166,S2-397641530,S2-414539794,S2-434257717,S2-676269902,S3-328390329,S3-486621278,S3-687331533,S3-995201363
S1-371874635	S2-137073961,S2-311808,S2-527775130,S3-194058650
S1-32127543	S2-786298935,S3-16507640
S1-913573536	S2-145889845,S2-153555569,S2-161077029,S2-240200643,S2-303133875,S2-353041794,S2-384151706,S2-44445555,S2-468278119,S2-514317379,S2-529933432,S2-577551744,S2-608520307,S2-707792550,S2-729664916,S2-7363092,S2-788333626,S2-813588229,S2-90986584,S3-114686337,S3-153670200,S3-15575692,S3-34190575,S3-501325834,S3-54408554,S3-545116891,S3-578691751,S3-606226483,S3-645300049,S3-66104711,S3-735360999,S3-76037,S3-80542553,S3-853594839,S3-859802729
S1-568364082	S2-833147210,S2-872625993,S3-215045123,S3-336170976,S3-737300967
S1-552925165	S2-17194923,S2-392145339,S2-428439868,S2-456906802,S2-534757014,S2-554224375,S2-607914054,S2-763387255,S2-839280644,S2-873556187,S3-105197093,S3-116158717,S3-171181187,S3-314832730,S3-368891593,S3-429685653,S3-534253649,S3-660561828,S3-690641083,S3-872982512,S3-924039771
S1-696908232	S2-237776382,S2-254201282,S2-29501137,S2-567834699,S2-598397595,S2-84815712,S2-992373843,S3-178793304,S3-639394329,S3-749155900,S3-807815819
S1-129416502	S2-109892934,S2-138434584,S2-298871937,S2-378289511,S2-395764092,S2-411920873,S2-557600541,S2-565178740,S2-566648192,S2-598796961,S2-615954489,S2-618660779,S2-665157388,S2-820079347,S2-820116271,S3-121505041,S3-204992772,S3-26449981,S3-444430717,S3-497100368,S3-603993953,S3-872862361,S3-957076426
S1-897282581	S2-522109781,S2-812189457,S3-745232747,S3-747124468
S1-612170454	S2-146579726,S2-182317456,S2-215445268,S2-536900454,S2-561548830,S2-760568940,S3-101093750,S3-13086357,S3-259680577,S3-270014696,S3-274817120,S3-312496301,S3-435894704,S3-491355510,S3-555951480,S3-593746032,S3-638530782,S3-680181038,S3-820658843,S3-899970991,S3-957631837,S3-979369233
S1-656171162	S2-329280608,S2-388810556,S2-554086853,S2-982808427,S3-161935749,S3-598089068,S3-634391041
S1-606388895	
S1-298441391	S2-33420110,S2-858391296,S2-931477478,S3-154413797,S3-797442876,S3-863782298
S1-554140203	S2-552422813,S2-749350291,S2-755137461,S2-79905752,S3-242802389
S1-812302708	S2-112112997,S2-115770378,S2-130680691,S2-151582230,S2-164047080,S2-253229835,S2-281940270,S2-282599822,S2-401936751,S2-427913641,S2-43306331,S2-481341446,S2-592653674,S2-596363788,S2-614045377,S2-729269227,S2-758749983,S2-81342985,S2-853566433,S2-86207260,S2-891161363,S2-897775046,S2-926044104,S2-964066919,S3-117391635,S3-214861211,S3-303982146,S3-33957600,S3-474416661,S3-760876252,S3-76428438,S3-854238995,S3-88068506,S3-930269422,S3-946216832
S1-594221098	S2-33891125,S2-698097375,S3-158250471,S3-255052963,S3-287932701,S3-634456456,S3-813027057,S3-97786191
S1-840162906	S2-129529678,S2-221551582,S2-255287154,S2-25924850,S2-260046754,S2-290719264,S2-402358655,S2-47954728,S2-499124223,S2-527181562,S2-554736378,S2-556243680,S2-569799498,S2-661938990,S2-692494165,S2-907454696,S2-92923830,S2-970108649,S3-103890437,S3-139858754,S3-193628399,S3-250208810,S3-272234102,S3-404440111,S3-464357542,S3-531224556,S3-56019973,S3-563709941,S3-564723361,S3-695634096,S3-762681944,S3-799520471,S3-800978181,S3-848208073,S3-92161055
S1-490372842	S2-104524634,S2-134958859,S2-167066861,S2-195761214,S2-204003026,S2-211182661,S2-229315248,S2-248944678,S2-252035179,S2-254788701,S2-263273654,S2-279857860,S2-293206846,S2-331492553,S2-332155353,S2-45724657,S2-468610536,S2-508602353,S2-659345862,S2-674694354,S2-687087140,S2-71227189,S2-718979866,S2-742191837,S2-748833051,S2-774512583,S2-817680963,S2-846556799,S2-895820835,S2-899248471,S2-925511054,S3-292754865,S3-365385967,S3-690547751,S3-902040254
S1-218573855	S2-117777608,S2-119710416,S2-18496240,S2-212539797,S2-23141904,S2-29161970,S2-296944019,S2-543529651,S2-65408607,S2-804318885,S2-929268186,S2-957884642,S3-204655096,S3-336628784,S3-359228059,S3-390050201,S3-41338185,S3-415034611,S3-681105799,S3-694464838,S3-714748589,S3-740783920,S3-841264731,S3-876903023,S3-892940011,S3-907750338,S3-911481281,S3-918253834
S1-654078241	S2-279286807,S2-374038024,S2-542793063,S2-656873710,S2-781836094,S3-108983925,S3-115704991,S3-160669569,S3-182890574,S3-21151979,S3-237395575,S3-259458283,S3-2610823,S3-269090604,S3-279719398,S3-336747262,S3-338218092,S3-45895204,S3-518222544,S3-592754160,S3-626431751,S3-718050643,S3-755221429,S3-778778307,S3-839940533,S3-873882874
S1-189357115	S3-199528786,S3-769847752
S1-170922609	S2-126431344,S2-243552544,S2-30323534,S2-377880538,S2-804170026,S2-858375777,S3-133814977,S3-48894859,S3-620287652,S3-718419415
S1-635596322	S2-626539213,S3-494321867,S3-860841950,S3-924861216
S1-706626109	S2-104536229,S2-301594711,S2-306822311,S2-354463942,S2-388684631,S2-510417934,S2-515386320,S2-588620749,S2-646717240,S2-654821674,S2-675626969,S2-83684607,S2-921445352,S2-930444154,S3-207352670,S3-240817329,S3-263347582,S3-443516445,S3-505157875,S3-50573878,S3-609110658,S3-622374923,S3-702628271,S3-733828934,S3-737091559,S3-761097783,S3-827685909,S3-840999871,S3-846590303,S3-945446210
S1-975479429	S2-189586795,S2-207141909,S2-363931091,S2-478002350,S2-532134965,S2-620169709,S3-162953420,S3-204561005,S3-236288235,S3-325401455,S3-371616316,S3-455817384,S3-463354075,S3-474394771,S3-479940471,S3-482482057,S3-517906163,S3-532660643,S3-569748241,S3-578182765,S3-72858615,S3-783552230,S3-813478957,S3-846075883,S3-950086735
S1-455872239	S2-176836093,S2-441041858,S3-841930615,S3-955991873
S1-880957636	S2-701595180,S2-726214188,S3-818935411
S1-821434436	S2-112125675,S2-156886638,S2-190895424,S2-22391750,S2-285704094,S2-424292,S2-440328259,S2-500189197,S2-619707851,S2-765500135,S2-766284534,S2-778888972,S2-783107139,S2-831647129,S2-884156972,S2-90213471,S2-90794520,S2-927661646,S2-93459822,S2-988228571,S2-999053505,S3-149943641,S3-278546786,S3-363775441,S3-378787817,S3-400472893,S3-42025062,S3-57336374,S3-58534173,S3-664210786,S3-674388904,S3-710881528,S3-793215927,S3-869884588,S3-875714198
S1-347983357	S2-556487753,S3-739419713
S1-614222428	S2-123236363,S2-202262103,S2-226202214,S2-237538068,S2-306472606,S2-333341774,S2-348522901,S2-35177497,S2-358995715,S2-366783290,S2-39899659,S2-469944644,S2-481701031,S2-481829710,S2-498798948,S2-560767923,S2-561839697,S2-568523642,S2-577025927,S2-662874495,S2-67423775,S2-715707300,S2-740452278,S2-741187915,S2-830791024,S2-833537400,S2-841997629,S2-873074982,S2-891940190,S2-918275371,S2-94154368,S3-212265782,S3-413862879,S3-738017726,S3-852787460
S1-11723896	S2-329606166,S2-387663638,S2-468060172,S2-522765481,S2-671432305,S2-852857124,S2-87502829,S2-911491177,S2-913348310,S2-919243311,S3-291745678,S3-295091719,S3-529160583,S3-892656807,S3-932757816,S3-964203738,S3-964509935,S3-994545656
S1-149024193	S3-604630789
S1-756208495	S2-28085819,S2-430193699,S3-324711488,S3-71052267,S3-834467984
S1-357052363	S2-870138153,S3-116674359,S3-372080988
S1-575212832	S2-137188804,S2-305925793,S2-327325549,S2-442717160,S2-458603365,S2-518741071,S2-529051857,S2-563115127,S2-565031183,S2-640474309,S2-647006024,S2-715902572,S2-747811082,S2-808195533,S2-856953420,S2-883216567,S3-113238993,S3-286238001,S3-342273571,S3-348493846,S3-379662508,S3-464452357,S3-482293711,S3-525301511,S3-597321613,S3-65266856,S3-658494722,S3-673332972,S3-68505008,S3-760772403,S3-793024718,S3-815540739,S3-880695057,S3-90202042,S3-998294478
S1-730719211	S2-241456014,S2-467798366,S2-61695240,S2-788718937,S3-529052354,S3-723727639,S3-951830396
S1-24830339	S2-179377918,S2-704827625,S2-905868389,S3-218012958,S3-579632029
S1-306934395	S2-273504355,S2-662787232,S2-984277796,S3-282025737
S1-721771976	
S1-562986502	S2-282163876,S2-305435436,S2-325776971,S2-487481698,S3-343697927,S3-46019063,S3-531721883,S3-676261332,S3-732972839,S3-737443892,S3-98698640
S1-941785626	S2-284813322,S2-304787089,S2-410496204,S2-500931426,S2-652666849,S2-668560965,S2-840990980,S2-918645314,S3-183414002,S3-200820783,S3-355837587,S3-398017181,S3-404439727,S3-486697823,S3-775812412,S3-900915538,S3-935886167,S3-993905544
S1-561159498	S2-227425363,S2-867570877,S3-126343886
S1-905269811	S2-126113089,S2-287473898,S2-344669711,S2-376233629,S2-430058234,S2-571943447,S2-628056817,S2-644552745,S2-726576662,S2-855182594,S3-102262902,S3-274149100,S3-408088737,S3-432622039,S3-454413362,S3-531342602,S3-541726179,S3-655782584,S3-69492250,S3-730903695,S3-772997222,S3-78757918,S3-839091382,S3-965385314,S3-988767294
S1-7293388	S2-157073701,S2-442723188,S2-7028416,S3-523120965
S1-585765147	S2-131759909,S2-369793877,S2-4170487,S2-524186705,S2-654781658,S2-708029837,S2-788652507,S2-863384927,S2-866114129,S2-951279506,S2-960543587,S2-971815091,S3-13533036,S3-137262896,S3-147345611,S3-209538657,S3-213730947,S3-266443005,S3-285751716,S3-288603151,S3-324711488,S3-324803888,S3-402489104,S3-450252686,S3-50087021,S3-506035776,S3-50957027,S3-553847476,S3-570562199,S3-646446124,S3-754763114,S3-806776667,S3-879571762,S3-932558598
S1-625874531	S2-279286807,S2-374038024,S2-542793063,S2-656873710,S2-781836094,S3-108983925,S3-115704991,S3-160669569,S3-182890574,S3-21151979,S3-237395575,S3-259458283,S3-2610823,S3-269090604,S3-279719398,S3-336747262,S3-338218092,S3-45895204,S3-518222544,S3-592754160,S3-62560436,S3-626431751,S3-718050643,S3-755221429,S3-839940533,S3-873882874
S1-631398737	S2-138503514,S2-292073075,S2-526482995,S3-108578381,S3-170327871,S3-204787938,S3-353491655,S3-70489303,S3-939360898
S1-478804382	S2-175232844,S2-366070890,S2-403858184,S2-417219305,S2-613457804,S2-621473485,S2-661272914,S2-706634627,S2-72116429,S2-795263604,S2-797453714,S2-820410002,S2-906086535,S2-949124193,S2-959699201,S3-105647246,S3-10993329,S3-123682857,S3-213365773,S3-214153458,S3-221792017,S3-330657023,S3-447448464,S3-450861274,S3-485526850,S3-531152617,S3-569647899,S3-690040528,S3-692984253,S3-708891756,S3-767505238,S3-770372727,S3-783030214,S3-824886886,S3-838160083
S1-295539809	S3-870878300,S3-906504735
S1-945360052	S2-146961832,S2-768746975,S3-403273737,S3-993303669
S1-362453370	S2-189121342,S2-280435218,S2-282401555,S2-37721056,S2-387223674,S2-481482863,S2-498527677,S2-595480481,S2-609649111,S2-643387638,S2-777355389,S2-796992574,S2-86610472,S2-873855969,S2-89430911,S2-911364641,S2-973135818,S2-981050444,S3-241326686,S3-484814807,S3-529532694,S3-532085283,S3-540847507,S3-559571245,S3-577510868,S3-586312431,S3-636448374,S3-707710690,S3-742777523,S3-773087318,S3-845629343,S3-877105804,S3-940671059,S3-943777454,S3-966978346
S1-342623084	S2-156193704,S3-638458303
S1-414566417	S2-13235949,S2-134420774,S2-139893458,S2-185547455,S2-311609470,S2-49965638,S2-6078301,S2-60922642,S2-697773627,S2-706484314,S2-715503529,S2-742622916,S2-767018785,S2-783110346,S2-823179356,S2-82785475,S2-835735653,S2-851498372,S2-918884783,S2-943674530,S3-214413605,S3-28735712,S3-288161814,S3-28978922,S3-312995706,S3-36964922,S3-477429580,S3-546804221,S3-641597990,S3-669936867,S3-705061486,S3-840843392,S3-853171460,S3-904852025,S3-926073794
S1-989976700	S2-621216993,S2-824832347,S2-994250828,S3-231189391,S3-279440303
S1-657625699	S3-149947395,S3-854758137
S1-452396218	S2-686109769,S3-825105046
S1-258997441	
S1-503559143	S3-144789220
S1-21526648	S2-144605581,S2-215375025,S2-2303053,S2-312708764,S2-346821440,S2-438620395,S2-445229762,S2-544750938,S2-687120060,S2-721222230,S2-772202422,S2-792111025,S2-818469684,S2-87122718,S2-884716368,S2-927828064,S2-931392519,S2-96508269,S3-117507735,S3-162829800,S3-277152022,S3-321432576,S3-321804896,S3-346026279,S3-395099143,S3-403816624,S3-419882111,S3-474721351,S3-579638496,S3-644548049,S3-765321409,S3-851951872,S3-927310956,S3-946557973,S3-985322022
S1-936762728	S2-221482573,S2-2423540,S2-261521011,S2-284122180,S2-446049429,S2-630538606,S2-765762046,S2-799357183,S2-910449626,S2-995444276,S3-111088713,S3-142105456,S3-162285797,S3-311795383,S3-354253397,S3-387800635,S3-472170671,S3-519366815,S3-528215134,S3-694371926,S3-753767840,S3-805397667,S3-81892603,S3-995761797
S1-359309953	S2-110881580,S2-127960289,S2-151920731,S2-162766225,S2-23469525,S2-266611148,S2-395504295,S2-414936885,S2-545700317,S2-620496053,S2-620720794,S2-691849892,S2-730034531,S2-736086642,S2-745372292,S2-794308319,S2-81464131,S2-906504493,S2-945631907,S3-119972703,S3-163486929,S3-188936373,S3-203863134,S3-226658528,S3-258890062,S3-32572135,S3-505866256,S3-53396137,S3-585719385,S3-723059488,S3-854952177,S3-863989577,S3-878559803,S3-895510544,S3-904247464
S1-115827165	S2-537593145,S3-153172012,S3-27891438,S3-407678354,S3-494929490,S3-655137558
S1-598228526	S2-180389814,S2-400932112,S2-458378933,S2-476801496,S2-676656107,S3-146718733,S3-166520602,S3-242187551,S3-247545795,S3-307896404,S3-34854745,S3-400637115,S3-457504025,S3-474645905,S3-499801417,S3-53928330,S3-552726536,S3-659126396,S3-796331989,S3-806965338,S3-944225630,S3-964612349
S1-952244178	S2-180407638,S2-482848507,S2-799495691,S2-80584586,S3-101791886,S3-121830634,S3-126940365,S3-136531885,S3-180877132,S3-302517578,S3-340597601,S3-53178265,S3-630331250,S3-824497287
S1-11613169	S2-200412376,S2-251124146,S2-550441254,S2-743855755,S3-122111135,S3-190781848,S3-292303213,S3-694354284,S3-957283204
S1-887125153	S2-140298567,S2-260029909,S2-276371548,S2-342692534,S2-389535174,S2-448398036,S2-537039479,S3-112547717,S3-13020437,S3-228683231,S3-337059103,S3-339461125,S3-345307598,S3-495516292,S3-513930229,S3-554638242,S3-558572244,S3-69606139,S3-701086771,S3-701795328
S1-801894442	S2-15105126,S2-338796380,S2-431077642,S2-557802502,S2-564930873,S2-590812987,S2-694268220,S3-144658048,S3-307935411,S3-362205013,S3-41558583,S3-469485574,S3-506212280,S3-578098493,S3-6161350,S3-905129283,S3-983401571
S1-349490818	S3-201999697,S3-236141340
S1-289063504	S2-561852107,S2-573315978,S3-530380574
S1-30038696	S2-153561164,S2-430372947,S2-572777586,S2-771572042,S2-791990398,S2-848565560,S2-943498494,S2-95419524,S3-1481812,S3-216519428,S3-255138759,S3-281274446,S3-300368164,S3-557538756,S3-623917861,S3-712537949,S3-937330852
S1-660909577	S2-185815139,S2-19262137,S2-236544027,S2-257866123,S2-26138707,S2-290734878,S2-302338930,S2-321816304,S2-356418625,S2-367610025,S2-382246554,S2-399521391,S2-42996984,S2-445772691,S2-490200888,S2-498877600,S2-51304489,S2-560614089,S2-574156484,S2-577342580,S2-609128161,S2-631982442,S2-664348256,S2-801348645,S2-827584632,S2-875097846,S2-884393987,S2-899617241,S2-91790174,S2-936368755,S2-960740002,S2-964075237,S2-984400939,S3-569699933,S3-775037416
S1-971401943	S2-302180543,S2-319538868,S2-443178543,S2-64105353,S3-210526658,S3-322016417,S3-33840993,S3-342416705,S3-369227565,S3-45263592,S3-500123487,S3-501719656,S3-682236953,S3-841561354,S3-907371204,S3-94384565
S1-748085733	S2-161552358,S2-221970764,S2-450275939,S2-586377600,S2-743200797,S2-743669591,S2-820279615,S2-931447230,S3-218616693,S3-392443630,S3-528444597,S3-686929711,S3-827097593,S3-835218271,S3-882638615,S3-945921420
S1-727381193	S2-724149294,S3-163987059,S3-295270051
S1-820876279	S2-10712655,S2-132866128,S2-212935219,S2-332244804,S2-420434014,S2-564165088,S2-676204127,S2-714329474,S2-86121397,S2-865814128,S3-195699284,S3-20180609,S3-392709677,S3-399019746,S3-528749816,S3-606520422,S3-78071645,S3-812993053,S3-950926863
S1-701363835	S2-197956367,S2-360078924,S2-377233912,S3-674473693,S3-683899870,S3-863667215
S1-197205293	
S1-287227864	S2-965188650,S3-530185172
S1-558332287	S2-332044470,S2-825365176,S3-555203125,S3-612600212
S1-535178949	S2-428942233,S3-140017259,S3-196196445,S3-29452775,S3-32235811,S3-354348131,S3-413303619,S3-674199413
S1-98551801	S2-159228957,S2-185074445,S3-134941854,S3-140801111,S3-191589398,S3-46834512,S3-634354613,S3-826830974,S3-907936268,S3-980979104
S1-902422050	S2-123236363,S2-202262103,S2-237538068,S2-306472606,S2-333341774,S2-348522901,S2-35177497,S2-358995715,S2-366783290,S2-39899659,S2-469944644,S2-481701031,S2-481829710,S2-498798948,S2-561839697,S2-568523642,S2-577025927,S2-662874495,S2-67423775,S2-715707300,S2-740452278,S2-741187915,S2-830791024,S2-833537400,S2-841997629,S2-873074982,S2-891940190,S2-918275371,S3-129245292,S3-182391927,S3-199634974,S3-480828286,S3-502045988,S3-852787460,S3-943308113
S1-531191907	S2-552159062,S2-878161980,S3-326960591,S3-329089902,S3-36080389,S3-579684056,S3-979488453
S1-438811218	S2-525313782,S2-57664490,S2-647143947,S2-775973920,S2-837535475,S3-110082597,S3-161601431,S3-291285469,S3-393899216,S3-436985986,S3-717653834,S3-918851466
S1-704919417	S2-213498782,S2-47908472,S3-184554630,S3-366776196,S3-399003251
S1-86989137	S2-146579726,S2-182317456,S2-215445268,S2-536900454,S2-760568940,S3-13086357,S3-259680577,S3-270014696,S3-274817120,S3-312496301,S3-435894704,S3-555951480,S3-638530782,S3-680181038,S3-820658843,S3-899970991,S3-957631837,S3-979369233
S1-180956762	S2-112614659,S2-482548994,S2-70563551,S3-162342558,S3-360993193,S3-861882523,S3-998572374
S1-587701026	S2-185005085,S2-251756601,S2-964066919,S3-222459568,S3-235916085
S1-933243929	S2-28775010,S2-300110717,S2-410379614,S2-427518611,S2-472380341,S2-513409010,S2-716924063,S2-769476897,S2-846241025,S2-944067695,S2-978466439,S3-183648511,S3-292670594,S3-34112549,S3-359036328,S3-376176676,S3-407939502,S3-558014444,S3-559819636,S3-591513562,S3-676958804,S3-702610584,S3-744389604,S3-97294342
S1-695404178	S2-149268351,S2-396362929,S2-495762298,S2-585697744,S2-923633397,S3-142775867,S3-249522001,S3-389392497,S3-435261219,S3-736391862
S1-739445941	S2-346434267,S2-439082067,S2-512862501,S2-570109213,S2-664374947,S2-682294868,S2-752809453,S2-805338787,S2-876157511,S2-989341983,S3-133413252,S3-176788284,S3-632825999,S3-773575613,S3-838755658,S3-852381282,S3-987892950
S1-248333413	S2-127561349,S2-209299113,S2-80203634,S2-908575164,S3-120835912,S3-209098840,S3-702144470,S3-790197515
S1-816256578	S2-194703376,S2-20898154,S2-428830889,S2-454663887,S2-543474827,S2-58277947,S2-598783662,S2-623221691,S2-772902621,S2-851573434,S3-101890687,S3-189320525,S3-269503415,S3-330087840,S3-331260389,S3-356439346,S3-441844060,S3-4436052,S3-499852307,S3-533052842,S3-545757502,S3-635220818,S3-641964517,S3-680659605,S3-689953056,S3-767081406,S3-912473290,S3-933511419,S3-961846186
S1-858622944	S2-273183055,S2-318019614,S2-851938084,S3-6622476
S1-808238383	S2-113991144,S2-146389526,S2-208432546,S2-28825195,S2-294439834,S2-315300750,S2-425630714,S2-551441215,S2-638305432,S2-658103824,S2-708123082,S2-782487083,S2-790376649,S2-850029648,S2-909007377,S3-100838256,S3-103025225,S3-172831454,S3-19880359,S3-225433152,S3-257395017,S3-336197278,S3-379927726,S3-459285111,S3-638231072,S3-696126732,S3-8668360,S3-974233181
S1-160458458	S2-118448580,S2-324630156,S2-414539794,S2-434257717,S2-48780835,S2-520065071,S2-605028266,S2-676269902,S3-138694874,S3-141280454,S3-28812685,S3-290440318,S3-31439943,S3-438446159,S3-486621278,S3-616736405,S3-629473225,S3-687331533,S3-708246237,S3-738532808,S3-766216425,S3-79919505,S3-878390277,S3-887802605,S3-948518444,S3-986442884,S3-995201363
S1-55880119	S2-118948377,S2-145429920,S2-197709182,S2-204879616,S2-214469026,S2-27782402,S2-303032489,S2-310630738,S2-32430961,S2-324819925,S2-402803970,S2-40872156,S2-460498193,S2-467550094,S2-515671300,S2-572218763,S2-578307345,S2-606258540,S2-611018520,S2-69853777,S2-825358296,S2-844807394,S2-871430982,S2-889354533,S2-980854335,S2-982717122,S3-114350819,S3-232385827,S3-271023743,S3-287381385,S3-297412436,S3-408234284,S3-538945304,S3-604001263,S3-728020700
S1-206286193	S2-105075332,S2-470162719,S2-547844997,S2-762179881,S3-263209224,S3-438668798,S3-963388262
S1-615095658	S2-131630301,S2-466350929,S2-662014263,S2-684377847,S2-868662831,S3-513504676
S1-956902396	S2-215715773,S2-259591052,S2-457727686,S2-538287040,S2-627122143,S2-992350163,S3-144720166,S3-69250872,S3-987960711
S1-555242352	S2-166711048,S2-380911411,S2-473918529,S2-568985008,S2-625957024,S2-656038418,S2-798204615,S2-851508938,S2-875079812,S3-16645743,S3-234625288,S3-331929804,S3-338454829,S3-351228405,S3-354937842,S3-530516142,S3-583682685,S3-669809917,S3-709013785,S3-884140951
S1-536705186	S2-21159881,S2-224295030,S2-989304265,S3-773814228,S3-912402724
S1-805495186	S2-104423054,S2-153361238,S2-200058396,S2-266336463,S2-26680410,S2-299117454,S2-323160596,S2-536237085,S2-544679828,S2-577486256,S2-602599551,S2-618606811,S2-682538932,S2-756829895,S2-784592218,S2-916564250,S2-943021010,S3-16712519,S3-197499644,S3-22094742,S3-301207029,S3-328207137,S3-393651638,S3-459542565,S3-475657653,S3-522561585,S3-534602750,S3-587849074,S3-684636424,S3-724027537,S3-784355179,S3-847095616,S3-855943225,S3-963789716,S3-99307680
S1-271750591	S2-144342801,S2-219142757,S2-311406898,S2-449215695,S2-954915206,S3-525702632,S3-689310784
S1-290115538	S2-440465851,S3-136820302,S3-764708025
S1-439955051	S2-107072701,S2-17195960,S2-288998979,S2-462136324,S2-506467091,S2-54813184,S2-617790777,S2-620341026,S2-647999183,S2-65119827,S2-700038395,S2-872806472,S2-956584993,S3-158696226,S3-3713015,S3-457709075,S3-539170381,S3-565165190,S3-640803360,S3-723376214,S3-755366713,S3-773613919,S3-926199905
S1-632256194	S2-148332675,S2-160783505,S2-181401889,S2-207351006,S2-262598821,S2-263351327,S2-325969572,S2-393958947,S2-424795877,S2-50320559,S2-582883906,S2-597136350,S2-59980708,S2-601256930,S2-622940286,S2-645351123,S2-741060453,S2-752713702,S2-755299964,S2-821867852,S2-846535978,S2-847050244,S2-847882502,S2-85196223,S2-894758971,S2-911093894,S2-914055714,S2-927410086,S2-976425057,S3-441658376,S3-466033546,S3-599281267,S3-65628059,S3-720573436,S3-8431405
S1-314714647	S2-103443957,S2-46909251,S2-968477409,S3-192802051,S3-824278032
S1-862024840	S2-21458643,S2-398710557,S2-471540697,S2-482380575,S2-540005643,S2-74265858,S2-749007729,S2-779063504,S2-90040565,S3-106728052,S3-164877461,S3-187313683,S3-203911406,S3-319157758,S3-337676844,S3-377211461,S3-501078612,S3-523566894,S3-549531669,S3-614300694,S3-673597182,S3-84389480,S3-856775026,S3-913433211,S3-93509158,S3-988977282
S1-125321906	S2-164506058,S2-240228506,S2-25044986,S2-25639527,S2-270150045,S2-307620132,S2-430060691,S2-454926714,S2-552709038,S2-590090387,S2-629547835,S2-66757319,S2-672899175,S2-77704458,S2-788450465,S2-869663561,S2-87763770,S2-883201361,S2-889763009,S2-966985435,S2-991804428,S3-100127136,S3-115263858,S3-119954793,S3-180857360,S3-295424183,S3-402378963,S3-467911081,S3-513827469,S3-617276276,S3-620423157,S3-721460028,S3-754104337,S3-808419709,S3-939373150
S1-214010889	S2-11418208,S2-208930969,S2-631804340,S2-639159568,S2-911687989,S3-402934592,S3-601290834
S1-202262115	S2-846833542,S3-682959227,S3-937166193
S1-814793410	S2-17194923,S2-392145339,S2-428439868,S2-456906802,S2-534757014,S2-554224375,S2-607914054,S2-839280644,S2-873556187,S3-105197093,S3-116158717,S3-171181187,S3-314832730,S3-368891593,S3-429685653,S3-534253649,S3-656312289,S3-660561828,S3-690641083,S3-872982512,S3-924039771
S1-840215952	S2-100979549,S2-273839811,S2-316110613,S2-352625664,S2-397310008,S2-398172246,S2-415339378,S2-454924946,S2-455917230,S2-528657450,S2-529607203,S2-542186298,S2-547166835,S2-611603904,S2-694951912,S2-810795585,S2-860486623,S2-863520246,S2-921407226,S2-974539274,S3-117892537,S3-151323685,S3-275263119,S3-329398020,S3-429170537,S3-528463985,S3-553570072,S3-704849178,S3-748855424,S3-764018977,S3-852551101,S3-892924181,S3-941324316,S3-981951400,S3-994822320
S1-687081247	S2-13497347,S2-140513543,S2-141016681,S2-188794062,S2-280373103,S2-346798261,S2-358334073,S2-36962093,S2-39999297,S2-433178586,S2-499164125,S2-499218989,S2-540973913,S2-553335027,S2-576015089,S2-683742345,S2-801579698,S2-856017692,S2-866510554,S2-939124201,S2-953105721,S3-203519994,S3-277822614,S3-285306238,S3-287780537,S3-303387212,S3-399942107,S3-439667182,S3-447446614,S3-62104368,S3-628270451,S3-695731244,S3-783151738,S3-865456564,S3-961847038
S1-44932001	
S1-701273513	S2-353006023,S2-800777375,S3-309537130
S1-96602127	S2-340954111,S2-595962612,S2-848899456
S1-730421519	S2-168434244,S2-957901807,S3-47095147,S3-4878588,S3-820356424
S1-805520274	S2-716143977,S2-732947260,S3-25099100,S3-461274543,S3-536694349,S3-815975408,S3-968125369
S1-304029686	S2-469411714,S2-948269515,S3-270996986,S3-645171149
S1-277568549	S2-142550479,S2-167775591,S2-263158594,S2-267872800,S2-287660910,S2-361585498,S2-388389063,S2-443188528,S2-453254444,S2-458860562,S2-572648775,S2-584654166,S2-588004289,S2-611615974,S2-613033114,S2-636577186,S2-651027670,S2-715670431,S2-764567958,S2-766597833,S2-799529721,S2-820207139,S2-875242013,S2-879728336,S2-885313615,S2-897360687,S2-90392132,S2-91003961,S2-913937007,S3-259631390,S3-451536720,S3-463158707,S3-468334870,S3-738731348,S3-838999423
S1-447720575	S2-253274647,S3-589326167,S3-844435023
S1-805056706	S2-102718051,S2-152730216,S2-155276085,S2-182206960,S2-183447807,S2-199310499,S2-309436005,S2-33379794,S2-370505932,S2-554934326,S2-76892253,S2-849626998,S2-904994695,S2-914015534,S2-936846437,S2-945571727,S2-981502170,S2-996753212,S3-151094258,S3-217277717,S3-303974744,S3-440244657,S3-538340664,S3-598101402,S3-676653258,S3-713599684,S3-717804768,S3-786470510,S3-793299965,S3-857818439,S3-87811429,S3-931355516,S3-931979924,S3-939973399,S3-993167373
S1-595632077	S2-367369037,S3-414656911,S3-517833928,S3-83078553
S1-314308289	S2-158817880,S2-230438494,S2-335536479,S2-468248748,S2-643917832,S3-294336109,S3-448645616,S3-490635080,S3-862471137
S1-176194512	S2-430487676,S2-435123543,S2-576428419,S2-644029227,S2-69755788,S2-70074734,S3-110349245,S3-115793707,S3-137174211,S3-150807003,S3-203549607,S3-241186702,S3-296240409,S3-303320006,S3-321128474,S3-322974564,S3-328821394,S3-35962365,S3-401336848,S3-475071565,S3-560791095,S3-642821429,S3-733903477,S3-735674792,S3-743592424,S3-805670560,S3-808125751,S3-885787619,S3-914411406
S1-575492986	S2-205782058,S2-612182051,S2-947197090,S2-947771878,S3-6773816,S3-756378905
S1-984233875	S2-126113089,S2-287473898,S2-344669711,S2-376233629,S2-399828902,S2-571943447,S2-628056817,S2-644552745,S2-726576662,S2-855182594,S3-102262902,S3-274149100,S3-408088737,S3-432622039,S3-454413362,S3-531342602,S3-541726179,S3-553238033,S3-655782584,S3-69492250,S3-730903695,S3-772997222,S3-78757918,S3-839091382,S3-965385314,S3-988767294
S1-450152295	S3-665255247
S1-535157975	S2-410527706,S2-589870668,S3-427437049
S1-216137765	S2-114803651,S2-156719146,S2-183926701,S2-190915441,S2-277316319,S2-410963764,S2-436009197,S2-65755767,S2-680612609,S2-692542191,S2-775062568,S2-983995539,S3-272737741,S3-429716891,S3-661297563,S3-92715799,S3-939158732,S3-946165958,S3-998485304
S1-954451343	S2-21458643,S2-216446358,S2-295737112,S2-297054511,S2-471540697,S2-482380575,S2-540005643,S2-714341176,S2-749007729,S2-779063504,S2-90040565,S3-106728052,S3-143928971,S3-164877461,S3-203911406,S3-319157758,S3-337676844,S3-377211461,S3-501078612,S3-523566894,S3-537712341,S3-549531669,S3-558572244,S3-614300694,S3-673597182,S3-838093116,S3-84389480,S3-856775026,S3-899440088,S3-913433211,S3-93509158,S3-988977282
S1-558402641	S2-100811277,S2-181042089,S2-194985579,S2-588381793,S2-727830050,S2-761035582,S3-200544971,S3-303016749,S3-36232695,S3-496250765,S3-60231321,S3-629723123,S3-650948726,S3-716726482,S3-739826958,S3-786283439,S3-973323595
S1-511793537	S2-149475544,S2-183492220,S2-389109329,S2-527305487,S2-618166011,S2-779645640,S2-934084804,S2-953054054,S3-132387524,S3-155296758,S3-272533834,S3-2909144,S3-464168374,S3-49257609,S3-621322022,S3-751255106,S3-877272240,S3-922722351,S3-951940813
S1-926707859	S2-129726428,S2-141941838,S2-18002875,S2-229623554,S2-37572914,S2-398026526,S2-477612312,S2-553420319,S2-632264452,S2-640299814,S2-728415668,S2-741739098,S2-778745347,S2-847294762,S2-878202400,S2-918415407,S2-938559567,S2-969988349,S2-970885323,S2-993107908,S3-101078372,S3-393691814,S3-459385899,S3-549499180,S3-605943184,S3-660690741,S3-681339707,S3-71126172,S3-806330885,S3-824205685,S3-844532141,S3-87215067,S3-877623355,S3-919573636,S3-930761446
S1-749530768	S2-116964471,S2-152813133,S2-162844502,S2-168230946,S2-311237158,S2-320212810,S2-327347923,S2-355057676,S2-378341286,S2-418208254,S2-449394985,S2-477580463,S2-559208649,S2-58452227,S2-585050764,S2-641924388,S2-799675222,S2-912071501,S2-921475435,S2-951469456,S2-963460450,S2-971944432,S2-978556719,S2-980524091,S2-994779547,S3-131437648,S3-156062812,S3-296087081,S3-353034749,S3-524199714,S3-63293705,S3-636105112,S3-651789135,S3-684861383,S3-90151132
S1-574218245	S2-17194923,S2-392145339,S2-428439868,S2-456906802,S2-534757014,S2-554224375,S2-57411853,S2-607914054,S2-678457672,S2-68639184,S2-740449761,S2-839280644,S2-873556187,S2-994506452,S3-105197093,S3-116158717,S3-153544726,S3-171181187,S3-314832730,S3-368891593,S3-429685653,S3-433207817,S3-534253649,S3-550392794,S3-660561828,S3-690641083,S3-872982512,S3-924039771
S1-645749442	S2-149475544,S2-183492220,S2-389109329,S2-527305487,S2-618166011,S2-779645640,S2-934084804,S2-953054054,S3-155296758,S3-272533834,S3-2909144,S3-464168374,S3-49257609,S3-621322022,S3-666359943,S3-751255106,S3-877272240,S3-922722351,S3-951940813
S1-334069535	S2-1173491,S2-159699565,S2-196975670,S2-419844886,S2-426281684,S2-428030759,S2-498225414,S2-593553372,S2-653447605,S2-686400156,S2-821207972,S2-849395615,S2-897419904,S3-140433585,S3-175198667,S3-18699851,S3-194267524,S3-444227012,S3-480391326,S3-576691112,S3-727341069,S3-772631373,S3-804600254,S3-827067774,S3-85523430,S3-908117695,S3-919907997,S3-939463833,S3-985895162
S1-986953974	S2-181199933,S2-597158323,S2-75792133,S2-892880098,S2-96426489,S3-186173791,S3-306367864,S3-311779914,S3-39410856,S3-429270479,S3-530466133,S3-625668033,S3-840371375,S3-853812749,S3-893298433,S3-899747602,S3-95720388,S3-958310880,S3-967581375
S1-104486190	S2-205947852,S2-381380141,S2-575226821,S2-931939814,S3-32748707
S1-720744509	S2-102304049,S2-104807576,S2-172668861,S2-204203612,S2-391681544,S2-414936885,S2-446200455,S2-492015688,S2-521380565,S2-620496053,S2-625374950,S2-645073511,S2-686389555,S2-735517551,S2-78769581,S2-876602372,S2-968620336,S3-166215605,S3-188936373,S3-190406851,S3-216035280,S3-264954180,S3-362772894,S3-468575966,S3-470954915,S3-535663223,S3-57849762,S3-780552176,S3-808089168,S3-859875932,S3-863273807,S3-908662005
S1-344951721	S2-155071678,S2-183527790,S2-214616839,S2-231888175,S2-243764861,S2-260219982,S2-301661112,S2-30198793,S2-309431103,S2-316585256,S2-343697224,S2-414256753,S2-469207582,S2-501384396,S2-562997465,S2-606326575,S2-615990414,S2-661781448,S2-666782376,S2-693214144,S2-754856819,S2-777673414,S2-778024060,S2-810813977,S2-820385444,S2-822749847,S2-866983542,S2-872248490,S2-892052286,S2-893939251,S2-944494555,S2-980651759,S3-366341675,S3-377348825,S3-986526946
S1-840278172	S2-216661653,S2-258111012,S2-37217309,S2-465460574,S2-522989755,S2-536756969,S2-696163364,S2-802837546,S3-131158560,S3-139238877,S3-142161259,S3-149565445,S3-153728789,S3-405328706,S3-48926935,S3-574136968,S3-627345153,S3-633923028,S3-654854802,S3-702254487,S3-740785174,S3-840280069,S3-866103109,S3-920630019,S3-96017410,S3-998730144
S1-818149988	S2-172270636,S2-178277614,S2-489380965
S1-690375126	S2-134717137,S2-140948076,S2-156711502,S2-185005085,S2-251756601,S2-271397555,S2-288871760,S2-511295695,S2-521688982,S2-559968500,S2-614304353,S2-785445145,S2-964066919,S2-990992423,S3-125761711,S3-152221147,S3-222459568,S3-235916085,S3-33693027,S3-351642241,S3-358270111,S3-397765450,S3-429893343,S3-432859658,S3-467195779,S3-485489587,S3-501856374,S3-556690023,S3-572676414,S3-573182549,S3-775054072,S3-788834852,S3-829632435,S3-925530888,S3-951946118
S1-747676958	S2-177731812,S2-193270964,S2-199779868,S2-255882283,S2-542432894,S2-622640221,S2-661724330,S2-685362882,S2-695405112,S2-706700824,S2-737624225,S2-792635349,S2-837651273,S2-892005773,S2-950181566,S3-133214974,S3-177319369,S3-220049905,S3-276074437,S3-299061703,S3-30881422,S3-432002082,S3-454215634,S3-527574696,S3-538028992,S3-673386629,S3-759740808,S3-802064274,S3-901132109,S3-944723161
S1-261704835	S2-146171089,S2-148261758,S2-584879283,S2-59023877,S2-712978464,S2-881267783,S2-913348310,S3-597409312,S3-612103674,S3-695659665,S3-762814633,S3-908227613,S3-940675861,S3-982286178
S1-74742448	S2-18126063,S2-21458643,S2-471540697,S2-482380575,S2-49576209,S2-540005643,S2-749007729,S2-779063504,S2-90040565,S2-991618028,S3-106728052,S3-164877461,S3-203911406,S3-296472077,S3-319157758,S3-337676844,S3-377211461,S3-443109567,S3-501078612,S3-523566894,S3-549531669,S3-611594281,S3-614300694,S3-673597182,S3-699279096,S3-84389480,S3-856775026,S3-913433211,S3-93509158,S3-988977282
S1-785847106	S2-112895437,S2-155715739,S2-244913873,S2-389397198,S2-570592656,S2-682611163,S2-708457005,S2-741384203,S2-802444266,S2-870329083,S2-918671514,S2-936538697,S2-960749965,S3-132585579,S3-133441794,S3-145457240,S3-215808555,S3-402237140,S3-450453776,S3-460800223,S3-498934893,S3-651095723,S3-740985790,S3-772751614,S3-805120500,S3-867954903,S3-920414119
S1-646393119	S2-636746717,S3-124360461,S3-427673480,S3-433892033,S3-465583962,S3-886048349
S1-995897123	S2-118886475,S2-175999744,S2-396062681,S2-422999573,S2-527293658,S2-56210650,S2-586169786,S2-60543019,S2-617424918,S2-687729233,S2-740789326,S2-753408999,S2-776738316,S3-111095129,S3-273324366,S3-276137234,S3-283952829,S3-324493896,S3-400124373,S3-404246810,S3-418601178,S3-427916713,S3-436781388,S3-497900274,S3-796795032,S3-906408009,S3-994760261
S1-810457001	S2-688071043,S3-242149005
S1-869086057	S2-126147848,S2-298119858,S2-448572655,S3-142013655,S3-216102677,S3-226575041,S3-301678304,S3-325341265,S3-432919001,S3-464374464,S3-470155334,S3-472885970,S3-541665047,S3-620189155,S3-647139009,S3-67445502,S3-725749046,S3-844054592
S1-379863265	S2-358206813,S2-4788127,S3-270031565,S3-607360095,S3-840504567
S1-939281901	S2-122657207,S2-141802021,S2-378890560,S2-37955881,S2-402474334,S2-407041470,S2-579636976,S2-606698488,S2-805956476,S2-84013571,S2-893943374,S3-134112277,S3-230383116,S3-373174224,S3-379366384,S3-411515038,S3-537368101,S3-5725561,S3-624492556,S3-627135179
S1-82555969	S2-118948377,S2-145429920,S2-197709182,S2-204879616,S2-214469026,S2-27782402,S2-303032489,S2-310630738,S2-32430961,S2-324819925,S2-402803970,S2-40872156,S2-460498193,S2-467550094,S2-515671300,S2-572218763,S2-578307345,S2-606258540,S2-611018520,S2-69853777,S2-825358296,S2-844807394,S2-871430982,S2-889354533,S2-980854335,S2-982717122,S3-114350819,S3-232385827,S3-271023743,S3-287381385,S3-297412436,S3-408234284,S3-538945304,S3-604001263,S3-728020700
S1-706708685	S2-541619282
S1-550241319	S2-419879582,S2-517942008,S2-613034297,S2-645242049,S2-67301474,S3-519430671,S3-633714961,S3-946904809,S3-97040752
S1-378749556	S2-284813322,S2-533468623,S2-685068672,S3-353978147,S3-768801455
S1-140026915	S2-184336560,S2-610056886,S2-659618926,S2-791286938,S2-814891313,S3-182531873,S3-23398472,S3-27940543,S3-303237947,S3-531629720,S3-5564250,S3-558509835,S3-640997844,S3-69040691,S3-859710598,S3-962734580
S1-408524771	S2-522989755,S2-523371691,S2-663515809,S2-74733137,S2-758670695,S2-894686069,S3-105927172,S3-107882656,S3-127657435,S3-206468918,S3-275798620,S3-398017181,S3-433207817,S3-459105416,S3-474491481,S3-496916427,S3-555951480,S3-693804489,S3-706007684,S3-819459908,S3-935886167,S3-966805256
S1-323893092	S2-181591620,S2-182300286,S2-215447588,S2-54336273,S2-659857101,S2-791086100,S2-86279376,S2-926982402,S3-201613130,S3-328958177,S3-345774417,S3-56460115,S3-623130641,S3-917842642
S1-644810595	S2-335966608,S2-463738423,S3-424259975,S3-710201923
S1-289542061	S2-18496240,S2-221669172,S2-293737127,S2-38584522,S2-565201713,S2-586392578,S2-59726531,S2-707537623,S2-798596623,S2-817540535,S2-82421410,S2-961722726,S2-989603378,S3-138541389,S3-275962093,S3-283712921,S3-293958767,S3-32542609,S3-410074860,S3-414840349,S3-438438825,S3-619529814,S3-672360831,S3-682480227,S3-758547914,S3-763705406
S1-908839362	S2-155798618,S2-171818402,S2-46257294,S2-749979646,S2-826854820,S2-874300009,S2-889279675,S3-143254989,S3-159288836,S3-160907448,S3-360297174,S3-657350219,S3-749935778,S3-887568381,S3-999871105
S1-945578383	S2-158613473,S2-200628014,S2-216562420,S2-256175555,S2-273033755,S2-277106942,S2-405757423,S2-428660624,S2-502067105,S2-512746320,S2-517835286,S2-599887285,S2-602005427,S2-635421778,S2-639337663,S2-70367717,S2-709853922,S2-807247864,S2-80754123,S2-811415282,S2-857837464,S2-869339164,S2-885606575,S2-9117950,S2-914824440,S2-96984435,S2-992248431,S3-107219627,S3-368122491,S3-402811756,S3-413656991,S3-434437783,S3-575850073,S3-849412812,S3-970665986
S1-291419333	S2-168343607,S2-224179228,S2-267867078,S2-318550556,S2-352538774,S2-468409428,S2-516200703,S2-573444333,S2-575598547,S2-617410789,S2-67276082,S2-753030076,S2-764297223,S2-794794284,S2-795484451,S2-804023929,S2-830888138,S2-832294496,S2-936770341,S2-950508447,S2-954040283,S3-187505026,S3-237581199,S3-241741661,S3-421403180,S3-566062089,S3-606010619,S3-700330477,S3-74281810,S3-78149499,S3-807213849,S3-813520757,S3-856542524,S3-942647343,S3-974074755
S1-54918117	S2-130583169,S2-15802375,S2-179871223,S2-192948129,S2-245131547,S2-269148212,S2-305093949,S2-335618513,S2-336379980,S2-418259612,S2-440897587,S2-489738117,S2-567669943,S2-603071611,S2-626967195,S2-742406486,S2-755541671,S2-77137939,S2-815616820,S2-884737926,S2-977919046,S3-138257740,S3-146156664,S3-254035959,S3-331856526,S3-383204019,S3-403979964,S3-458126061,S3-581112562,S3-618422773,S3-636847368,S3-637473718,S3-718919501,S3-829639218,S3-907710750
S1-453313801	S2-100811277,S2-181042089,S2-194985579,S2-197977568,S2-588381793,S2-719844095,S2-727830050,S2-761035582,S2-985471600,S3-178624588,S3-187781447,S3-200544971,S3-228240147,S3-303016749,S3-36232695,S3-489294034,S3-496250765,S3-591257319,S3-629723123,S3-650948726,S3-716726482,S3-739826958,S3-786283439,S3-973323595
S1-222734131	S2-487025480,S3-51965859,S3-584555201,S3-656229637,S3-914897360,S3-916573867
S1-139001469	S2-185305938,S2-44497918,S2-94756237,S3-207399315,S3-216662773,S3-231426652,S3-516720619,S3-687681534,S3-707710690,S3-940671059
S1-171563258	S2-100972051,S2-111761628,S2-125381550,S2-153776503,S2-181737978,S2-566696825,S2-572958892,S2-6534624,S2-699500794,S2-739185108,S2-779918174,S2-837065407,S3-127657435,S3-192304778,S3-209632496,S3-219349972,S3-239223018,S3-240664021,S3-319839427,S3-34445297,S3-402560707,S3-421252899,S3-516310432,S3-638186255,S3-683913732,S3-819678087,S3-836363091,S3-904932057,S3-969168724
S1-35757603	S2-196984076,S2-303844166,S2-349303306,S2-379088474,S2-389387937,S2-422639266,S2-445866583,S2-551453076,S2-561625161,S2-60654781,S2-679462243,S2-695929716,S2-732649321,S2-749623451,S2-778042390,S2-786417426,S2-818008321,S2-828936633,S2-836589646,S2-851150147,S2-877301310,S2-916238268,S2-956658428,S2-962297781,S2-971508704,S2-97945211,S3-122668024,S3-22379704,S3-317013910,S3-324443283,S3-421869378,S3-435254251,S3-558308793,S3-578194741,S3-690859996
S1-528834818	S3-543011232,S3-678185343,S3-843743799
S1-104064742	S2-214943792,S2-464206083,S2-627699238,S2-878954544,S3-761084969,S3-917431661
S1-842983493	S2-149280986,S2-540535951,S2-859918264,S3-503637833
S1-31231440	S2-123236363,S2-202262103,S2-226202214,S2-237538068,S2-306472606,S2-333341774,S2-348522901,S2-35177497,S2-358995715,S2-366783290,S2-39899659,S2-469944644,S2-481701031,S2-481829710,S2-498798948,S2-560767923,S2-561839697,S2-568523642,S2-577025927,S2-662874495,S2-67423775,S2-715707300,S2-740452278,S2-741187915,S2-830791024,S2-833537400,S2-841997629,S2-873074982,S2-891940190,S2-918275371,S3-165190823,S3-75691042,S3-839920094,S3-852787460,S3-943308113
S1-237739500	S2-154603482,S2-193428522,S2-314999526,S2-626326981,S2-660036492,S2-725699592,S2-72935416,S2-939010115,S3-148513444,S3-224385035,S3-42431840,S3-478189566,S3-519280633,S3-60753683,S3-637115850,S3-649237979,S3-65905774,S3-66521609,S3-749533175,S3-797828547,S3-828299599,S3-915559121,S3-983001754
S1-302336782	S2-180407638,S2-482848507,S2-799495691,S2-80584586,S2-891713032,S3-101791886,S3-121830634,S3-126940365,S3-136531885,S3-179512259,S3-180877132,S3-234107334,S3-302517578,S3-340597601,S3-419997704,S3-53178265,S3-630331250,S3-824497287
S1-56735529	S2-329263365,S2-78391410,S2-826301918,S2-840824262,S3-41151611,S3-453570944,S3-849996571,S3-911015570
S1-514256828	S2-104685269,S2-127605297,S2-201728117,S2-318339505,S2-35894137,S2-373953058,S2-487164134,S2-510009575,S2-524577737,S2-541569307,S2-542961065,S2-55559483,S2-572364537,S2-67374199,S2-689868320,S2-701117503,S2-757928282,S2-761037233,S2-781821560,S2-820285603,S2-820726884,S2-826749078,S2-969820490,S2-993097609,S3-112518959,S3-117569137,S3-176872341,S3-405004250,S3-434722760,S3-580593014,S3-610502798,S3-777858845,S3-798208152,S3-861601466,S3-997386208
S1-534481010	S2-454159039,S2-585844839,S2-68982903,S3-41198697
S1-877425879	S2-140724632,S2-156573872,S2-20605961,S2-210062866,S2-22986055,S2-277996470,S2-281025226,S2-285248484,S2-31818821,S2-320581764,S2-341455263,S2-399419463,S2-448940065,S2-456934782,S2-481071542,S2-48233411,S2-547557150,S2-582570386,S2-609161415,S2-662227064,S2-731163714,S2-823813982,S2-831323446,S2-835142245,S2-868127388,S2-884637854,S2-895840866,S2-900544727,S2-904176125,S2-950851985,S2-992686249,S2-99841727,S3-196193290,S3-560847801,S3-744431960
S1-496404957	S2-191430445,S2-26705740,S2-417565427,S2-50620641,S2-583157639,S2-660138454,S2-707715938,S2-902268265,S3-294219520,S3-356698204,S3-386507165,S3-48619193,S3-687145810,S3-810042714,S3-823297897,S3-836391296,S3-956468958,S3-968394128,S3-976752794
S1-13459471	S3-676573074
S1-655628490	S2-360788603,S2-372172880,S2-394571120,S2-51574598,S2-556469960,S2-581508866,S2-708757485,S2-861288400,S2-986940248,S3-188354063,S3-22679509,S3-232519749,S3-243209227,S3-382868122,S3-41801400,S3-525239074,S3-533981091,S3-548199504,S3-562383456,S3-607060939,S3-63271265,S3-717541835,S3-973816063
S1-316755315	S2-194703376,S2-28141303,S2-428830889,S2-454663887,S2-467580943,S2-543474827,S2-598783662,S2-623221691,S2-772902621,S2-851573434,S2-930854295,S3-101890687,S3-189320525,S3-269503415,S3-330087840,S3-331260389,S3-356439346,S3-441844060,S3-4436052,S3-533052842,S3-545757502,S3-582211728,S3-635220818,S3-641964517,S3-680659605,S3-689953056,S3-767081406,S3-912473290,S3-933511419,S3-961846186
S1-522799506	S2-453621641,S2-636319849,S2-704232842,S3-329935546,S3-956044844,S3-962856810,S3-99745999
S1-652634785	S2-15356529,S2-156365780,S2-197133415,S2-230056530,S2-284852614,S2-304922384,S2-317511223,S2-519260263,S2-76559504,S2-958479461,S3-330999015,S3-341184505,S3-341323317,S3-554332060,S3-788290060,S3-903977112,S3-944496775
S1-716451136	S2-127687434,S2-14569417,S2-26682636,S2-31343065,S2-334306742,S2-487852953,S2-491567454,S2-62477417,S2-647344027,S2-708047793,S2-749779212,S2-816437123,S2-878764283,S2-904605843,S3-167001092,S3-324443283,S3-340324162,S3-558816619,S3-596772585,S3-601709706,S3-632515875,S3-642244334,S3-666359943,S3-671757229,S3-680804730,S3-729937923,S3-843524483,S3-855794755,S3-90001473,S3-915954872
S1-851816270	S2-196984076,S2-303844166,S2-349303306,S2-379088474,S2-389387937,S2-422639266,S2-445866583,S2-551453076,S2-561625161,S2-60654781,S2-679462243,S2-695929716,S2-732649321,S2-749623451,S2-778042390,S2-818008321,S2-828936633,S2-851150147,S2-877301310,S2-916238268,S2-962297781,S2-971508704,S2-97945211,S3-122668024,S3-22379704,S3-238212341,S3-372603125,S3-434415957,S3-435254251,S3-558308793,S3-564283273,S3-690859996,S3-824809429,S3-882333270,S3-909139164
S1-408652294	S2-224201763,S2-377640723,S2-441686547,S2-647640576,S2-711906490,S2-751644079,S2-86619877,S2-922150401,S2-94442181,S3-142602324,S3-155425282,S3-216815698,S3-271646714,S3-517364994,S3-529340311,S3-53354920,S3-769824375,S3-770888965,S3-830237412,S3-949307490
S1-172144933	S2-111754431,S2-761061968,S3-508398739,S3-532753280
S1-760667963	S2-262221319,S3-802167044,S3-989118574
S1-987187835	S2-498417211,S3-712230345,S3-908427663
S1-646841494	S2-145668513,S2-175422550,S2-184869359,S2-429217461,S2-485161101,S2-527759308,S2-650540166,S2-666344224,S2-714330616,S2-954345809,S3-117595477,S3-122538898,S3-17476731,S3-22196773,S3-375050071,S3-431073331,S3-580494386,S3-657728717,S3-684169070,S3-684244007,S3-73132404,S3-852542824,S3-899227168,S3-931325695
S1-567646611	S2-34726130,S2-650112509,S3-336147145
S1-604865181	S2-114803651,S2-156719146,S2-277316319,S2-410963764,S2-436009197,S2-448529162,S2-65755767,S2-692542191,S2-775062568,S2-873425323,S2-983995539,S3-272737741,S3-429716891,S3-628582418,S3-661297563,S3-92715799,S3-939158732,S3-946165958,S3-998485304
S1-543874807	S2-953534056,S3-34254854
S1-561782996	S2-318424404,S2-525084410,S3-493973808,S3-896690900
S1-783518091	S2-113674828,S2-134281412,S2-138235464,S2-143816536,S2-236753378,S2-280086857,S2-326384163,S2-381716954,S2-443505414,S2-555030699,S2-587667949,S2-661106608,S2-695007731,S2-70247599,S2-727709302,S2-828598722,S2-829591643,S2-863504950,S2-885978611,S2-892877711,S2-959132099,S2-97754258,S3-120498859,S3-260126282,S3-353587760,S3-393472895,S3-426199816,S3-466493925,S3-475226933,S3-524265673,S3-554878980,S3-829645371,S3-83149923,S3-93146105,S3-985941103
S1-248481368	S2-604702011,S3-11628008
S1-447115949	S2-122612997,S2-151714424,S2-195375349,S2-229609386,S2-231301098,S2-246667519,S2-254651225,S2-266209904,S2-283762075,S2-370932433,S2-452450283,S2-47208718,S2-514214943,S2-543310395,S2-566621691,S2-60820205,S2-668022497,S2-743086829,S2-840855704,S2-851675995,S2-888289814,S2-984814045,S3-208138754,S3-327453985,S3-355536759,S3-433611173,S3-46345614,S3-540145146,S3-540903983,S3-566401916,S3-778505908,S3-79561043,S3-85311066,S3-855173138,S3-889143817
S1-715217190	S2-898382609,S3-132093280,S3-163066489,S3-539809861,S3-793425582
S1-708508898	S2-13497347,S2-140513543,S2-141016681,S2-188794062,S2-280373103,S2-346798261,S2-358334073,S2-36962093,S2-39999297,S2-433178586,S2-499164125,S2-499218989,S2-540973913,S2-553335027,S2-576015089,S2-683742345,S2-801579698,S2-856017692,S2-866510554,S2-939124201,S2-953105721,S3-203519994,S3-277822614,S3-285306238,S3-287780537,S3-303387212,S3-399942107,S3-439667182,S3-447446614,S3-62104368,S3-628270451,S3-695731244,S3-783151738,S3-865456564,S3-961847038
S1-30544668	S2-536915243,S2-641070239,S3-736884660,S3-820696616
S1-666374733	S2-65221182,S3-707887814,S3-847484231,S3-866165773,S3-895029818,S3-918216676
S1-741048456	S2-13235949,S2-134420774,S2-139893458,S2-185547455,S2-311609470,S2-49965638,S2-6078301,S2-60922642,S2-697773627,S2-706484314,S2-715503529,S2-742622916,S2-767018785,S2-783110346,S2-823179356,S2-82785475,S2-835735653,S2-851498372,S2-918884783,S2-943674530,S3-214413605,S3-28735712,S3-288161814,S3-28978922,S3-312995706,S3-36964922,S3-477429580,S3-546804221,S3-641597990,S3-669936867,S3-705061486,S3-840843392,S3-853171460,S3-904852025,S3-926073794
S1-540270259	S2-608109236,S2-952611042,S3-872067574
S1-603078992	S2-915326689,S3-254529977,S3-643482818
S1-174513984	S2-147852145,S2-198118654,S2-586294286,S3-103076961,S3-335074611,S3-37760584,S3-647367408,S3-665696133,S3-818965803
S1-517951979	S2-677562434,S2-974345181,S3-668913289
S1-839645965	S2-108667769,S2-244529864,S2-283628629,S2-358575945,S2-375829416,S2-376486539,S2-40943466,S2-513227544,S2-532756260,S2-547499135,S2-714505855,S2-762775244,S2-785819524,S2-845548172,S2-892848533,S2-896099449,S2-97160356,S2-981694912,S3-119398022,S3-146718733,S3-233985497,S3-242187551,S3-308048647,S3-310870717,S3-38284685,S3-474645905,S3-482482057,S3-588955896,S3-639223085,S3-659126396,S3-661700266,S3-74285787,S3-905827796,S3-941718437,S3-963919896
S1-578420286	S2-104999424,S2-275822493,S2-471256842,S2-565656930,S2-953517273,S3-311272976,S3-549771130,S3-732186337,S3-752550033
S1-812361268	S2-142550479,S2-167775591,S2-263158594,S2-267872800,S2-287660910,S2-361585498,S2-388389063,S2-443188528,S2-453254444,S2-458860562,S2-572648775,S2-584654166,S2-588004289,S2-611615974,S2-613033114,S2-651027670,S2-715670431,S2-764567958,S2-766597833,S2-799529721,S2-820207139,S2-875242013,S2-879728336,S2-885313615,S2-897360687,S2-90392132,S2-91003961,S2-913937007,S3-259631390,S3-451536720,S3-463158707,S3-468334870,S3-738731348,S3-793456964,S3-838999423
S1-508366378	S2-197100256,S2-390785658,S3-32616034,S3-427949550,S3-726332228
S1-76628511	S2-175232844,S2-264482953,S2-366070890,S2-403858184,S2-417219305,S2-621473485,S2-661272914,S2-706634627,S2-72116429,S2-795263604,S2-797453714,S2-820410002,S2-906086535,S2-949124193,S2-959699201,S3-10993329,S3-213365773,S3-214153458,S3-221792017,S3-330657023,S3-415957549,S3-447448464,S3-450861274,S3-485526850,S3-531152617,S3-569647899,S3-690040528,S3-692984253,S3-708891756,S3-767505238,S3-770372727,S3-783030214,S3-824886886
S1-229102605	S2-476503147,S2-792126269,S3-899440088
S1-929320417	S2-275012701,S2-479796481,S3-241909309,S3-384706486,S3-455011584
S1-940084634	S2-67623965,S2-86379685,S3-369580391
S1-144239108	S2-114643127,S2-170100406,S2-186467125,S2-2925900,S2-313706159,S2-315036816,S2-378659927,S2-3862671,S2-426435110,S2-430675029,S2-431346739,S2-436744512,S2-458585786,S2-528473005,S2-579152737,S2-5802395,S2-583482592,S2-654003376,S2-68748027,S2-702366846,S2-728896995,S2-744685697,S2-802426321,S2-875893829,S2-894769041,S2-918744953,S2-930598605,S2-935748931,S2-949241934,S3-172928912,S3-343516741,S3-369804093,S3-483249593,S3-680533986,S3-763849963
S1-139922907	S2-215590224,S2-263823792,S2-268652103,S2-470678859,S2-764333577,S2-864951692,S2-959041507,S2-97573234,S3-227473623,S3-316256321,S3-371356482,S3-793826049,S3-910337938
S1-228837425	S2-823259364,S3-332127298,S3-375863304
S1-586159681	S2-144605581,S2-215375025,S2-2303053,S2-312708764,S2-346821440,S2-438620395,S2-445229762,S2-544750938,S2-687120060,S2-721222230,S2-772202422,S2-792111025,S2-818469684,S2-87122718,S2-884716368,S2-927828064,S2-931392519,S2-96508269,S3-117507735,S3-162829800,S3-277152022,S3-321432576,S3-321804896,S3-346026279,S3-395099143,S3-403816624,S3-419882111,S3-474721351,S3-579638496,S3-644548049,S3-765321409,S3-851951872,S3-927310956,S3-946557973,S3-985322022
S1-723690266	S2-138492196,S2-196701374,S2-284844649,S2-28814628,S2-346604707,S2-440200685,S2-460136490,S2-484928805,S2-513122313,S2-513714827,S2-598443398,S2-653851340,S2-670002638,S2-676083081,S2-709013347,S2-96278312,S3-105624197,S3-188402953,S3-196044535,S3-294103122,S3-314512434,S3-336045709,S3-36044583,S3-413139997,S3-425044518,S3-481637349,S3-486806366,S3-520022527,S3-625715991,S3-626535046,S3-634002678,S3-735727877,S3-781484477,S3-859356554,S3-942216360
S1-930982377	S2-156843496,S2-182203325,S2-278899754,S2-293675262,S2-645138790,S2-663191944,S2-676769255,S2-788775002,S2-914777518,S2-995355874,S3-135966940,S3-148672819,S3-200112471,S3-229487225,S3-254453507,S3-269778843,S3-379400162,S3-49965116,S3-545360116,S3-643001634,S3-801025607,S3-822336944,S3-839254878,S3-863463356,S3-87081501,S3-929261323
S1-989924267	S2-973482655,S3-262595741
S1-137750545	S2-112135646,S2-114946280,S2-25973026,S2-273014357,S2-279568073,S2-321103127,S2-374649875,S2-500995216,S2-840224170,S2-918602700,S2-958296449,S2-95830434,S3-10034532,S3-223358741,S3-262775573,S3-277411616,S3-282619594,S3-292493546,S3-335428371,S3-40393162,S3-554696775,S3-689183019,S3-701941347,S3-775569189,S3-786131703,S3-921297772,S3-943244761
S1-529579280	S2-202673829,S2-85704077,S2-986559342,S3-174911348
S1-576615436	S2-116964471,S2-152813133,S2-162844502,S2-168230946,S2-311237158,S2-320212810,S2-327347923,S2-355057676,S2-378341286,S2-418208254,S2-449394985,S2-477580463,S2-559208649,S2-58452227,S2-585050764,S2-641924388,S2-799675222,S2-912071501,S2-921475435,S2-951469456,S2-963460450,S2-971944432,S2-978556719,S2-980524091,S2-994779547,S3-131437648,S3-156062812,S3-296087081,S3-353034749,S3-511970870,S3-524199714,S3-63293705,S3-636105112,S3-684861383,S3-90151132
S1-209020026	S2-128984910,S2-183023274,S2-323634366,S2-577790520,S2-590459236,S2-666174598,S2-778144738,S2-902877826,S2-917135684,S3-157724246,S3-224150842,S3-272131193,S3-277299317,S3-415413419,S3-453038612,S3-494873401,S3-58133998,S3-606504764,S3-63655937,S3-785280015,S3-823381179,S3-925541874,S3-966211143,S3-982380945
S1-606820035	S2-643038520,S3-398602633,S3-640067785
S1-576290974	S2-144639200,S2-272287416,S2-301757320,S2-316755660,S2-389276330,S2-394563496,S2-515533379,S2-611558394,S2-678462216,S2-875814849,S2-884848693,S3-1187310,S3-181286426,S3-194653364,S3-275031935,S3-307676363,S3-384473085,S3-407234407,S3-480670690,S3-510446260,S3-559842120,S3-662967977,S3-717964319,S3-735569201,S3-749456438,S3-931583222,S3-940345466,S3-940980867,S3-956984937
S1-202022419	S2-126981949,S2-224962412,S2-238799081,S2-247207153,S2-534358704,S2-585146793,S2-78561659,S2-81630675,S2-819128193,S2-955555568,S3-184087201,S3-285187799,S3-478786677,S3-519803849,S3-553493139,S3-627551702,S3-649008089,S3-737725897,S3-770235693,S3-844209144,S3-998184203
S1-335994787	S2-105855708,S2-244721500,S2-48551624,S2-660708598,S2-720647607,S2-946964997,S3-164758676,S3-378186382,S3-404079493,S3-807021078,S3-863775920,S3-922316543
S1-100435874	S2-107072701,S2-193567085,S2-296929337,S2-549987988,S2-968284439,S3-11698664,S3-999129670
S1-701324010	S2-675926597,S3-283928170,S3-62706451,S3-651955337
S1-644361545	S2-172564091,S2-225890501,S2-262917378,S2-293251910,S2-302370442,S2-375148319,S2-405375681,S2-450202901,S2-5304448,S2-828581785,S2-883850682,S2-967359683,S2-995551385,S3-103194134,S3-218927372,S3-278392419,S3-301713507,S3-383643166,S3-436893675,S3-581612076,S3-622223183,S3-715269569,S3-780121333,S3-926258275,S3-931500217,S3-974667905,S3-995168006
S1-124298898	S2-53338015,S2-767511536,S3-1825994,S3-624082531,S3-904579466
S1-396880873	S2-474381391,S2-589481940,S2-826731871,S3-956492835
S1-625272950	S2-101323984,S2-132710191,S2-196840499,S2-217734858,S2-263087763,S2-280290420,S2-30655389,S2-32892146,S2-394954854,S2-416949931,S2-516582366,S2-522433697,S2-526399876,S2-562117280,S2-661510998,S2-769952301,S2-778846012,S2-788794141,S2-794980221,S2-810922647,S2-820221567,S2-845708664,S2-880094418,S2-913620149,S3-108039810,S3-171946523,S3-210870050,S3-240268161,S3-344479834,S3-421869378,S3-481797808,S3-618327131,S3-649907207,S3-849379271,S3-895784814
S1-827122880	S2-100523606,S2-125980049,S2-331348301,S2-655620152,S2-660515300,S2-679844359,S2-720972202,S2-786574774,S2-96288944,S2-998394087,S3-233305147,S3-335300044,S3-366235456,S3-377823013,S3-608635752,S3-639418426,S3-788036466,S3-850814100,S3-851573121
S1-194652691	S2-295222153,S2-4768472,S2-823066630,S3-846185905
S1-145361722	S2-120366543,S2-159264625,S2-647964274,S2-939389287,S3-461158900,S3-96572514
S1-808056305	S2-144639200,S2-214755547,S2-272287416,S2-301757320,S2-316755660,S2-325177361,S2-394563496,S2-515533379,S2-611558394,S2-62228480,S2-667484024,S2-678462216,S2-875814849,S2-884848693,S3-1187310,S3-151130234,S3-181286426,S3-194653364,S3-275031935,S3-307676363,S3-384473085,S3-407234407,S3-480670690,S3-510446260,S3-529567800,S3-559842120,S3-662967977,S3-717964319,S3-735569201,S3-749456438,S3-931583222,S3-935183445,S3-940345466,S3-940980867,S3-956984937
S1-100109534	S2-456305658,S2-501277457,S2-993679313,S3-173726535,S3-415912126,S3-834817305
S1-261903409	S2-197953372,S2-253245428,S2-266437162,S2-334991974,S2-357511209,S2-366480050,S2-378660284,S2-399866773,S2-492589350,S2-504612567,S2-518859576,S2-600433503,S2-621897365,S2-650607812,S2-660091990,S2-767535321,S2-774316610,S2-778612308,S2-815315339,S2-840093914,S2-857812018,S2-876550689,S2-959349075,S3-161755914,S3-311928554,S3-344613341,S3-478293486,S3-559434817,S3-56301013,S3-595539211,S3-73180305,S3-792548532,S3-931877179,S3-957699670,S3-999512002
S1-997802413	S2-261550171,S3-317367352,S3-440432997
S1-216641290	S2-149602738,S2-335549531,S2-361562650,S2-384616423,S2-548360714,S2-58142389,S2-598783899,S2-714505855,S2-728143975,S2-752866007,S3-255138759,S3-267499170,S3-362251097,S3-419735406,S3-492678895,S3-531104837,S3-596727826,S3-765807910,S3-770926116,S3-778249419,S3-851382760,S3-883132792,S3-912583004,S3-914714358,S3-922372714,S3-926388121,S3-989774219
S1-980858330	S2-363364626
S1-538197345	S2-13497347,S2-140513543,S2-141016681,S2-188794062,S2-280373103,S2-346798261,S2-358334073,S2-36962093,S2-39999297,S2-433178586,S2-499164125,S2-499218989,S2-540973913,S2-553335027,S2-576015089,S2-683742345,S2-801579698,S2-856017692,S2-866510554,S2-939124201,S2-953105721,S3-203519994,S3-277822614,S3-285306238,S3-287780537,S3-303387212,S3-399942107,S3-439667182,S3-447446614,S3-62104368,S3-628270451,S3-695731244,S3-783151738,S3-865456564,S3-961847038
S1-350234058	S2-23273229,S2-31968149,S2-480914205,S2-52875047,S2-566979922,S2-590300910,S2-607019666,S2-628577839,S2-690564799,S2-78133197,S2-813531029,S2-835057637,S2-86494093,S2-912477500,S2-970093276,S3-133922628,S3-171407899,S3-212632779,S3-223677950,S3-226497953,S3-400491401,S3-446697895,S3-549267697,S3-558605236,S3-581274155,S3-649195812,S3-716838870,S3-740439417,S3-742867732,S3-747606909,S3-774890252,S3-822803974,S3-90766911,S3-958748038,S3-972241629
S1-431795211	S2-492112983,S2-584188845,S3-41862132,S3-488720107,S3-528351062
S1-67172650	S2-555166797,S2-74945214,S2-789470377,S3-520282171,S3-776312267
S1-391748024	S2-102718051,S2-152730216,S2-155276085,S2-182206960,S2-183447807,S2-199310499,S2-309436005,S2-33379794,S2-370505932,S2-554934326,S2-76892253,S2-849626998,S2-904994695,S2-914015534,S2-936846437,S2-945571727,S2-981502170,S2-996753212,S3-151094258,S3-217277717,S3-303974744,S3-440244657,S3-538340664,S3-598101402,S3-676653258,S3-713599684,S3-717804768,S3-786470510,S3-793299965,S3-857818439,S3-87811429,S3-931355516,S3-931979924,S3-939973399,S3-993167373
S1-103117232	S2-457262539,S2-850809561,S3-212205545,S3-45065978,S3-554090310
S1-63990887	S2-965330367,S3-708821241,S3-798582752
S1-456706799	S2-121381055,S2-14461671,S2-153404729,S2-198863718,S2-232490044,S2-252623679,S2-255122739,S2-285260766,S2-429934193,S2-475161347,S2-516007752,S2-52983709,S2-567268382,S2-574183114,S2-649722676,S2-666235437,S2-679625068,S2-755422053,S2-775511888,S2-833849412,S2-860136722,S2-89923888,S2-902028636,S2-902843744,S2-905679603,S2-94421348,S3-18304832,S3-242913124,S3-515296015,S3-623506473,S3-65937531,S3-793628788,S3-81804477,S3-848221265,S3-870527398
S1-310678505	S2-738796553,S2-983468481,S3-146240257,S3-184067932,S3-198887797,S3-249776047,S3-444049586,S3-821161819
S1-189859324	S2-115062951,S2-186919003,S2-319316823,S2-45444587,S2-530218068,S2-693241474,S2-770806467,S2-893338860,S3-168069258,S3-200963631,S3-271372088,S3-317833334,S3-38629426,S3-393546592,S3-403095224,S3-405354702,S3-65741742,S3-770965291,S3-910019139,S3-942175731
S1-106326930	S2-518892482,S2-766998880,S3-205393192,S3-83453994
S1-19082136	S2-225006605,S2-256513842,S2-270737897,S2-354847275,S2-364480311,S2-433835456,S2-478513689,S2-586868277,S2-602908979,S2-620463310,S2-651702187,S2-919469174,S2-992133862,S3-136500349,S3-172442589,S3-175970426,S3-249476597,S3-277560737,S3-335776755,S3-409091022,S3-486820598,S3-564490424,S3-649160762,S3-796079110,S3-871044143,S3-88338972,S3-937822767,S3-950205446,S3-95823295
S1-231519650	S2-137188804,S2-305925793,S2-327325549,S2-442717160,S2-458603365,S2-518741071,S2-529051857,S2-563115127,S2-565031183,S2-640474309,S2-647006024,S2-715902572,S2-747811082,S2-808195533,S2-856953420,S2-883216567,S3-113238993,S3-286238001,S3-342273571,S3-348493846,S3-379662508,S3-464452357,S3-482293711,S3-525301511,S3-597321613,S3-65266856,S3-658494722,S3-673332972,S3-68505008,S3-760772403,S3-793024718,S3-815540739,S3-880695057,S3-90202042,S3-998294478
S1-60996509	S2-13235949,S2-134420774,S2-139893458,S2-185547455,S2-311609470,S2-49965638,S2-6078301,S2-60922642,S2-697773627,S2-706484314,S2-715503529,S2-742622916,S2-767018785,S2-783110346,S2-823179356,S2-82785475,S2-835735653,S2-851498372,S2-918884783,S2-943674530,S3-214413605,S3-28735712,S3-288161814,S3-28978922,S3-312995706,S3-36964922,S3-477429580,S3-546804221,S3-641597990,S3-669936867,S3-705061486,S3-840843392,S3-853171460,S3-904852025,S3-926073794
S1-502736054	S2-167880419,S2-367237866,S2-418844166,S2-49680847,S2-618844064,S2-657355752,S2-884845385,S3-135063094,S3-192367257,S3-218984238,S3-243030748,S3-304299787,S3-31256465,S3-517160004,S3-664968319,S3-674167,S3-778802724,S3-82080725
S1-949992319	S3-764398603
S1-730934468	S2-356983532,S3-352439310,S3-696811033
S1-30407062	S2-71016918,S3-217933567
S1-288276341	S2-137188804,S2-305925793,S2-327325549,S2-442717160,S2-458603365,S2-518741071,S2-529051857,S2-563115127,S2-565031183,S2-640474309,S2-647006024,S2-715902572,S2-747811082,S2-808195533,S2-856953420,S2-883216567,S3-113238993,S3-286238001,S3-342273571,S3-348493846,S3-379662508,S3-464452357,S3-482293711,S3-525301511,S3-597321613,S3-65266856,S3-658494722,S3-673332972,S3-68505008,S3-760772403,S3-793024718,S3-815540739,S3-880695057,S3-90202042,S3-998294478
S1-183290515	S2-128403509,S2-319387779,S2-640793308,S2-972691228,S3-852024502,S3-979898428
S1-247801289	S2-146171089,S2-149266198,S2-205373660,S2-232391244,S2-236438196,S2-237581495,S2-27423292,S2-283459051,S2-32486553,S2-373023772,S2-379180586,S2-407116026,S2-451710275,S2-524600877,S2-527976407,S2-541373851,S2-567480009,S2-647995833,S2-718026833,S2-729643675,S2-752280842,S2-787859615,S2-797658852,S2-840939538,S2-84136000,S2-922011742,S3-133356181,S3-255051180,S3-270387964,S3-610870306,S3-614225541,S3-621549777,S3-690379551,S3-85738770,S3-936751977
S1-686254337	
S1-281769561	S2-121170903,S2-157731743,S2-224435420,S2-405726244,S2-422884878,S2-502398434,S2-670948516,S3-104166539,S3-295296204,S3-419710961,S3-722826901,S3-967238975,S3-973546244
S1-496331216	S2-128877051,S2-180447643,S2-183994815,S2-198865808,S2-21921320,S2-2680626,S2-300373097,S2-336434320,S2-433680239,S2-434043362,S2-473750715,S2-561622869,S2-610645786,S2-659960735,S2-686920415,S2-704204989,S2-763088200,S2-777751614,S2-820533396,S2-850159662,S2-892510088,S2-897544768,S2-901468249,S2-90457385,S2-92209075,S2-946853749,S2-980306379,S3-134269247,S3-247018126,S3-43022101,S3-470403196,S3-480612064,S3-594514162,S3-610770262,S3-794991901
S1-432931957	S2-26500789,S2-39527162,S2-432834237,S2-444525574,S2-486418227,S2-50626186,S2-536857301,S2-567495331,S2-596145832,S2-604151999,S2-641737479,S2-647950619,S2-873707066,S2-900244439,S2-912528411,S2-958761019,S3-134941854,S3-160636386,S3-284924975,S3-299454566,S3-328988736,S3-454964671,S3-489864319,S3-494959407,S3-543737975,S3-553555462,S3-589148871,S3-620971076,S3-645951780,S3-741223656,S3-741903950,S3-775311048,S3-853468774,S3-877387702,S3-981713396
S1-839147305	S2-164155305,S2-175362050,S2-288443607,S2-299640307,S2-446106239,S2-503625572,S2-508111862,S2-886131666,S2-887165055,S2-895081043,S2-904826614,S2-92663671,S3-141444771,S3-216194788,S3-325254367,S3-34799181,S3-388747679,S3-631671911,S3-654519924,S3-66207499,S3-66860585,S3-711838591,S3-764795401,S3-775700958,S3-804091064,S3-830130228,S3-97255673
S1-879564913	S2-940960159,S2-949842822,S3-269317300,S3-908877851
S1-141021770	S2-492112983,S2-584188845,S3-488720107,S3-528351062,S3-914889007
S1-982742576	S2-122293268,S2-162766225,S2-228349446,S2-271296675,S2-385345869,S2-405673580,S2-422832756,S2-452774342,S2-462925847,S2-468816013,S2-531391738,S2-5766296,S2-640358428,S2-653515402,S2-657888531,S2-737525280,S2-889498785,S2-889617729,S2-952689575,S3-106471748,S3-319154968,S3-354146222,S3-476808959,S3-536993638,S3-590659041,S3-695488760,S3-77602954,S3-86491835,S3-888770595,S3-981004877
S1-562736157	S2-135659916,S2-282273778,S2-351229633,S2-399607715,S2-416300306,S2-49965492,S2-559982541,S2-598443082,S2-734953353,S2-970879266,S3-169471428,S3-265728772,S3-347072951,S3-379293390,S3-486436834,S3-527368683,S3-625762768,S3-778288455,S3-88283245,S3-91557648,S3-968717143
S1-512420483	S2-419872865,S2-813933994,S2-948188985,S3-746342714
S1-281088937	S2-764689758,S2-996249340,S3-188494008
S1-616204137	S2-402580807,S2-475648601,S2-681121574,S2-717788807,S2-786810278,S3-133435111,S3-2449058,S3-434478782,S3-450691112
S1-825545128	S2-130583169,S2-15802375,S2-192948129,S2-245131547,S2-269148212,S2-305093949,S2-335618513,S2-336379980,S2-418259612,S2-440897587,S2-489738117,S2-567669943,S2-603071611,S2-626967195,S2-742406486,S2-755541671,S2-77137939,S2-815616820,S2-884737926,S2-977919046,S3-138257740,S3-146156664,S3-254035959,S3-331856526,S3-383204019,S3-403979964,S3-458126061,S3-581112562,S3-618422773,S3-636847368,S3-637473718,S3-709375143,S3-718919501,S3-829639218,S3-907710750
S1-305166561	S2-11983041,S2-278720929,S2-353659963,S2-66871982,S2-929718535,S2-996424384,S3-103918380,S3-395949527,S3-483171314,S3-49188495,S3-497820554,S3-555608669,S3-720746136,S3-809239576,S3-906903526,S3-951776972
S1-993636915	S2-248107822,S2-803657153,S3-504013768,S3-551555433,S3-72189219,S3-754539339
S1-3118239	S2-184568209,S2-346434267,S2-384807569,S2-512862501,S2-570109213,S2-664374947,S2-682294868,S2-752809453,S2-805338787,S2-876157511,S2-989341983,S3-133413252,S3-176788284,S3-632825999,S3-761340400,S3-773575613,S3-838755658,S3-852381282,S3-94426820,S3-987892950
S1-907553730	S2-145889845,S2-153555569,S2-161077029,S2-240200643,S2-303133875,S2-353041794,S2-384151706,S2-44445555,S2-468278119,S2-514317379,S2-529933432,S2-577551744,S2-608520307,S2-707792550,S2-729664916,S2-788333626,S2-813588229,S2-90986584,S3-114686337,S3-153670200,S3-15575692,S3-242183118,S3-34190575,S3-501325834,S3-54408554,S3-545116891,S3-578691751,S3-606226483,S3-645300049,S3-66104711,S3-735360999,S3-76037,S3-80542553,S3-853594839,S3-859802729
S1-353886587	S3-318296755,S3-699593858
S1-708400226	S2-114070036,S2-11447624,S2-287279880,S2-462104402,S2-503729988,S2-636078522,S2-737021373,S2-776006762,S2-855600642,S2-928988857,S2-948611657,S3-102377849,S3-219111003,S3-508757891,S3-614607391,S3-654593788,S3-729109395,S3-870634318,S3-885068828,S3-952283138,S3-958763670,S3-979556384,S3-986160035,S3-996441108
S1-868945111	S2-109565026,S2-201774141,S2-374121986,S2-429309696,S2-625590498,S2-89038691,S3-765863355,S3-803740106,S3-936148707
S1-639237507	S2-461139678,S2-7687064,S3-694588157,S3-702804276
S1-711614050	S2-155071678,S2-214616839,S2-231888175,S2-243764861,S2-260219982,S2-301661112,S2-30198793,S2-309431103,S2-316585256,S2-343697224,S2-414256753,S2-469207582,S2-501384396,S2-562997465,S2-606326575,S2-615990414,S2-661781448,S2-666782376,S2-754856819,S2-777673414,S2-778024060,S2-810813977,S2-820385444,S2-822749847,S2-866983542,S2-872248490,S2-892052286,S2-893939251,S2-944494555,S2-980651759,S3-366341675,S3-377348825,S3-711334462,S3-743221270,S3-986526946
S1-86254898	S2-198492320,S2-231405368,S2-281273235,S2-314885593,S2-397355880,S2-511376005,S2-655689825,S2-869427180,S2-956786940,S2-977905498,S3-158602031,S3-273262223,S3-279551486,S3-29869365,S3-333452624,S3-341206329,S3-693128009,S3-773492774,S3-896129315,S3-905988569
S1-668675379	S2-767469189,S3-79575338,S3-882190068
S1-379957392	S2-104524634,S2-134958859,S2-167066861,S2-195761214,S2-204003026,S2-211182661,S2-229315248,S2-248944678,S2-252035179,S2-254788701,S2-263273654,S2-279857860,S2-293206846,S2-331492553,S2-332155353,S2-45724657,S2-468610536,S2-508602353,S2-659345862,S2-674694354,S2-687087140,S2-71227189,S2-718979866,S2-742191837,S2-748833051,S2-774512583,S2-817680963,S2-846556799,S2-895820835,S2-899248471,S2-925511054,S3-289365741,S3-365385967,S3-690547751,S3-902040254
S1-721911045	S2-311964036,S2-317614814,S2-343595907,S2-490587824,S2-619259057,S2-735844123,S2-855150462,S2-971444945,S3-180367003,S3-196761529,S3-231617718,S3-343602502,S3-53847025,S3-696188598,S3-729301298,S3-757788979,S3-915581874,S3-963607375
S1-180407398	S2-145889845,S2-153555569,S2-161077029,S2-240200643,S2-303133875,S2-353041794,S2-384151706,S2-44445555,S2-468278119,S2-514317379,S2-529933432,S2-577551744,S2-608520307,S2-707792550,S2-729664916,S2-788333626,S2-813588229,S2-90986584,S3-114686337,S3-153670200,S3-15575692,S3-34190575,S3-501325834,S3-54408554,S3-545116891,S3-578691751,S3-606226483,S3-621376750,S3-645300049,S3-66104711,S3-735360999,S3-76037,S3-80542553,S3-853594839,S3-859802729
S1-14448673	S2-249513987,S2-532057240,S3-12867678,S3-370494205,S3-473400423,S3-80786806
S1-656753428	
S1-796712254	S2-335244971,S2-459307402,S3-326915441,S3-795267102
S1-601336919	S2-110597341,S2-132853642,S2-228840214,S2-244245799,S2-429146600,S2-440144138,S2-45822293,S2-691672313,S2-708363056,S2-869012634,S3-833396700
S1-586648451	
S1-165299545	S2-191718962,S2-20913035,S2-384700865,S2-62186167,S2-724807154,S2-80605195,S2-858914354,S2-894769041,S2-909876879,S3-172928912,S3-2744303,S3-371655030,S3-429716891,S3-483249593,S3-519408017,S3-53189464,S3-534700042,S3-563700590,S3-583852979,S3-713154033,S3-945343881,S3-955341599,S3-985936168
S1-908540335	S2-914697691,S2-961059116,S3-568722701,S3-997591017
S1-596612689	S2-145889845,S2-153555569,S2-161077029,S2-240200643,S2-303133875,S2-353041794,S2-384151706,S2-44445555,S2-468278119,S2-514317379,S2-529933432,S2-577551744,S2-608520307,S2-707792550,S2-729664916,S2-788333626,S2-813588229,S2-90986584,S3-114686337,S3-153670200,S3-15575692,S3-34190575,S3-501325834,S3-54408554,S3-545116891,S3-578691751,S3-606226483,S3-621376750,S3-645300049,S3-66104711,S3-735360999,S3-76037,S3-80542553,S3-853594839,S3-859802729
S1-176307346	S2-363755711,S2-742970538,S2-891267531,S3-2106122,S3-654290196
S1-894323554	S2-33891125,S2-698097375,S3-158250471,S3-255052963,S3-287932701,S3-634456456,S3-813027057,S3-97786191
S1-198786916	S2-228950353,S2-460906835,S3-174982925,S3-844461171
S1-949414566	S2-972323996,S3-688483120
S1-220734585	S2-176395527,S2-21549661,S2-227623392,S2-255982806,S2-358109825,S2-376740439,S2-547277076,S2-557852753,S2-610036318,S2-614976102,S2-771338473,S2-77785241,S2-792858779,S2-921813303,S2-97451191,S3-101257463,S3-132997079,S3-17743887,S3-206207320,S3-31525893,S3-324010586,S3-346164050,S3-532511365,S3-542465868,S3-606892214,S3-69661333,S3-80911626,S3-858532515,S3-865686833,S3-892743769,S3-90065855,S3-992482227,S3-997878268
S1-177470509	S2-153266455,S2-169177540,S2-291115952,S2-313154466,S2-347246376,S2-414176560,S2-461222022,S2-528336433,S2-532804173,S2-547014881,S2-755343580,S2-902413351,S2-915452866,S2-921170131,S2-943499815,S2-96281545,S3-115923063,S3-151930111,S3-210978167,S3-218298349,S3-255658738,S3-302826285,S3-303434069,S3-316217767,S3-404117574,S3-458159362,S3-476445968,S3-541288015,S3-548735049,S3-726096425,S3-734175456,S3-749077451,S3-771012695,S3-818239683,S3-877636595
S1-727602285	S2-117777608,S2-119710416,S2-212539797,S2-23141904,S2-29161970,S2-543529651,S2-65408607,S2-929268186,S2-947230367,S3-204655096,S3-359228059,S3-390050201,S3-694464838,S3-714748589,S3-740783920,S3-841264731,S3-876903023,S3-892940011,S3-911481281,S3-918253834
S1-957782740	S2-105340806,S2-110330823,S2-142047567,S2-18898775,S2-211414877,S2-23844841,S2-273284707,S2-350487755,S2-374452698,S2-401480583,S2-442489544,S2-50765682,S2-549452883,S2-616495682,S2-644236550,S2-794888021,S2-871842149,S2-895344296,S2-981186279,S3-169401038,S3-220185394,S3-224709514,S3-232760406,S3-23760856,S3-353828820,S3-468853930,S3-499852081,S3-812895334,S3-81959282,S3-84732027,S3-870664415
S1-289688571	S2-128734865,S2-219097586,S2-224201763,S2-241013252,S2-33694512,S2-377640723,S2-647640576,S2-711906490,S2-751644079,S2-86619877,S2-922150401,S2-94442181,S3-142602324,S3-155425282,S3-216815698,S3-271646714,S3-485318297,S3-517364994,S3-53354920,S3-769824375,S3-770888965,S3-830237412,S3-949307490
S1-559370831	S2-128877051,S2-180447643,S2-183994815,S2-21921320,S2-2680626,S2-300373097,S2-336434320,S2-433680239,S2-434043362,S2-473750715,S2-561622869,S2-610645786,S2-659960735,S2-686920415,S2-704204989,S2-763088200,S2-777751614,S2-820533396,S2-850159662,S2-892510088,S2-897544768,S2-901468249,S2-90457385,S2-92209075,S2-946853749,S2-980306379,S3-134269247,S3-247018126,S3-43022101,S3-470403196,S3-480612064,S3-594514162,S3-610770262,S3-794991901,S3-989808727
S1-870548412	S2-100393828,S2-248977143,S2-268697328,S2-348122696,S2-36367458,S2-373678906,S2-40327099,S2-466217356,S2-471154795,S2-478116399,S2-517545221,S2-536811066,S2-599943670,S2-714688585,S2-725424033,S2-732056002,S2-770131583,S2-772510390,S2-797750820,S2-853967561,S2-884366351,S2-953485582,S2-971027861,S2-97731459,S3-168564211,S3-182430622,S3-437412670,S3-460297829,S3-493786612,S3-608740521,S3-645384746,S3-749630201,S3-801491022,S3-818753890,S3-825828743
S1-402241052	S2-429505122,S2-729410787,S2-735804688,S2-838293614,S3-208076035,S3-247153679,S3-524307099,S3-602467240,S3-638071450,S3-703397010,S3-782834147
S1-249541059	S2-104952404,S2-127219034,S2-232656420,S2-232940193,S2-254244402,S2-286079379,S2-408752598,S2-414293572,S2-420202495,S2-46545618,S2-501371408,S2-575500452,S2-655408804,S2-761912887,S2-769600607,S2-796868968,S2-799218322,S2-803539095,S2-822562373,S2-854003878,S2-857019028,S2-950950039,S2-986115477,S3-123929282,S3-176329043,S3-194389138,S3-256361270,S3-417297011,S3-426020560,S3-505074779,S3-616793249,S3-739312697,S3-893441488,S3-960532968,S3-998446209
S1-298182947	S2-74020850,S3-639808276
S1-136001689	S2-212792653,S3-271777941,S3-316312767,S3-758390309,S3-825594402
S1-841341588	S2-684723010,S3-357945440
S1-594056803	S2-141277559,S2-146519138,S2-17186006,S2-193721867,S2-212559055,S2-248363989,S2-310772102,S2-38991604,S2-472151404,S2-494685151,S2-512849705,S2-532157362,S2-5341748,S2-541748572,S2-602361852,S2-613412664,S2-627881801,S2-670086555,S2-675960977,S2-701601144,S2-817657114,S2-886947928,S2-907281612,S2-91953344,S2-92846671,S2-96233253,S3-146716995,S3-348113766,S3-349647936,S3-550975295,S3-573142048,S3-637806176,S3-660400984,S3-765518833,S3-835885556
S1-632138364	S2-10712655,S2-132866128,S2-212935219,S2-420434014,S2-564165088,S2-676204127,S2-714329474,S2-86121397,S2-865814128,S2-914186327,S2-950271964,S3-195699284,S3-20180609,S3-392709677,S3-399019746,S3-606520422,S3-78071645,S3-812993053,S3-950926863
S1-361577594	S2-289468784,S2-338742859,S2-418913231,S2-479309169,S2-497718616,S2-566324992,S3-108723757,S3-332977098,S3-560442156,S3-975174307
S1-877394249	
S1-794501274	S2-113210517,S2-231226952,S2-372771770,S2-411595049,S2-422154923,S2-435096908,S2-480003209,S2-49077923,S2-502336937,S2-505248518,S2-512694570,S2-520703437,S2-541004230,S2-585967025,S2-60646974,S2-612889041,S2-616517153,S2-639224330,S2-784343391,S2-820094900,S2-855237622,S2-939435831,S2-952585649,S2-978004317,S3-214537213,S3-312282868,S3-318885431,S3-35711444,S3-371313822,S3-508810523,S3-514050393,S3-597225154,S3-644849657,S3-799312472,S3-876895423
S1-851066384	S2-141992373,S2-323004664,S2-468104600,S2-735478386,S2-760420730,S2-760818279,S2-808156553,S3-120613129,S3-254382046,S3-342201717,S3-419957904,S3-646369824,S3-771958188,S3-780681907,S3-805276123,S3-83300045,S3-849674713,S3-962775317
S1-399285508	S2-251893509,S2-362642050,S2-485129405,S2-535672424,S2-65622853,S2-713276546,S2-731347569,S2-785309384,S3-135187746,S3-236204210,S3-325791419,S3-335089481,S3-519607078,S3-552156848,S3-65028685,S3-74011663,S3-831780800,S3-852012262,S3-8865181
S1-222601052	S2-566324986,S2-656738656,S2-719405305,S2-739130654,S3-237270186,S3-390219058,S3-608751203,S3-615011604
S1-729777698	S2-150321982,S2-20100889,S2-229434487,S2-259107219,S2-298755393,S2-308860945,S2-381416319,S2-439958506,S2-468055683,S2-495426490,S2-509328231,S2-582371029,S2-755156637,S2-880181111,S2-960273699,S2-961415907,S3-163492874,S3-164014538,S3-167064286,S3-220562587,S3-246480970,S3-283997795,S3-390286010,S3-470906902,S3-472382215,S3-506001026,S3-561525141,S3-757640964,S3-833529867,S3-84870616,S3-875723263,S3-902050100,S3-911776789,S3-96877441,S3-981590643
S1-946866802	S2-134717137,S2-140948076,S2-156711502,S2-157392665,S2-271397555,S2-288871760,S2-511295695,S2-521688982,S2-559968500,S2-613083960,S2-614304353,S2-646910954,S2-785445145,S2-990992423,S3-125761711,S3-152221147,S3-33693027,S3-351642241,S3-358270111,S3-397765450,S3-429893343,S3-432859658,S3-467195779,S3-485489587,S3-501856374,S3-538864608,S3-556690023,S3-572676414,S3-573182549,S3-681323764,S3-775054072,S3-788834852,S3-829632435,S3-925530888,S3-951946118
S1-734491724	S2-179691566,S2-200293286,S2-230186117,S2-268182758,S2-421154230,S2-444249570,S2-587535977,S2-652671817,S2-663609490,S2-688413823,S2-708733355,S2-714640435,S2-821386903,S2-868523803,S2-896118732,S2-933324138,S2-957452972,S3-237792987,S3-31606753,S3-482693701,S3-504321699,S3-630421669,S3-636714198,S3-67128727,S3-766076776,S3-859353232,S3-962029704
S1-137375780	S2-116206447,S2-972140571,S3-880365324
S1-962502954	S2-128877051,S2-180447643,S2-183994815,S2-21921320,S2-2680626,S2-300373097,S2-336434320,S2-433680239,S2-434043362,S2-473750715,S2-561622869,S2-610645786,S2-659960735,S2-686920415,S2-704204989,S2-763088200,S2-777751614,S2-820533396,S2-850159662,S2-892510088,S2-897544768,S2-901468249,S2-90457385,S2-92209075,S2-946853749,S2-980306379,S3-134269247,S3-247018126,S3-43022101,S3-470403196,S3-480612064,S3-594514162,S3-610770262,S3-613911138,S3-794991901
S1-325203801	S2-180538042,S2-479965831,S2-749979646,S3-574528483,S3-949849619
S1-668968195	S2-846483605,S3-156227321,S3-397506284,S3-566780260,S3-591859354
S1-677375737	S2-11019801,S2-925983842,S3-509388758,S3-81320941,S3-951450312
S1-141869436	S2-34841648,S3-712300355,S3-840224213
S1-282467635	S2-938895481,S3-138350041,S3-868158431
S1-297494205	S2-152649554,S2-165112809,S2-200666499,S2-237525119,S2-251717309,S2-293623259,S2-295273104,S2-30249982,S2-35693305,S2-400725574,S2-439284028,S2-460607254,S2-472174593,S2-51336478,S2-57529012,S2-600299095,S2-611577665,S2-631149358,S2-649585931,S2-68942340,S2-69024638,S2-724920802,S2-747943345,S2-770717600,S2-846265472,S2-865329222,S2-930926987,S3-120532975,S3-277158755,S3-395650763,S3-599347026,S3-60964938,S3-66834296,S3-752608566,S3-914318692
S1-5445099	S3-440751071,S3-631789374,S3-795971429
S1-879858737	S2-502858002,S3-40474223,S3-568334939,S3-996828785
S1-88552907	S2-125227625,S2-129302226,S2-134226183,S2-253306862,S2-269693469,S2-288812312,S2-311585843,S2-341920759,S2-351251292,S2-366187702,S2-379467665,S2-396708101,S2-426336111,S2-45472944,S2-476347601,S2-493013748,S2-503967706,S2-548353339,S2-584619929,S2-59023877,S2-662739839,S2-697980455,S2-741941433,S2-7717164,S2-772737994,S2-810282701,S2-85232590,S2-918374133,S2-95478962,S2-995761612,S3-182699943,S3-287594591,S3-749089267,S3-77783290,S3-901027582
S1-65040114	S2-66755406,S2-734567531,S3-146681774,S3-646890460
S1-381914282	S2-729980796,S3-944441383
S1-816670244	S2-118654969,S2-123102552,S2-221369333,S2-226758568,S2-298615086,S2-411750648,S2-480315914,S2-710082259,S2-731831807,S2-77284617,S2-790425886,S2-85820812,S2-867823269,S2-87977816,S3-301481867,S3-382064174,S3-441774008,S3-503394121,S3-506349597,S3-516363421,S3-649235994,S3-771795745,S3-813455390,S3-839987822,S3-989717999
S1-958101110	S2-133401271,S2-156087118,S2-202977533,S2-264800695,S2-266542173,S2-284270656,S2-372631037,S2-40518450,S2-424044629,S2-486586854,S2-497495995,S2-532016121,S2-551853311,S2-571560969,S2-575227880,S2-593095427,S2-795879207,S2-94210128,S2-94250774,S3-102675650,S3-120024140,S3-146395993,S3-15689517,S3-204119410,S3-350691734,S3-365824262,S3-429071118,S3-526816815,S3-530388587,S3-618828708,S3-630613642,S3-648645349,S3-688124683,S3-734436585,S3-789169389
S1-618624562	S2-14975830,S2-160477274,S2-206131377,S2-221481547,S2-34548715,S2-349064004,S2-353459001,S2-365141980,S2-368016487,S2-369784092,S2-372878967,S2-409908460,S2-423838997,S2-534412165,S2-543049878,S2-568502146,S2-588495515,S2-616874888,S2-672315303,S2-686235925,S2-739798900,S2-814158570,S2-814738016,S2-896656577,S2-943978912,S2-961304035,S2-961810110,S2-995474190,S2-998197939,S3-247104730,S3-257476923,S3-346286668,S3-441239023,S3-684131476,S3-69332653
S1-335500164	S2-705590363,S2-949022912,S2-980267458,S3-801928717,S3-960176261
S1-43044582	S2-19306705,S2-400667124,S2-85124305,S2-933142582,S2-956915023
S1-157064113	S2-154047991,S2-180389814,S2-400932112,S2-458378933,S2-476801496,S2-515772498,S2-676656107,S2-732066785,S3-146718733,S3-166520602,S3-232709696,S3-242187551,S3-247545795,S3-307896404,S3-34854745,S3-400637115,S3-457504025,S3-474645905,S3-499801417,S3-552726536,S3-659126396,S3-796331989,S3-944225630
S1-714992493	S2-117928803,S2-161761568,S2-170548497,S2-199277367,S2-215512354,S2-266044573,S2-32599688,S2-371300586,S2-429545601,S2-48549342,S2-502055965,S2-584234198,S2-744719382,S2-92260224,S2-965695908,S3-363675987,S3-366493026,S3-37643564,S3-406008092,S3-438728515,S3-543002246,S3-591915115,S3-627064366,S3-637235644,S3-645435228,S3-687029960,S3-753356761,S3-909621401,S3-950928679,S3-960625785,S3-999335322
S1-110799801	S2-605579926,S2-704248746,S2-848743500,S3-21425636,S3-373777380,S3-652940997,S3-660999644,S3-662773831,S3-67625058,S3-826212487
S1-575272596	S2-105340806,S2-110330823,S2-142047567,S2-18898775,S2-211414877,S2-23844841,S2-273284707,S2-350487755,S2-374452698,S2-401480583,S2-442489544,S2-50765682,S2-549452883,S2-616495682,S2-644236550,S2-794888021,S2-871842149,S2-895344296,S2-981186279,S3-169401038,S3-220185394,S3-224709514,S3-23760856,S3-353828820,S3-499852081,S3-812895334,S3-81959282,S3-84732027,S3-870664415
S1-52223771	S2-257847617,S3-550520298,S3-834034609
S1-60587840	S2-302180543,S2-319538868,S2-443178543,S2-477249487,S2-582181904,S2-64105353,S3-210526658,S3-322016417,S3-33840993,S3-342416705,S3-369227565,S3-45263592,S3-500123487,S3-501719656,S3-621820986,S3-682236953,S3-841561354,S3-907371204,S3-94384565
S1-618246590	S2-339477476,S2-593994496,S2-955993024,S2-981272489,S3-901155265,S3-958161415,S3-963717882
S1-118170039	S2-143890308,S2-314411743,S2-707314550,S2-892114297,S3-23651455,S3-256563506,S3-495353752,S3-552726536,S3-559751955,S3-646688361
S1-598548390	S2-142550479,S2-167775591,S2-263158594,S2-267872800,S2-287660910,S2-361585498,S2-388389063,S2-443188528,S2-453254444,S2-458860562,S2-572648775,S2-584654166,S2-588004289,S2-611615974,S2-613033114,S2-651027670,S2-715670431,S2-764567958,S2-766597833,S2-799529721,S2-820207139,S2-875242013,S2-879728336,S2-885313615,S2-897360687,S2-90392132,S2-91003961,S2-913937007,S3-259631390,S3-451536720,S3-463158707,S3-468334870,S3-738731348,S3-793456964,S3-838999423
S1-645040170	S2-536979278,S2-940628451,S3-216037511,S3-626248913
S1-891104891	S2-168158252,S2-68715787,S2-70664594,S2-711906490,S3-563700590,S3-787666633,S3-985936168
S1-849233313	S2-162837948,S2-890140326,S3-887028740
S1-534329905	S2-166711048,S2-380911411,S2-473918529,S2-568985008,S2-625957024,S2-656038418,S2-665427984,S2-798204615,S2-851508938,S2-875079812,S2-915479416,S3-16645743,S3-234625288,S3-27718561,S3-331929804,S3-338454829,S3-351228405,S3-354937842,S3-530516142,S3-583682685,S3-669809917,S3-709013785,S3-791667573,S3-835781194,S3-884140951
S1-682523825	S2-245614499,S3-116499830,S3-119279436,S3-770248457,S3-883213022
S1-567308588	S2-226928496,S2-964733072,S3-21806256,S3-595927967,S3-764465670
S1-562175396	S2-600757107,S2-884638973,S3-196413883,S3-563393560,S3-586454408,S3-667190599
S1-381900880	S3-211394937,S3-957028842
S1-159244193	S2-89766210,S3-811628566,S3-928399955
S1-84659108	S2-934248672,S3-705278416
S1-906789520	S2-269486464,S2-303358810,S2-38112311,S2-384700865,S2-428974263,S2-457470379,S2-470411102,S2-523371691,S2-644293400,S2-692397967,S2-724600371,S2-782074177,S2-938773870,S2-956093131,S3-180662164,S3-237848474,S3-237894096,S3-274576759,S3-275950606,S3-357004924,S3-379013369,S3-502716291,S3-664745663,S3-709727355,S3-720841598,S3-774844964,S3-776598091,S3-810757752,S3-838237838,S3-860590391,S3-874576607,S3-884523964,S3-96174597
S1-805559134	S2-176395527,S2-21549661,S2-227623392,S2-255982806,S2-358109825,S2-376740439,S2-547277076,S2-557852753,S2-610036318,S2-614976102,S2-771338473,S2-77785241,S2-792858779,S2-921813303,S2-97451191,S3-101257463,S3-132997079,S3-17743887,S3-206207320,S3-31525893,S3-324010586,S3-346164050,S3-532511365,S3-542465868,S3-606892214,S3-69661333,S3-80911626,S3-858532515,S3-865686833,S3-892743769,S3-90065855,S3-992482227,S3-997878268
S1-518197819	S2-15538892,S2-163907414,S2-209966010,S2-31495493,S2-43587955,S2-454756088,S2-467699852,S2-488842690,S2-520229980,S2-525390784,S2-554758433,S2-585132276,S2-631975485,S2-671061897,S2-695255656,S2-781532039,S2-797403279,S2-804096484,S2-891724637,S3-14411598,S3-290935183,S3-312828212,S3-313623455,S3-501559207,S3-509162315,S3-515914744,S3-614161266,S3-664975636,S3-744588467,S3-783274386,S3-818961399,S3-866706087,S3-86836573,S3-973042357,S3-982996398
S1-336753892	S2-226758568,S2-258111012,S2-295851755,S2-37217309,S2-465460574,S2-522989755,S2-536756969,S2-696163364,S2-788775002,S2-802837546,S2-928281443,S3-131158560,S3-139238877,S3-142161259,S3-149565445,S3-153728789,S3-405328706,S3-48926935,S3-574136968,S3-627345153,S3-633923028,S3-654854802,S3-702254487,S3-740785174,S3-840280069,S3-866103109,S3-920630019,S3-96017410,S3-998730144
S1-38856492	S2-494685151,S2-737936743,S2-739908827,S3-665929660,S3-6943995
S1-540897538	S2-348103600,S3-449949564
S1-754115297	S2-141520530,S2-342313242,S2-950107864,S3-169307173,S3-662493130,S3-782097676
S1-786422330	S2-205621531,S2-273018349,S2-396601800,S2-43723004,S2-562846493,S2-824950736,S2-981145243,S3-107670339,S3-415861049,S3-471642037,S3-623750751,S3-67504906,S3-807957341,S3-808305808,S3-9971669
S1-867636377	S2-331604338,S2-364652113,S2-428458362,S2-492007733,S2-497311507,S2-521706949,S2-854103400,S3-120554590,S3-174411044,S3-275183252,S3-325291848,S3-432628874,S3-545300843,S3-665620740,S3-77766090,S3-833456956,S3-882624444,S3-931372837,S3-973716231
S1-835190617	S2-693975570,S3-116126302,S3-214893101
S1-854952911	S2-109892934,S2-138434584,S2-298871937,S2-378289511,S2-395764092,S2-411920873,S2-557600541,S2-565178740,S2-566648192,S2-598796961,S2-615954489,S2-618660779,S2-665157388,S2-820079347,S2-820116271,S3-121505041,S3-204992772,S3-26449981,S3-444430717,S3-497100368,S3-603993953,S3-872862361,S3-957076426
S1-28326227	S2-637375307,S2-911641427,S3-899710946
S1-175961840	S2-101323984,S2-132710191,S2-196840499,S2-217734858,S2-263087763,S2-280290420,S2-30655389,S2-32892146,S2-394954854,S2-416949931,S2-516582366,S2-522433697,S2-526399876,S2-562117280,S2-661510998,S2-769952301,S2-778846012,S2-788794141,S2-794980221,S2-810922647,S2-820221567,S2-845708664,S2-880094418,S2-913620149,S3-171946523,S3-210870050,S3-240268161,S3-344479834,S3-421869378,S3-481797808,S3-546531002,S3-618327131,S3-649907207,S3-83150023,S3-895784814
S1-387650052	S2-240501546,S2-605579926,S2-704248746,S2-848743500,S3-21425636,S3-373777380,S3-652940997,S3-660999644,S3-662773831,S3-67625058,S3-824921372,S3-826212487
S1-203861212	S2-157451062,S2-167898995,S2-215436890,S2-225153982,S2-316487139,S2-420259572,S2-432248548,S2-505598927,S2-518190837,S2-748649852,S2-79557341,S2-989159226,S2-990652060,S3-122459425,S3-14153314,S3-152761427,S3-165379708,S3-183439272,S3-197855107,S3-290490689,S3-359946755,S3-37544214,S3-377527368,S3-388243563,S3-407223704,S3-562031627,S3-568469815,S3-568690999,S3-648796389,S3-780264333,S3-84430114,S3-870384209,S3-878900685,S3-921737418,S3-925047088
S1-73533983	S2-140724632,S2-156573872,S2-20605961,S2-210062866,S2-22986055,S2-277996470,S2-281025226,S2-285248484,S2-31818821,S2-320581764,S2-341455263,S2-399419463,S2-448940065,S2-456934782,S2-481071542,S2-48233411,S2-547557150,S2-582570386,S2-609161415,S2-662227064,S2-731163714,S2-823813982,S2-831323446,S2-835142245,S2-868127388,S2-884637854,S2-895840866,S2-900544727,S2-904176125,S2-950851985,S2-992686249,S2-99841727,S3-313688012,S3-316672413,S3-968500624
S1-539096570	S2-620639546,S2-94231703,S3-115572452,S3-307476331,S3-560435667,S3-890640332
S1-509915091	S2-206397183,S2-741073906,S3-406006403,S3-747218226
S1-361130212	S2-124786249,S2-276312987,S2-367192755,S2-46771753,S2-468915580,S2-56611132,S2-569781437,S2-677910522,S2-715781773,S2-748969208,S2-756847645,S2-76840156,S2-78896053,S2-842320893,S2-865379324,S2-875792417,S2-885849296,S2-890651142,S2-898210704,S2-971855519,S3-118900462,S3-160417292,S3-288755064,S3-352671023,S3-411814233,S3-478151926,S3-479018626,S3-575021389,S3-598011086,S3-66677196,S3-721940049,S3-732052921,S3-755018127,S3-778346067,S3-966675672
S1-872827436	S2-185592689,S2-450649655,S3-917992797
S1-122060440	S2-114643127,S2-170100406,S2-186467125,S2-220090704,S2-2925900,S2-313706159,S2-315036816,S2-335536479,S2-371812148,S2-378659927,S2-426435110,S2-430675029,S2-431346739,S2-436744512,S2-458585786,S2-528473005,S2-579152737,S2-5802395,S2-583482592,S2-654003376,S2-68748027,S2-702366846,S2-715513032,S2-728896995,S2-744685697,S2-802426321,S2-875893829,S2-894769041,S2-899966192,S2-918744953,S2-930598605,S2-935748931,S3-327002773,S3-420518246,S3-768524310
S1-264743471	S2-556023215
S1-64970768	S2-656021890,S3-1273534,S3-840286757
S1-383449539	S2-30487996,S2-533539868,S3-85542089,S3-947760259
S1-546142636	S2-140498346,S2-193567085,S2-205996214,S2-237625978,S2-277467242,S2-292042144,S2-341741751,S2-392804085,S2-438606503,S2-44975623,S2-482690615,S2-487600131,S2-55663426,S2-582477216,S2-585932620,S2-721383308,S2-774698384,S2-818441961,S2-855495367,S2-865039571,S2-886325586,S2-887600256,S2-95120961,S2-988856267,S3-200008747,S3-249331830,S3-360362457,S3-387000994,S3-405863038,S3-437094585,S3-562777362,S3-571785421,S3-729771680,S3-809347354,S3-855397146
S1-296672331	S2-221459341,S2-228528224,S2-374454016,S2-471482511,S2-492688125,S2-678457672,S2-761932607,S2-84836578,S2-877326415,S2-982202753,S3-147564135,S3-205189929,S3-258631653,S3-327992450,S3-351017910,S3-394081375,S3-489823536,S3-492997904,S3-531437511,S3-574123867,S3-595387092,S3-615257360,S3-719082807,S3-719488948,S3-833631746,S3-868416794
S1-477776195	S2-116304189,S2-129551517,S2-223475014,S2-383718408,S2-457633608,S2-464418100,S2-486152670,S2-548558874,S2-574940993,S2-589222122,S2-672414919,S2-697974483,S2-761242935,S2-859873215,S2-871236056,S2-949600787,S2-953395235,S3-109807026,S3-123828863,S3-310028766,S3-398093238,S3-525247743,S3-610144422,S3-636188575,S3-723948056,S3-773831985,S3-781747086,S3-917920905
S1-619255846	S2-850163306,S3-583939251
S1-921549539	S2-553145531,S3-483530074,S3-596285936
S1-147296014	S2-198492320,S2-231405368,S2-281273235,S2-314885593,S2-397355880,S2-655689825,S2-956786940,S2-977905498,S3-158602031,S3-273262223,S3-279551486,S3-29869365,S3-333452624,S3-341206329,S3-693128009,S3-773492774,S3-896129315,S3-905988569
S1-525076766	S2-416349575,S2-955764413,S3-168360862,S3-441397123,S3-57576202,S3-882464297
S1-463038301	S2-154479629,S2-22322264,S2-332026471,S2-463359740,S2-63065417,S2-69730118,S2-852363557,S3-262541518,S3-269207593,S3-315901419,S3-35472521,S3-384540649,S3-615926762,S3-789061427,S3-802990712,S3-811019150,S3-960227736,S3-996121376
S1-815825222	S2-143130262,S2-780196044,S3-376718227
S1-561619160	S2-453284266,S3-105824861
S1-308262271	S2-258111012,S2-37217309,S2-465460574,S2-522989755,S2-536756969,S2-696163364,S2-802837546,S2-877910903,S3-131158560,S3-139238877,S3-142161259,S3-149565445,S3-153728789,S3-357540678,S3-405328706,S3-48926935,S3-574136968,S3-627345153,S3-633923028,S3-654854802,S3-702254487,S3-740785174,S3-840280069,S3-866103109,S3-920630019,S3-96017410,S3-998730144
S1-994437498	S2-100632437,S2-153774386,S2-161217671,S2-200851154,S2-205238340,S2-227828939,S2-230502695,S2-258717933,S2-262119045,S2-274081255,S2-276195137,S2-421613665,S2-428326051,S2-434337847,S2-451224218,S2-52815085,S2-614682602,S2-647711899,S2-702196139,S2-742857142,S2-994250828,S3-140389075,S3-174253003,S3-187161274,S3-464737380,S3-469445385,S3-498056371,S3-586253631,S3-627488615,S3-681097377,S3-692990976,S3-701341866,S3-861731389,S3-918907997,S3-939029870
S1-286461722	S2-101634603,S2-171389478,S2-253262956,S2-286365108,S2-298507312,S2-33579769,S2-37747931,S2-399075342,S2-405772848,S2-493068616,S2-501697329,S2-542198240,S2-583964452,S2-588246207,S2-589615634,S2-606670367,S2-699555547,S2-851316528,S2-855958744,S2-917092681,S3-126568401,S3-308752901,S3-508960115,S3-583337283,S3-600813695,S3-615135340,S3-736730454,S3-778040093,S3-813072629,S3-853419211,S3-929273485,S3-951554137,S3-979318630
S1-814956519	S2-243890534,S2-669196502,S3-618150003,S3-872982512
S1-713405718	S2-410554701,S2-496110983,S2-979692389,S3-108395188
S1-340373484	S2-176395527,S2-21549661,S2-227623392,S2-255982806,S2-358109825,S2-376740439,S2-547277076,S2-557852753,S2-610036318,S2-614976102,S2-771338473,S2-77785241,S2-792858779,S2-921813303,S2-97451191,S3-101257463,S3-132997079,S3-17743887,S3-206207320,S3-31525893,S3-324010586,S3-346164050,S3-532511365,S3-542465868,S3-606892214,S3-69661333,S3-80911626,S3-858532515,S3-865686833,S3-892743769,S3-90065855,S3-992482227,S3-997878268
S1-196576160	S2-159002314,S3-593183433,S3-598799455,S3-676392304
S1-620129069	S2-117928803,S2-161761568,S2-170548497,S2-199277367,S2-215512354,S2-266044573,S2-32599688,S2-371300586,S2-429545601,S2-48549342,S2-502055965,S2-584234198,S2-744719382,S2-92260224,S2-965695908,S3-363675987,S3-366493026,S3-37643564,S3-406008092,S3-438728515,S3-543002246,S3-591915115,S3-627064366,S3-632093625,S3-637235644,S3-645435228,S3-687029960,S3-753356761,S3-909621401,S3-950928679,S3-960625785,S3-999335322
S1-448410374	S2-122657207,S2-141802021,S2-378890560,S2-37955881,S2-402474334,S2-407041470,S2-579636976,S2-606698488,S2-805956476,S2-84013571,S2-893943374,S3-134112277,S3-230383116,S3-373174224,S3-379366384,S3-411515038,S3-537368101,S3-5725561,S3-624492556,S3-627135179,S3-88272704
S1-743851752	S2-240228506,S2-25044986,S2-25639527,S2-270150045,S2-307620132,S2-430060691,S2-454926714,S2-552709038,S2-590090387,S2-629547835,S2-66757319,S2-672899175,S2-77704458,S2-788450465,S2-869663561,S2-87763770,S2-883201361,S2-889763009,S2-966985435,S2-991804428,S3-100127136,S3-115263858,S3-119954793,S3-180857360,S3-295424183,S3-297770283,S3-402378963,S3-467911081,S3-513827469,S3-617276276,S3-620423157,S3-721460028,S3-754104337,S3-808419709,S3-939373150
S1-348059257	S2-97518761,S3-282798516,S3-393561881,S3-68572708,S3-904019084
S1-83647344	S2-113674828,S2-123349497,S2-134281412,S2-143816536,S2-179463928,S2-236753378,S2-280086857,S2-326384163,S2-381716954,S2-426324794,S2-470036118,S2-472011237,S2-49852380,S2-555030699,S2-661106608,S2-675394479,S2-70247599,S2-727709302,S2-749061837,S2-762897852,S2-764601805,S2-770050246,S2-800210383,S2-829591643,S2-846496174,S2-850598644,S2-885978611,S2-9053863,S2-916914401,S2-951545019,S2-959132099,S3-383555916,S3-489977474,S3-647829000,S3-749341709
S1-973717755	S2-929626937,S3-143365683
S1-982170857	S2-120997611,S2-192786792,S2-645489492,S2-910585378,S3-553154574
S1-170974075	S2-125317171,S2-131729703,S2-141531043,S2-160644051,S2-16863085,S2-332902455,S2-361857049,S2-412422463,S2-556662734,S2-563632605,S2-569371933,S2-6455297,S2-686284157,S2-70756892,S2-805174189,S2-946470401,S3-142758963,S3-147459974,S3-278076830,S3-357683603,S3-383191214,S3-512465987,S3-538964283,S3-565618085,S3-888800618,S3-991995905,S3-992417774
S1-44708593	S2-931918143,S3-462399411
S1-117744619	S2-432813370,S2-843480325,S3-47914938
S1-218861069	S2-101634603,S2-171389478,S2-253262956,S2-286365108,S2-298507312,S2-33579769,S2-37747931,S2-399075342,S2-405772848,S2-493068616,S2-501697329,S2-542198240,S2-583964452,S2-588246207,S2-589615634,S2-606670367,S2-699555547,S2-851316528,S2-855958744,S2-867368761,S2-899594989,S2-917092681,S3-126568401,S3-244247174,S3-308752901,S3-508960115,S3-583337283,S3-600813695,S3-615135340,S3-736730454,S3-778040093,S3-853419211,S3-929273485,S3-951554137,S3-979318630
S1-174971429	S2-13742356,S2-228797659,S2-39103530,S2-417768434,S2-484343443,S2-599313421,S2-600494820,S2-633052623,S2-638708482,S2-638812669,S2-740914350,S2-744557298,S2-780571246,S2-809952414,S2-836861185,S2-9491858,S2-951665374,S2-99957471,S3-122111360,S3-126823812,S3-193647070,S3-329779258,S3-338515121,S3-347757138,S3-513045433,S3-517906163,S3-532637110,S3-568750872,S3-609971246,S3-67697924,S3-732555935,S3-760772403,S3-831604513,S3-966964260,S3-967464173
S1-899348117	S2-156573872,S2-20605961,S2-210062866,S2-22986055,S2-277996470,S2-281025226,S2-285248484,S2-31818821,S2-320581764,S2-341455263,S2-399419463,S2-448940065,S2-456934782,S2-481071542,S2-48233411,S2-547557150,S2-582570386,S2-609161415,S2-662227064,S2-731163714,S2-823813982,S2-831323446,S2-835142245,S2-868127388,S2-884637854,S2-895840866,S2-900544727,S2-904176125,S2-950851985,S2-992686249,S2-99841727,S3-185938580,S3-313688012,S3-909120236,S3-996248284
S1-553375105	S2-81940621,S3-150800481
S1-731124817	S2-143542414,S2-198710612,S2-263940621,S2-276174996,S2-288695920,S2-329697397,S2-351295914,S2-384266079,S2-411338229,S2-666425286,S2-667364120,S2-793479348,S3-243511099,S3-245773701,S3-280371882,S3-33387027,S3-419488794,S3-462060763,S3-515618165,S3-601554066,S3-609839849,S3-618974293,S3-790482967
S1-438022215	S2-261132115,S2-400177131,S2-527915576,S2-557188629,S2-62186167,S2-64375977,S2-683185201,S2-808291368,S2-840437614,S2-895463394,S2-899616853,S2-928746985,S2-970334548,S3-101066411,S3-104477855,S3-192629858,S3-22112638,S3-281880953,S3-358148515,S3-384297549,S3-447492110,S3-545473447,S3-813301403,S3-834146103,S3-942333032
S1-663580467	S2-196984076,S2-303844166,S2-349303306,S2-379088474,S2-389387937,S2-422639266,S2-445866583,S2-551453076,S2-561625161,S2-60654781,S2-679462243,S2-695929716,S2-732649321,S2-749623451,S2-778042390,S2-818008321,S2-828936633,S2-851150147,S2-877301310,S2-916238268,S2-962297781,S2-971508704,S2-97945211,S3-122668024,S3-22379704,S3-238212341,S3-372603125,S3-435254251,S3-558308793,S3-564283273,S3-690859996,S3-763995959,S3-824809429,S3-882333270,S3-909139164
S1-637872165	S2-23273229,S2-31968149,S2-480914205,S2-52875047,S2-566979922,S2-590300910,S2-607019666,S2-628577839,S2-690564799,S2-78133197,S2-813531029,S2-835057637,S2-86494093,S2-912477500,S2-970093276,S3-133922628,S3-171407899,S3-212632779,S3-223677950,S3-226497953,S3-400491401,S3-446697895,S3-549267697,S3-558605236,S3-581274155,S3-649195812,S3-716838870,S3-740439417,S3-742867732,S3-747606909,S3-774890252,S3-822803974,S3-90766911,S3-958748038,S3-972241629
S1-73302833	S2-106407695,S3-114580836,S3-55960630,S3-665080089
S1-601216880	S2-29567102,S2-875817551,S3-480384444,S3-788995272,S3-979331318
S1-609996572	S2-190427009,S2-270871290,S2-28141303,S2-371529435,S2-466545820,S2-474362960,S2-657417123,S2-672443639,S2-971924723,S3-116154261,S3-262044007,S3-311380074,S3-323827946,S3-51661,S3-542489327,S3-841453594,S3-842452338,S3-927719428
S1-132277685	S2-297846109,S2-493319953,S3-249790459,S3-323908394
S1-299746071	S2-301594711,S2-306822311,S2-354463942,S2-388684631,S2-510417934,S2-515386320,S2-588620749,S2-646717240,S2-654821674,S2-675626969,S2-83684607,S2-921445352,S2-930444154,S3-207352670,S3-240817329,S3-263347582,S3-443516445,S3-505157875,S3-50573878,S3-609110658,S3-622374923,S3-733828934,S3-737091559,S3-761097783,S3-827685909,S3-840999871,S3-846590303,S3-89805260,S3-945446210
S1-758391186	S2-890471377,S3-730252044,S3-756219369
S1-209125573	S2-112911585,S2-126861995,S2-230935368,S2-516181629,S2-518062373,S2-539173706,S2-542114316,S2-694860135,S2-700098672,S2-847197723,S2-888152272,S2-966937039,S3-183810494,S3-253834515,S3-264208857,S3-282476653,S3-286825203,S3-340182668,S3-42786119,S3-627882432,S3-676023626,S3-686634383,S3-722266014,S3-785647693,S3-810965798,S3-825250179,S3-897145140,S3-943115434,S3-989002325
S1-369991325	S3-795006016
S1-742314572	S2-476766681,S3-136117045,S3-371937537
S1-508688351	S2-124798095,S2-179989880,S2-182743306,S2-209082145,S2-25201671,S2-272338010,S2-302742914,S2-363756741,S2-385991369,S2-428684481,S2-535465384,S2-630833712,S2-650817671,S2-689348912,S2-757473048,S2-765720249,S2-772032244,S2-781062791,S2-802260310,S2-825371012,S2-841150901,S2-881028278,S2-997474280,S3-167096146,S3-344466028,S3-384667680,S3-480011125,S3-495325432,S3-528706011,S3-588220144,S3-649622959,S3-735885413,S3-760594020,S3-810547728,S3-931500217
S1-100324612	
S1-550488938	S2-112895437,S2-155715739,S2-244913873,S2-389397198,S2-570592656,S2-682611163,S2-708457005,S2-741384203,S2-802444266,S2-870329083,S2-918671514,S2-936538697,S2-960749965,S3-132585579,S3-133441794,S3-145457240,S3-345307598,S3-402237140,S3-450453776,S3-460800223,S3-498934893,S3-651095723,S3-740985790,S3-772751614,S3-805120500,S3-867954903,S3-920414119
S1-445985594	S2-961077041,S3-121301441,S3-836163079
S1-781132420	S2-13497347,S2-140513543,S2-141016681,S2-188794062,S2-280373103,S2-346798261,S2-358334073,S2-36962093,S2-39999297,S2-433178586,S2-499164125,S2-499218989,S2-540973913,S2-553335027,S2-576015089,S2-683742345,S2-801579698,S2-856017692,S2-866510554,S2-939124201,S2-953105721,S3-203519994,S3-277822614,S3-285306238,S3-287780537,S3-303387212,S3-399942107,S3-439667182,S3-447446614,S3-62104368,S3-628270451,S3-695731244,S3-783151738,S3-865456564,S3-961847038
S1-503957000	S2-173295926,S2-235117490,S2-353308450,S2-994658326,S3-33665521,S3-555791452,S3-858763214
S1-29845983	S2-223965575,S2-440253638,S2-589094691,S2-648035184,S2-796657884,S3-112223799,S3-588502663
S1-900694722	S2-105653685,S2-126996401,S2-214274250,S2-241710484,S2-264122343,S2-297742460,S2-327738915,S2-373348935,S2-417444015,S2-548790302,S2-574594930,S2-613871000,S2-627541174,S2-667179892,S2-728540724,S2-753500593,S2-767142912,S2-791270538,S2-793959149,S2-817315055,S2-901110690,S2-943951166,S2-965980442,S2-97621221,S2-994439780,S3-198554090,S3-303035620,S3-392125709,S3-416517641,S3-494852042,S3-53196875,S3-561431230,S3-602669802,S3-755958654,S3-82340260
S1-675723075	S2-206427695,S2-347254835,S2-364104182,S2-548828457,S2-648757547,S3-248004130,S3-268128310,S3-366008966,S3-620506383,S3-669717966
S1-722885349	S2-708154736,S2-983677642,S3-858620682
S1-116043204	S2-1173491,S2-159699565,S2-196975670,S2-419844886,S2-426281684,S2-428030759,S2-593553372,S2-653447605,S2-849395615,S2-897419904,S3-140433585,S3-18699851,S3-194267524,S3-444227012,S3-576691112,S3-727341069,S3-772631373,S3-804600254,S3-85523430,S3-919907997,S3-939463833
S1-616588883	S2-603899205,S3-200505774,S3-625680391
S1-102500336	S2-16417764,S2-37718357,S2-539821042,S2-597516267,S2-717070452,S3-239861443,S3-331623015,S3-43346138,S3-454413362,S3-86548047
S1-9095876	S2-131606423,S2-138085185,S2-375677540,S2-504227714,S2-617842496,S2-682080483,S2-935585902,S2-97153491,S3-162496,S3-236630190,S3-246470648,S3-295108007,S3-451616196,S3-492039971,S3-503027078,S3-511664230,S3-517852687,S3-606690831,S3-614296147,S3-665301477,S3-6712284,S3-703916571,S3-830590140,S3-924345813,S3-932190079
S1-866990988	S2-105423216,S2-620990365,S2-930202359,S3-318931968,S3-562632671,S3-568895292,S3-857314118,S3-956618327
S1-939256086	S2-134285575,S2-484631081,S2-889401184,S3-612946076,S3-740641815,S3-926572062
S1-742698020	S2-156343480,S2-177411698,S2-237414246,S2-37817886,S3-273892489,S3-438411861,S3-802376144
S1-582619930	S2-132866128,S2-179718029,S2-190645785,S2-211156607,S2-228545787,S2-317459902,S2-458287334,S2-587581939,S2-695764063,S2-834851746,S2-870769857,S2-907552166,S2-922767804,S2-960109159,S3-157576986,S3-238651259,S3-267021268,S3-495848934,S3-611594281,S3-665736329,S3-924313736
S1-732235636	S2-526938032,S2-826074362,S3-760522384,S3-883024975
S1-660662966	S2-113674828,S2-134281412,S2-138235464,S2-143816536,S2-236753378,S2-280086857,S2-326384163,S2-381716954,S2-443505414,S2-555030699,S2-587667949,S2-661106608,S2-695007731,S2-70247599,S2-727709302,S2-828598722,S2-829591643,S2-863504950,S2-885978611,S2-892877711,S2-959132099,S2-97754258,S3-120498859,S3-260126282,S3-353587760,S3-393472895,S3-426199816,S3-466493925,S3-475226933,S3-524265673,S3-554878980,S3-829645371,S3-83149923,S3-93146105,S3-985941103
S1-315356120	S2-33497495,S2-340179731,S2-404062085,S2-703898335,S2-715847048,S2-734567531,S2-760866012,S2-779125768,S2-794297761,S3-146716995,S3-435884783,S3-786778534,S3-842643087,S3-959252583
S1-670965363	S2-708332504,S3-26861465
S1-719571188	S2-215164855
S1-123985580	S2-376776736,S2-751835408,S2-824835654,S3-684229745,S3-793727438
S1-883807828	S2-302483068,S2-695496939,S2-840180447,S2-920925158,S3-198427676,S3-200333797,S3-285219823,S3-404344522,S3-409782377,S3-449315603,S3-494203407,S3-532277416,S3-729951788,S3-889542049
S1-265169103	S2-200722899,S2-926899050,S2-934679210,S3-146681774,S3-585501543,S3-600114866,S3-998937858
S1-723078987	S2-111637657,S2-205097418,S2-220575775,S2-295385905,S2-340236468,S2-392069015,S2-506874835,S2-579152737,S2-59164985,S2-615710560,S2-637735236,S2-65811919,S2-671787579,S2-695496939,S2-705917357,S2-739711364,S2-740698731,S2-746217935,S2-767609147,S2-785540693,S2-802426321,S2-839549287,S2-881760334,S2-896380203,S2-981487936,S3-162263195,S3-249522768,S3-251246886,S3-34554721,S3-650471645,S3-664745663,S3-670920498,S3-671313968,S3-759897642,S3-844089007
S1-499847912	
S1-394509887	S2-144917063,S2-191079935,S2-207899676,S2-234310003,S2-254869670,S2-279666188,S2-291567252,S2-360787128,S2-384052167,S2-46957492,S2-520587790,S2-642921016,S2-647649888,S2-653911746,S2-686931655,S2-713839018,S2-909126088,S2-970202926,S3-116693343,S3-177501736,S3-191319085,S3-216627372,S3-218051264,S3-236368944,S3-242910936,S3-384226724,S3-463112884,S3-669991259,S3-824120344,S3-980339562
S1-779425860	
S1-835908410	S2-142270693,S2-212885076,S2-242916019,S2-253495663,S2-262449187,S2-293880908,S2-405314585,S2-417776492,S2-420945081,S2-505822450,S2-598431788,S2-610204301,S2-611930184,S2-661901231,S2-78329838,S2-840939538,S2-845794119,S2-850492406,S2-851131664,S2-877890504,S2-925552787,S2-931772372,S2-949436213,S2-967490262,S3-131254209,S3-161479126,S3-324744026,S3-353255718,S3-391942647,S3-474839660,S3-530806677,S3-765102097,S3-868285804,S3-916664479,S3-933740979
S1-96997570	S2-496973361,S2-834222947,S3-876501369
S1-625699510	
S1-271831358	S3-165943040,S3-513489826,S3-658827774
S1-126050634	S3-317752391,S3-389349774
S1-789009573	S2-124196601,S2-13299137,S2-383871912,S2-578126916,S2-685068672,S2-878252138,S2-938606080,S3-222185360,S3-534475640,S3-536115095,S3-576451439,S3-724457273,S3-74481402,S3-814510118,S3-840520050
S1-798238581	S2-175422550,S2-429217461,S2-485161101,S2-650540166,S2-666344224,S2-714330616,S2-954345809,S3-117595477,S3-122538898,S3-17476731,S3-375050071,S3-431073331,S3-580494386,S3-657728717,S3-684169070,S3-684244007,S3-73132404,S3-899227168,S3-931325695
S1-726175679	S2-131606423,S2-138085185,S2-375677540,S2-617842496,S2-682080483,S2-935585902,S3-236630190,S3-246470648,S3-295108007,S3-451616196,S3-492039971,S3-503027078,S3-511664230,S3-517852687,S3-606690831,S3-614296147,S3-665301477,S3-6712284,S3-703916571,S3-830590140,S3-932190079
S1-800891124	S2-243933853,S2-904209578,S3-277197938
S1-444476349	S2-245401721,S2-343187904,S2-386571204,S2-774179184,S2-779619606,S2-870449054,S2-900186392,S3-328422573,S3-379662508,S3-811291722,S3-846884848
S1-338630028	S2-13918394,S2-219421935,S2-279538444,S2-284108726,S2-323442150,S2-358806790,S2-37011973,S2-40566285,S2-41985632,S2-460739389,S2-513882942,S2-58271132,S2-59415589,S2-60220214,S2-624893674,S2-746168718,S3-20276169,S3-224181895,S3-22808792,S3-232459295,S3-252741503,S3-266898052,S3-366896328,S3-399225883,S3-462020786,S3-477280605,S3-506724053,S3-557192972,S3-595696157,S3-610856016,S3-634343666,S3-701279458,S3-748653938,S3-904304477,S3-973075818
S1-13081301	S2-167816813,S2-581195112,S2-843884430,S2-940562537,S3-259817194,S3-30937553,S3-507108482
S1-327804795	S2-493559490,S2-617460719,S2-678186030,S2-771966746,S3-103717866,S3-419298136,S3-836465899
S1-531427084	S2-637943179,S2-745746990,S3-277495535,S3-45492899
S1-440522027	S2-102637868,S2-426319104,S2-501509999,S3-268053777,S3-558593104,S3-692361163
S1-250284344	S2-156843496,S2-182203325,S2-278899754,S2-293675262,S2-645138790,S2-663191944,S2-676769255,S2-788775002,S2-914777518,S2-995355874,S3-135966940,S3-148672819,S3-200112471,S3-229487225,S3-254453507,S3-269778843,S3-379400162,S3-49965116,S3-545360116,S3-643001634,S3-801025607,S3-822336944,S3-839254878,S3-863463356,S3-87081501,S3-929261323
S1-221671666	S2-156843496,S2-182203325,S2-278899754,S2-293675262,S2-645138790,S2-663191944,S2-676769255,S2-788775002,S2-914777518,S2-995355874,S3-135966940,S3-148672819,S3-200112471,S3-229487225,S3-254453507,S3-269778843,S3-379400162,S3-49965116,S3-545360116,S3-643001634,S3-801025607,S3-822336944,S3-839254878,S3-863463356,S3-87081501,S3-929261323
S1-280977513	S2-100632437,S2-153774386,S2-161217671,S2-200851154,S2-205238340,S2-227828939,S2-230502695,S2-258717933,S2-262119045,S2-274081255,S2-276195137,S2-421613665,S2-428326051,S2-434337847,S2-451224218,S2-52815085,S2-614682602,S2-647711899,S2-702196139,S2-742857142,S2-994250828,S3-140389075,S3-174253003,S3-187161274,S3-464737380,S3-469445385,S3-498056371,S3-586253631,S3-627488615,S3-681097377,S3-692990976,S3-701341866,S3-84682694,S3-861731389,S3-918907997
S1-269658432	S2-438785898,S3-180593009,S3-433584153
S1-486691681	S2-111637657,S2-205097418,S2-220575775,S2-295385905,S2-340236468,S2-392069015,S2-506874835,S2-579152737,S2-59164985,S2-615710560,S2-637735236,S2-65811919,S2-671787579,S2-695496939,S2-705917357,S2-739711364,S2-740698731,S2-746217935,S2-767609147,S2-785540693,S2-802426321,S2-839549287,S2-881760334,S2-896380203,S2-981487936,S3-112036290,S3-249522768,S3-251246886,S3-595893944,S3-634522055,S3-650471645,S3-664745663,S3-759897642,S3-802514980,S3-844089007
S1-315682359	S2-221996319,S2-260280311,S2-528291085,S2-588004289,S2-73007219,S2-732977376,S2-865947204,S2-981402769,S3-342117086,S3-839868519,S3-884353024,S3-941449278,S3-963571197,S3-968884457,S3-994694782,S3-996601472
S1-480591442	S2-117955411,S2-237114,S2-249651604,S2-251721185,S2-335061475,S2-339113111,S2-341011019,S2-34107264,S2-432313044,S2-470479244,S2-548700789,S2-576816251,S2-596331849,S2-600829269,S2-608008769,S2-674558752,S2-681085350,S2-703976439,S2-749468029,S2-756848974,S2-790539347,S2-805166932,S2-815246923,S2-81957525,S2-83675330,S2-915515104,S3-200853205,S3-247609615,S3-253689376,S3-343498582,S3-346071531,S3-446980961,S3-758280839,S3-829119803,S3-99240562
S1-359440945	S2-683352932,S2-940771150,S3-137202105,S3-20852064,S3-75226047
S1-332182002	S2-19936046,S2-638785681,S2-935705789,S3-196669602,S3-37990194,S3-445462192,S3-826439464
S1-373651039	S2-733487275,S2-877326415,S3-6170524,S3-770012109
S1-92068166	S2-493242665,S2-788076584,S3-26991844,S3-606189543,S3-630972075,S3-705419214
S1-797119847	S3-119954793,S3-286396688,S3-475433608,S3-950790378
S1-879207596	S2-166711048,S2-304330582,S2-380911411,S2-473918529,S2-568985008,S2-625957024,S2-656038418,S2-798204615,S2-851508938,S2-875079812,S3-16645743,S3-232810221,S3-234625288,S3-307044828,S3-331929804,S3-338454829,S3-340670522,S3-351228405,S3-354937842,S3-425703002,S3-527067428,S3-530516142,S3-547854552,S3-583682685,S3-669809917,S3-709013785,S3-754281403,S3-884140951
S1-271675443	S2-189121342,S2-280435218,S2-282401555,S2-37721056,S2-387223674,S2-481482863,S2-498527677,S2-609649111,S2-643387638,S2-777355389,S2-796992574,S2-86610472,S2-873855969,S2-89430911,S2-911364641,S3-241326686,S3-263240856,S3-387715718,S3-461286261,S3-529532694,S3-540847507,S3-559571245,S3-577510868,S3-586312431,S3-598991117,S3-681749403,S3-740115964,S3-742777523,S3-773087318,S3-777204066,S3-845629343,S3-877105804,S3-943777454,S3-966978346,S3-968030073
S1-787758125	S2-106705001,S2-129089216,S2-46899672,S2-629001704,S2-671396424,S2-897460416,S2-955863783,S2-968093817,S3-10840691,S3-164430307,S3-200036460,S3-235054036,S3-258623917,S3-287294650,S3-347085559,S3-539769943,S3-58853858,S3-59429240,S3-612664776,S3-638661696,S3-810320845,S3-837349726,S3-906250099
S1-5720003	S2-181591620,S2-182300286,S2-215447588,S2-54336273,S2-659857101,S2-791086100,S2-86279376,S2-926982402,S3-201613130,S3-328958177,S3-345774417,S3-56460115,S3-623130641,S3-917842642
S1-919324708	S2-214262620
S1-965667	S2-681193310,S2-743505751,S3-11291185,S3-775321672,S3-860443364
S1-445781061	S2-59933208,S2-760368297,S2-790203564,S3-242868157
S1-728759210	S2-117986233,S2-122003248,S2-133200793,S2-220689789,S2-30805620,S2-371280821,S2-44400072,S2-487634664,S2-49314725,S2-553434792,S2-555210024,S2-567069985,S2-648596577,S2-808051429,S2-823145352,S2-850190670,S2-911286375,S2-95288235,S2-961960226,S2-983709883,S3-200192601,S3-311619103,S3-384858260,S3-424792804,S3-425183763,S3-440412143,S3-501394085,S3-556785725,S3-620728078,S3-704512634,S3-712870504,S3-789457400,S3-822082751,S3-836093027,S3-836665859
S1-697302545	S2-148332675,S2-160783505,S2-181401889,S2-207351006,S2-262598821,S2-263351327,S2-325969572,S2-393958947,S2-424795877,S2-50320559,S2-582883906,S2-597136350,S2-59980708,S2-601256930,S2-622940286,S2-645351123,S2-741060453,S2-752713702,S2-755299964,S2-821867852,S2-846535978,S2-847050244,S2-847882502,S2-85196223,S2-894758971,S2-911093894,S2-914055714,S2-927410086,S2-976425057,S3-441658376,S3-690526042,S3-720573436,S3-8431405,S3-913220157,S3-949184545
S1-271250984	S2-323669436,S2-458613592,S2-6200882,S2-783104453,S2-856908584,S3-255483430,S3-66691507
S1-588807892	S2-344760135,S2-355213503,S2-396262660,S3-11866638,S3-477450348,S3-672857578,S3-700943465,S3-857416287
S1-67726616	S2-585223289,S2-656089177,S2-676730821,S2-736656737,S2-774489449,S2-941102715,S3-43130533,S3-583170852,S3-879056037
S1-251261466	S2-690221283,S3-359538068,S3-549854648
S1-680347141	S3-315706239
S1-107874030	S2-294319913,S2-309680592,S2-72878853,S3-74303029,S3-844414405
S1-8369493	S2-575189997,S2-716108154,S3-877173482,S3-97991495
S1-260697425	S2-141678954,S2-212680983,S2-232651055,S2-238339092,S2-301224351,S2-330209305,S2-490506079,S2-490938389,S2-517613867,S2-539276252,S2-621506272,S2-737562930,S2-767322313,S2-897378699,S3-108704908,S3-128292067,S3-302029305,S3-319541437,S3-402786624,S3-466665214,S3-557154121,S3-7641425,S3-772799169,S3-780937021,S3-902397557,S3-925724184
S1-758949647	S2-319135557,S2-753472575,S3-186646694,S3-19464306
S1-79744963	S2-141277559,S2-146519138,S2-17186006,S2-193721867,S2-212559055,S2-248363989,S2-310772102,S2-38991604,S2-472151404,S2-494685151,S2-512849705,S2-532157362,S2-5341748,S2-541748572,S2-602361852,S2-613412664,S2-627881801,S2-670086555,S2-675960977,S2-701601144,S2-817657114,S2-886947928,S2-907281612,S2-91953344,S2-92846671,S2-96233253,S3-164031951,S3-349647936,S3-383146555,S3-490859286,S3-515677354,S3-660400984,S3-765518833,S3-765652652,S3-835885556
S1-22787740	S2-536598655,S2-678934892,S2-720508994,S2-732237174,S2-770155941,S2-846807873,S2-85539227,S3-269115614,S3-317186537,S3-337828913,S3-474491481,S3-513462468,S3-678951979
S1-184480100	S2-183459199,S2-46633702,S2-760154152,S2-946342497,S3-501432202
S1-31959681	S2-106693312,S2-209976884,S2-283097850,S2-305274291,S2-564425662,S2-663329794,S2-72450959,S2-783812079,S2-959962491,S3-105202169,S3-205681873,S3-242714486,S3-333049281,S3-361495349,S3-486282118,S3-622510788,S3-73953687,S3-788347369,S3-843274018,S3-863914629,S3-868671625,S3-896873447,S3-940752281,S3-981871469
S1-177241641	S2-105913459,S2-121122975,S2-172475646,S2-201322975,S2-227019177,S2-246709075,S2-262606198,S2-26697424,S2-27391982,S2-292335754,S2-310699059,S2-359549629,S2-37521992,S2-398928707,S2-399522607,S2-505086652,S2-53095324,S2-60070530,S2-697967787,S2-797275788,S2-798016383,S2-841621186,S2-889749509,S2-892419737,S2-896587297,S2-907480604,S2-964197508,S3-22324102,S3-237656454,S3-335243331,S3-378298943,S3-380091899,S3-499497315,S3-830838530,S3-998628231
S1-62135230	S2-478618542,S2-497690503,S3-610302955
S1-842533642	S2-100979549,S2-273839811,S2-316110613,S2-352625664,S2-397310008,S2-398172246,S2-415339378,S2-454924946,S2-455917230,S2-528657450,S2-529607203,S2-542186298,S2-547166835,S2-611603904,S2-694951912,S2-810795585,S2-860486623,S2-863520246,S2-921407226,S2-974539274,S3-117892537,S3-151323685,S3-275263119,S3-329398020,S3-429170537,S3-528463985,S3-553570072,S3-704849178,S3-748855424,S3-764018977,S3-852551101,S3-892924181,S3-941324316,S3-981951400,S3-994822320
S1-288309120	S2-354069811,S2-381833281,S2-402474334,S2-475100646,S2-739857381,S2-77029531,S3-154349300,S3-531282962,S3-76564221,S3-81081318,S3-873666689,S3-950521712
S1-349683786	S2-34266260,S2-471589134,S2-595423389,S2-608223,S2-688450525,S2-828069829,S2-867916104,S2-920664858,S2-983792162,S3-145746658,S3-186221043,S3-209433877,S3-217269192,S3-293489176,S3-325377014,S3-33936548,S3-388245827,S3-395103707,S3-431657363,S3-439411737,S3-548212722,S3-579285799,S3-622831211,S3-661634313,S3-792944836,S3-798980766,S3-835680034,S3-891337544,S3-941357643,S3-945954532
S1-999727381	S2-240200643,S2-428088630,S2-444525574,S2-587282380,S2-723110520,S3-100776467,S3-114291004,S3-220562587,S3-246232168,S3-34190575,S3-535310864,S3-701341866,S3-704708018,S3-727441379,S3-853594839
S1-894107060	S2-135986845,S2-386420519,S2-837545873,S2-87150096,S3-628171482,S3-633174842
S1-927655670	S2-224201763,S2-226884833,S2-377640723,S2-647640576,S2-711906490,S2-751644079,S2-86619877,S2-922150401,S2-94442181,S3-142602324,S3-155425282,S3-216815698,S3-271646714,S3-517364994,S3-53354920,S3-708159263,S3-769824375,S3-770888965,S3-830237412,S3-949307490
S1-214959549	S2-135033678,S2-398839408,S2-463089238,S2-538654309,S2-613317151,S2-941652547,S3-342966502,S3-390429149,S3-520811838,S3-55367576,S3-572768463,S3-764695934,S3-941696292
S1-81232954	S2-142985092,S2-145279485,S2-164803909,S2-187261686,S2-197075397,S2-233282085,S2-287984262,S2-342529038,S2-384129207,S2-398778020,S2-46119059,S2-493958515,S2-507440052,S2-522305099,S2-544810577,S2-606307011,S2-676433755,S2-777318896,S2-842323129,S2-876740702,S3-135666915,S3-171804547,S3-248230975,S3-3028754,S3-4868455,S3-706582447,S3-866744642,S3-911102782
S1-400650322	S2-362764851,S2-84228308,S3-122677436,S3-641745839
S1-864404672	S2-100301277,S2-704688975,S3-117182313,S3-748146965
S1-764841010	S2-103841553,S2-140384695,S2-172597897,S2-191094820,S2-358380846,S2-410639572,S2-46610444,S2-489333793,S2-534908467,S2-570375086,S2-602246901,S2-612145863,S2-660771029,S2-746019177,S2-765028847,S2-768946792,S2-788932597,S2-816643563,S2-829774919,S2-88471049,S2-996573898,S3-123939735,S3-336995039,S3-340705689,S3-423576903,S3-42392906,S3-443182900,S3-498027647,S3-592653089,S3-628494086,S3-769947589,S3-83546187,S3-863744133,S3-892511712,S3-906774237
S1-971070058	S2-204665869,S2-513138132,S2-648948605,S3-259186358,S3-71162570,S3-997282939
S1-448986054	S2-246602461,S2-428736038,S2-584772429,S3-115802440,S3-200025735
S1-185938539	S2-137188804,S2-305925793,S2-327325549,S2-442717160,S2-456005244,S2-458603365,S2-518741071,S2-529051857,S2-563115127,S2-565031183,S2-640474309,S2-647006024,S2-715902572,S2-747811082,S2-808195533,S2-856953420,S2-883216567,S3-113238993,S3-286238001,S3-342273571,S3-348493846,S3-379662508,S3-482293711,S3-597321613,S3-65266856,S3-658494722,S3-673332972,S3-68505008,S3-760772403,S3-793024718,S3-815540739,S3-846884848,S3-880695057,S3-90202042,S3-998294478
S1-326577657	S2-103841553,S2-140384695,S2-172597897,S2-191094820,S2-193041163,S2-358380846,S2-410639572,S2-46610444,S2-489333793,S2-534908467,S2-570375086,S2-602246901,S2-612145863,S2-660771029,S2-746019177,S2-765028847,S2-768946792,S2-788932597,S2-816643563,S2-829774919,S2-88471049,S2-996573898,S3-265898677,S3-336995039,S3-340705689,S3-423576903,S3-42392906,S3-454795194,S3-498027647,S3-509376205,S3-628494086,S3-769947589,S3-793740032,S3-863744133,S3-892511712
S1-695942298	S2-204734156,S2-205471689,S2-343874982,S2-349178523,S2-41110663,S2-463332740,S2-518815138,S2-671903958,S2-774833527,S2-846121989,S3-188113680,S3-396332892,S3-401825480,S3-458576101,S3-461081164,S3-524848048,S3-541247257,S3-561777904,S3-76857645,S3-802447883,S3-939126480,S3-980036803
S1-539655547	S2-156843496,S2-182203325,S2-278899754,S2-293675262,S2-645138790,S2-663191944,S2-676769255,S2-788775002,S2-914777518,S2-995355874,S3-135966940,S3-148672819,S3-200112471,S3-229487225,S3-254453507,S3-269778843,S3-379400162,S3-49965116,S3-533295166,S3-545360116,S3-643001634,S3-801025607,S3-822336944,S3-839254878,S3-863463356,S3-87081501,S3-929261323
S1-924979846	S2-125741685,S2-193576955,S2-264201301,S2-335490395,S2-388168390,S2-453312589,S2-542126368,S2-734978259,S2-748432847,S3-21567627,S3-234911791,S3-237400015,S3-271953748,S3-472149075,S3-588465181,S3-608301853,S3-663576869,S3-975129506
S1-127575256	S2-197953372,S2-253245428,S2-266437162,S2-334991974,S2-357511209,S2-357768067,S2-366480050,S2-378660284,S2-399866773,S2-492589350,S2-504612567,S2-518859576,S2-600433503,S2-621897365,S2-650607812,S2-660091990,S2-767535321,S2-774316610,S2-778612308,S2-815315339,S2-840093914,S2-857812018,S2-876550689,S2-959349075,S3-161755914,S3-311928554,S3-344613341,S3-478293486,S3-559434817,S3-56301013,S3-595539211,S3-73180305,S3-931877179,S3-957699670,S3-999512002
S1-418422898	S2-258856612,S2-312912208,S3-484152295,S3-702926863
S1-480846247	S2-159942140,S2-433333342,S2-911377728,S3-148912384,S3-766098119,S3-790000346
S1-853458557	S3-175700049,S3-536799714,S3-779330832
S1-500023233	S2-196984076,S2-303844166,S2-349303306,S2-379088474,S2-389387937,S2-422639266,S2-445866583,S2-551453076,S2-561625161,S2-60654781,S2-679462243,S2-695929716,S2-732649321,S2-749623451,S2-778042390,S2-818008321,S2-828936633,S2-851150147,S2-877301310,S2-916238268,S2-962297781,S2-971508704,S2-97945211,S3-122668024,S3-22379704,S3-238212341,S3-372603125,S3-435254251,S3-558308793,S3-564283273,S3-690859996,S3-763995959,S3-824809429,S3-882333270,S3-909139164
S1-333197153	S2-238172939,S2-265951472,S2-278047629,S3-23762271,S3-282954322,S3-312383011,S3-355195745,S3-484087789,S3-675929044,S3-778471595,S3-792910215,S3-862823320
S1-777086241	S2-11983041,S2-278720929,S2-353659963,S2-66871982,S2-929718535,S2-996424384,S3-103918380,S3-395949527,S3-483171314,S3-49188495,S3-497820554,S3-555608669,S3-720746136,S3-809239576,S3-906903526
S1-954611473	S2-242565333,S2-264178850,S2-444088209,S2-458359635,S2-500781919,S2-532397913,S2-544791789,S2-588384053,S2-649089210,S2-786194848,S2-821512799,S2-968541854,S2-99180378,S3-11466024,S3-127948853,S3-171339671,S3-176892573,S3-214141714,S3-280269790,S3-461601290,S3-504196445,S3-518809267,S3-538932133,S3-713297392,S3-825340470,S3-82569247,S3-869784465,S3-935439382
S1-313700530	S2-381851696,S2-593024747,S3-466713429
S1-736674898	S2-130662011,S2-134068521,S2-21210516,S2-21686764,S2-320416778,S2-334153830,S2-403293711,S2-417703309,S2-421478196,S2-424074688,S2-487303318,S2-511658666,S2-567389681,S2-686359914,S2-745454428,S2-830634880,S2-902949763,S2-938295713,S2-970047503,S2-975393416,S3-207220815,S3-243450859,S3-289353728,S3-366875971,S3-407346259,S3-45762096,S3-501305950,S3-534105789,S3-646768022,S3-767735364,S3-786005686,S3-791722854,S3-86125233,S3-880608203,S3-907049814
S1-652218682	S2-327770765,S2-389494490,S2-452604901,S2-892578739,S3-203105144,S3-387493550,S3-47477041,S3-936092443,S3-959486209
S1-486855159	S2-100979549,S2-273839811,S2-316110613,S2-352625664,S2-397310008,S2-398172246,S2-415339378,S2-454924946,S2-455917230,S2-528657450,S2-529607203,S2-542186298,S2-547166835,S2-611603904,S2-694951912,S2-810795585,S2-860486623,S2-863520246,S2-921407226,S2-974539274,S3-117892537,S3-151323685,S3-275263119,S3-329398020,S3-429170537,S3-528463985,S3-553570072,S3-704849178,S3-748855424,S3-764018977,S3-852551101,S3-892924181,S3-941324316,S3-981951400,S3-994822320
S1-425371264	S2-141268210,S3-652147890,S3-809109031
S1-197930566	S2-306873906,S2-524184937,S2-621408109,S2-664263611,S2-753657867,S2-911723717,S2-930931308,S2-993192885,S3-208529646,S3-438144626,S3-450420344,S3-477250159,S3-665136593,S3-79854379,S3-879817526
S1-940680747	
S1-305839020	S2-451174013,S3-875651698
S1-576496637	S2-258111012,S2-37217309,S2-465460574,S2-522989755,S2-536756969,S2-696163364,S2-802837546,S3-131158560,S3-139238877,S3-142161259,S3-149565445,S3-153728789,S3-405328706,S3-48926935,S3-574136968,S3-627345153,S3-633923028,S3-654854802,S3-702254487,S3-740785174,S3-840280069,S3-866103109,S3-920630019,S3-96017410,S3-998730144
S1-305730898	S2-107653725,S2-151073870,S2-170664164,S2-266286702,S2-420038604,S2-443244794,S2-49570665,S2-523659887,S2-679333576,S2-748776564,S2-766754161,S2-804359966,S2-845101183,S2-87119537,S2-890976695,S2-932527256,S2-953456234,S3-190037912,S3-20095324,S3-234011518,S3-259115009,S3-29848514,S3-314933954,S3-36463776,S3-456091953,S3-456207521,S3-554999246,S3-643040324,S3-677824858,S3-689404984,S3-835646844,S3-894888087,S3-920147923,S3-965254149,S3-97900022
S1-9455909	S2-227373867,S2-387384986,S2-409546504,S2-646408552,S2-839533786,S3-194790377,S3-220834623,S3-263539658,S3-296686180,S3-390866058,S3-433499290,S3-45167101,S3-460708007,S3-609989467,S3-683755169,S3-715790699,S3-812114435,S3-997139272
S1-685095028	S2-442000424,S2-955194084,S3-850420510
S1-997650748	S2-679944918,S2-944663459,S3-369069793,S3-404228470,S3-555745179
S1-275648424	S2-11983041,S2-278720929,S2-353659963,S2-66871982,S2-929718535,S2-996424384,S3-103918380,S3-395949527,S3-483171314,S3-49188495,S3-497820554,S3-555608669,S3-720746136,S3-809239576,S3-906903526
S1-987010937	
S1-713104855	S2-172564091,S2-193576955,S2-225890501,S2-262917378,S2-293251910,S2-302370442,S2-375148319,S2-387565236,S2-405375681,S2-450202901,S2-5304448,S2-828581785,S2-878202400,S2-883850682,S2-967359683,S2-995551385,S3-218927372,S3-278392419,S3-301713507,S3-383643166,S3-436893675,S3-581612076,S3-622223183,S3-715269569,S3-780121333,S3-926258275,S3-974667905,S3-995168006
S1-530500005	S2-137188804,S2-305925793,S2-327325549,S2-442717160,S2-458603365,S2-518741071,S2-529051857,S2-563115127,S2-565031183,S2-640474309,S2-647006024,S2-715902572,S2-747811082,S2-808195533,S2-856953420,S2-883216567,S3-113238993,S3-286238001,S3-342273571,S3-348493846,S3-379662508,S3-464452357,S3-482293711,S3-525301511,S3-597321613,S3-65266856,S3-658494722,S3-673332972,S3-68505008,S3-760772403,S3-793024718,S3-815540739,S3-880695057,S3-90202042,S3-998294478
S1-703735371	S2-132306328,S2-519149050,S2-782475326,S3-12136301
S1-425631822	S2-119786776,S2-173851433,S2-281978323,S2-362218588,S2-368827389,S2-378989867,S2-426890506,S2-451564759,S2-593967293,S2-603881844,S2-607235549,S2-629115069,S2-689801333,S2-770705351,S2-897093331,S2-985768982,S3-105919096,S3-11966366,S3-130933459,S3-135199015,S3-315963677,S3-340697297,S3-521549707,S3-61389060,S3-648026083,S3-764095680,S3-765832602,S3-88143598
S1-352848280	S2-310439040,S2-425467251,S2-600630793,S2-636270422,S2-68476347,S2-796376988,S2-891985054,S3-213739528,S3-262172210,S3-279686791,S3-283001366,S3-380458323,S3-454228701,S3-499976564,S3-644180412,S3-812771615,S3-837289282,S3-912322959,S3-927315271
S1-100365400	S2-135659916,S2-282273778,S2-351229633,S2-399607715,S2-416300306,S2-49965492,S2-559982541,S2-598443082,S2-734953353,S2-970879266,S3-169471428,S3-265728772,S3-347072951,S3-379293390,S3-486436834,S3-527368683,S3-625762768,S3-778288455,S3-826131644,S3-88283245,S3-91557648,S3-968717143
S1-474626038	S2-123236363,S2-202262103,S2-237538068,S2-306472606,S2-333341774,S2-348522901,S2-35177497,S2-358995715,S2-366783290,S2-39899659,S2-469944644,S2-481701031,S2-481829710,S2-498798948,S2-560767923,S2-561839697,S2-568523642,S2-577025927,S2-662874495,S2-67423775,S2-715707300,S2-740452278,S2-741187915,S2-830791024,S2-833537400,S2-841997629,S2-873074982,S2-891940190,S2-918275371,S3-129245292,S3-182391927,S3-199634974,S3-502045988,S3-852787460,S3-943308113
S1-3884076	S2-351025027,S2-388799217,S2-502430724,S2-542789124,S2-788221390,S2-802775845,S2-821750605,S2-907342282,S3-508081329,S3-982812666
S1-58402389	S2-161413200,S2-188723820,S2-243996492,S3-299665506,S3-661910479
S1-837437279	S2-184336560,S2-610056886,S2-659618926,S2-791286938,S2-814891313,S3-182531873,S3-23398472,S3-27940543,S3-303237947,S3-531629720,S3-5564250,S3-558509835,S3-640997844,S3-69040691,S3-859710598,S3-962734580
S1-540957762	S2-129529678,S2-221551582,S2-255287154,S2-25924850,S2-260046754,S2-290719264,S2-402358655,S2-47954728,S2-499124223,S2-527181562,S2-554736378,S2-556243680,S2-569799498,S2-661938990,S2-692494165,S2-907454696,S2-92923830,S2-970108649,S3-103890437,S3-139858754,S3-193628399,S3-244576108,S3-250208810,S3-272234102,S3-404440111,S3-464357542,S3-531224556,S3-56019973,S3-563709941,S3-564723361,S3-695634096,S3-762681944,S3-800978181,S3-848208073,S3-92161055
S1-779938927	S2-147852121,S2-15275449,S2-393866570,S2-415823112,S2-513873176,S2-730981344,S2-887223668,S2-977848238,S3-232397205,S3-25549445,S3-267245809,S3-319078308,S3-400569236,S3-471125389,S3-496934494,S3-506186292,S3-808633896,S3-827791026,S3-899335159,S3-901978163,S3-94498484,S3-984114240
S1-504346927	S2-459628833,S2-50955326,S2-670178075,S3-393818187,S3-431502324,S3-542000130,S3-685932602
S1-779071666	S2-117955411,S2-237114,S2-249651604,S2-251721185,S2-335061475,S2-339113111,S2-341011019,S2-34107264,S2-432313044,S2-470479244,S2-548700789,S2-576816251,S2-596331849,S2-600829269,S2-608008769,S2-674558752,S2-681085350,S2-703976439,S2-749468029,S2-756848974,S2-790539347,S2-805166932,S2-815246923,S2-81957525,S2-83675330,S2-894447711,S2-915515104,S3-200853205,S3-247609615,S3-253689376,S3-346071531,S3-446980961,S3-758280839,S3-829119803,S3-99240562
S1-805070666	S2-259107219,S2-282454868,S2-352010431,S2-389537346,S2-403263243,S2-495426490,S2-843821162,S3-123805341,S3-153423842,S3-172933032,S3-174264711,S3-238337915,S3-413303619,S3-456577178,S3-477762462,S3-734287561,S3-759476755,S3-903151143,S3-948051009
S1-52561080	S2-183480113,S2-731613639,S3-224639238,S3-602585424
S1-722025822	S2-12231138,S2-138119156,S2-282556570,S2-297394357,S2-353074563,S2-405222082,S2-465033947,S2-550528426,S2-551510750,S2-571578602,S2-602258147,S2-642318176,S2-745376074,S2-900515245,S2-923298397,S3-165254132,S3-205813125,S3-229138060,S3-251322962,S3-346951437,S3-348567497,S3-474476428,S3-513598242,S3-589607795,S3-673220701,S3-718458461,S3-795519438,S3-800890858,S3-82567677,S3-830734425,S3-856629092,S3-905176115,S3-931974778,S3-964881450,S3-995586967
S1-227142362	S2-176618364,S2-1894856,S2-266088151,S2-292860908,S2-302747131,S2-323160788,S2-331459425,S2-358100404,S2-416470959,S2-426381800,S2-579876231,S2-662441060,S2-699953766,S2-748514171,S2-809767109,S2-831189349,S2-838504365,S2-859984203,S3-197971216,S3-271035358,S3-299405811,S3-343778282,S3-42539766,S3-473240522,S3-60741488,S3-608194135,S3-632600724,S3-69232777,S3-781152531,S3-808394816,S3-840527931
S1-437773929	S2-117695278,S2-289628853,S2-383414600,S2-617362893,S2-743963884,S2-753320574,S3-409621541,S3-905284202
S1-731542669	S2-403134793,S2-631181918,S2-939487122,S3-535243754,S3-576199259,S3-988120505
S1-983434572	S2-2068478,S2-257571964,S2-370231286,S2-387336446,S2-431865612,S2-46045217,S2-554473529,S2-669170252,S2-828155460,S2-873164808,S2-947357695,S3-149886499,S3-155876445,S3-158967372,S3-441640276,S3-644687617,S3-656120359,S3-782959497,S3-803072838
S1-944739248	S2-584606321,S2-945201800,S2-98475187,S3-248834661,S3-408294313
S1-650871450	S2-121381055,S2-14461671,S2-153404729,S2-198863718,S2-232490044,S2-252623679,S2-255122739,S2-285260766,S2-429934193,S2-475161347,S2-516007752,S2-52983709,S2-567268382,S2-574183114,S2-649722676,S2-666235437,S2-679625068,S2-755422053,S2-775511888,S2-833849412,S2-860136722,S2-89923888,S2-902028636,S2-902843744,S2-905679603,S2-94421348,S3-18304832,S3-242913124,S3-379209441,S3-515296015,S3-793628788,S3-81804477,S3-848221265,S3-870527398,S3-960717783
S1-862882702	S2-284813322,S2-304787089,S2-410496204,S2-500931426,S2-652666849,S2-668560965,S2-840990980,S2-918645314,S3-183414002,S3-355837587,S3-398017181,S3-404439727,S3-486697823,S3-775812412,S3-900915538,S3-935886167,S3-993905544
S1-401953962	S2-142075922,S2-601322466,S2-745183681,S3-121288016,S3-421314261,S3-569992421,S3-697808471,S3-801906620
S1-363314193	S2-117955411,S2-237114,S2-249651604,S2-251721185,S2-300856793,S2-335061475,S2-339113111,S2-341011019,S2-34107264,S2-432313044,S2-470479244,S2-548700789,S2-576816251,S2-596331849,S2-600829269,S2-608008769,S2-674558752,S2-681085350,S2-703976439,S2-749468029,S2-756848974,S2-790539347,S2-805166932,S2-815246923,S2-81957525,S2-83675330,S2-915515104,S3-200853205,S3-247609615,S3-253689376,S3-343498582,S3-346071531,S3-446980961,S3-758280839,S3-829119803
S1-320925655	S2-10419116,S2-229134076,S2-438482111,S2-510071279,S2-514851211,S2-809939808,S3-117362814,S3-263570238,S3-293639214,S3-303186082,S3-36237495,S3-409313711,S3-437985558,S3-462315460,S3-516499351,S3-63461182,S3-68802328,S3-711900602,S3-824212237,S3-843459719,S3-904603678,S3-935894144,S3-978640146
S1-473377609	S3-433876173,S3-512943416
S1-180440335	S2-701972268,S3-278161857
S1-83175335	S2-358011228,S2-423926954,S2-456179166,S2-713716483,S3-161833863,S3-197819419,S3-368347834
S1-971813156	S2-12592965,S2-126303102,S2-423068379,S2-472862697,S2-490492210,S2-60388632,S2-696885509,S2-705775012,S2-788655805,S2-805894408,S3-106720864,S3-145606126,S3-345200400,S3-394463058,S3-585251996,S3-669346845,S3-809956848,S3-864938817,S3-911175210,S3-95975116,S3-966152567,S3-992521513
S1-438778357	S2-486963367,S2-945217743,S3-480050557,S3-869399325,S3-877961637
S1-870080491	S2-123236363,S2-202262103,S2-237538068,S2-306472606,S2-333341774,S2-348522901,S2-35177497,S2-358995715,S2-366783290,S2-39899659,S2-469944644,S2-481701031,S2-481829710,S2-498798948,S2-561839697,S2-568523642,S2-577025927,S2-662874495,S2-67423775,S2-715707300,S2-740452278,S2-741187915,S2-830791024,S2-833537400,S2-841997629,S2-873074982,S2-891940190,S2-918275371,S3-129245292,S3-182391927,S3-199634974,S3-502045988,S3-852787460,S3-864098878,S3-943308113
S1-574927457	S2-176395527,S2-21549661,S2-227623392,S2-255982806,S2-358109825,S2-376740439,S2-547277076,S2-557852753,S2-610036318,S2-614976102,S2-771338473,S2-77785241,S2-792858779,S2-921813303,S2-97451191,S3-101257463,S3-132997079,S3-17743887,S3-206207320,S3-31525893,S3-324010586,S3-346164050,S3-532511365,S3-542465868,S3-606892214,S3-69661333,S3-80911626,S3-858532515,S3-865686833,S3-892743769,S3-90065855,S3-992482227,S3-997878268
S1-833391908	S2-126147848,S2-298119858,S2-448572655,S2-647271772,S3-136432537,S3-142013655,S3-216102677,S3-222319485,S3-226575041,S3-325341265,S3-432919001,S3-464374464,S3-470155334,S3-472885970,S3-620189155,S3-647139009,S3-67445502,S3-725749046,S3-844054592
S1-734821261	S2-387449332,S2-618942370
S1-769132981	S2-138669293,S2-228603660,S2-50503000
S1-323491438	S2-184567407,S2-429190957,S2-703488804,S2-988927365,S3-166794618,S3-355574022,S3-716187951
S1-659561054	S2-13918394,S2-219421935,S2-279538444,S2-284108726,S2-323442150,S2-358806790,S2-37011973,S2-41985632,S2-460739389,S2-513882942,S2-58271132,S2-59415589,S2-60220214,S2-624893674,S2-746168718,S3-20276169,S3-224181895,S3-22808792,S3-232459295,S3-252741503,S3-266898052,S3-366896328,S3-399225883,S3-462020786,S3-477280605,S3-506724053,S3-557192972,S3-595696157,S3-610856016,S3-634343666,S3-701279458,S3-748653938,S3-904304477,S3-973075818,S3-985895162
S1-897987810	S2-146480855,S2-185737331,S2-231916506,S2-232575239,S2-286963811,S2-307888571,S2-339694983,S2-355587625,S2-37198077,S2-405171931,S2-58800913,S2-595412193,S2-647591488,S2-65897181,S2-685448148,S2-786952906,S2-841383785,S2-852414683,S2-886344192,S2-889877115,S2-890800626,S2-910198486,S2-935053208,S2-963225537,S2-970558176,S3-126939583,S3-148746712,S3-362886446,S3-469565855,S3-580991724,S3-664763541,S3-731679667,S3-75652378,S3-843603802,S3-873274627
S1-75530363	S2-121022075,S2-246269272,S2-367240764,S2-404278881,S2-58692481,S2-844807394,S3-164059533,S3-164841418,S3-229576564,S3-422170930,S3-576028320,S3-794488019
S1-919245976	S2-472729944,S2-754120612,S2-817774627,S3-274148494,S3-825968276
S1-219765772	S2-359968183,S2-73475891,S3-363685397,S3-985947781
S1-420593966	S2-118455,S2-36258717,S2-397892892,S2-461855967,S2-518162869,S2-542839919,S2-610502640,S2-672665299,S2-691284711,S3-501389835,S3-700153581,S3-785011566,S3-89122252
S1-76693096	S2-125690310,S2-155534328,S2-160988895,S2-300999512,S2-310644691,S2-459719365,S2-509255112,S2-551109833,S2-594622410,S2-663884088,S2-701106189,S2-762396170,S2-78074287,S3-134887355,S3-145711845,S3-215540151,S3-228328248,S3-37812154,S3-461601290,S3-519760056,S3-788318140,S3-811924446
S1-416305841	S2-387985230,S2-388168609,S2-450039518,S2-613147012,S2-637797628,S3-480206960,S3-573150853
S1-439810025	S2-983636768,S3-205196360
S1-957102563	S2-327669113,S2-414331147,S2-763063986,S3-116305396,S3-198502046,S3-33265829,S3-368033022,S3-738285356,S3-870950354,S3-944940220
S1-422760145	S2-144605581,S2-215375025,S2-2303053,S2-312708764,S2-346821440,S2-438620395,S2-445229762,S2-5091094,S2-544750938,S2-687120060,S2-721222230,S2-772202422,S2-792111025,S2-818469684,S2-87122718,S2-884716368,S2-927828064,S2-931392519,S2-96508269,S3-117507735,S3-162829800,S3-277152022,S3-321432576,S3-321804896,S3-346026279,S3-395099143,S3-403816624,S3-419882111,S3-474721351,S3-579638496,S3-644548049,S3-765321409,S3-851951872,S3-927310956,S3-946557973
S1-476874826	S2-196036840,S2-486726298,S2-783289295,S2-91880900,S2-931392519,S3-378539016,S3-911018340
S1-6107395	S2-389381313,S2-472559214,S2-664730773,S3-658460246,S3-782470874
S1-175107669	S3-398190267,S3-782806304
S1-562201661	S2-114803651,S2-156719146,S2-277316319,S2-410963764,S2-436009197,S2-624614681,S2-65755767,S2-692542191,S2-775062568,S2-983995539,S3-272737741,S3-429716891,S3-661297563,S3-92715799,S3-939158732,S3-946165958,S3-998485304
S1-694901837	S2-286550495,S2-503426166,S3-126156894,S3-322052338,S3-579886578
S1-202756080	
S1-688123789	S2-136255079,S2-140067178,S2-174109134,S2-467008283,S2-641554981,S2-705086978,S3-12446549,S3-290705771,S3-480833323,S3-637617497,S3-673494256,S3-814994679,S3-886649027
S1-482767162	S2-26500789,S2-39527162,S2-432834237,S2-444525574,S2-486418227,S2-50626186,S2-536857301,S2-567495331,S2-596145832,S2-604151999,S2-641737479,S2-647950619,S2-873707066,S2-900244439,S2-912528411,S2-958761019,S3-134941854,S3-160636386,S3-284924975,S3-299454566,S3-328988736,S3-454964671,S3-489864319,S3-494959407,S3-543737975,S3-553555462,S3-589148871,S3-620971076,S3-645951780,S3-741223656,S3-741903950,S3-775311048,S3-853468774,S3-877387702,S3-981713396
S1-70446231	S2-163745768,S2-952686908,S3-863201138
S1-775694766	S2-183700921,S2-448799231,S2-528678467,S2-781408168,S2-808498076,S2-952547652,S3-214073006,S3-416528615,S3-543411220,S3-80241325
S1-253390548	S2-167154067,S2-318660577,S2-474130449,S2-483712676,S2-545238670,S2-596585710,S2-60302149,S2-775538907,S2-967432417,S3-240063798,S3-282119271,S3-999281014
S1-275082729	S2-302180543,S2-319538868,S2-443178543,S2-64105353,S2-709229771,S3-210526658,S3-322016417,S3-33840993,S3-342416705,S3-369227565,S3-45263592,S3-500123487,S3-501719656,S3-682236953,S3-841561354,S3-907371204,S3-94384565
S1-545760313	S2-4170487,S2-524186705,S2-654781658,S2-708029837,S2-788652507,S2-863384927,S2-866114129,S2-960543587,S2-971815091,S3-13533036,S3-137262896,S3-147345611,S3-209538657,S3-213730947,S3-285751716,S3-324711488,S3-324803888,S3-402489104,S3-450252686,S3-50087021,S3-50957027,S3-553847476,S3-570562199,S3-754763114,S3-755754884,S3-806776667,S3-879571762,S3-932558598
S1-452967807	S2-223472446,S2-227809902,S2-261186003,S2-275206191,S2-341573548,S2-360702286,S2-379965046,S2-462485254,S2-474786792,S2-568321320,S2-608581539,S2-693435692,S2-765174135,S2-777341549,S2-857137996,S2-861811551,S2-8725209,S2-890764231,S2-913283361,S2-930943301,S2-974589910,S2-982405616,S3-151714765,S3-278655037,S3-296354640,S3-306858349,S3-39218497,S3-408260296,S3-442169493,S3-536729265,S3-607995997,S3-628864841,S3-633765717,S3-643596733,S3-76152530
S1-132150599	S2-269873909
S1-670832200	S2-160838125,S2-907790762,S3-202672069,S3-251777051
S1-392534068	S2-104383580,S2-28637907,S2-331210980,S2-551126435,S2-585345673,S2-681275696,S3-244402817,S3-333747934
S1-340380905	S2-179463928,S2-179711618,S2-331604338,S2-364652113,S2-403780641,S2-428458362,S2-492007733,S2-497311507,S2-521706949,S2-546662750,S2-729410787,S2-854103400,S2-971714703,S2-994662478,S3-120554590,S3-147625499,S3-174411044,S3-219461059,S3-275183252,S3-32456291,S3-325291848,S3-432628874,S3-545300843,S3-645156210,S3-665620740,S3-77766090,S3-833456956,S3-882624444,S3-931372837,S3-973716231
S1-994893973	S2-203258493,S2-516849746,S3-360939675,S3-914623105,S3-919558611,S3-968125369
S1-432476479	S3-784786990,S3-996735784
S1-604590062	S2-332413621,S2-929098440,S3-234199367,S3-541767936,S3-637767074,S3-709460752
S1-605370345	S2-229929409,S2-239805296,S2-474731285,S2-512591896,S2-724909038,S3-784430815
S1-590581569	S2-180389814,S2-400932112,S2-458378933,S2-476801496,S2-676656107,S3-146718733,S3-166520602,S3-242187551,S3-247545795,S3-307896404,S3-34854745,S3-400637115,S3-457504025,S3-474645905,S3-499801417,S3-552726536,S3-659126396,S3-796331989,S3-944225630
S1-523271818	S2-163556599,S3-74888273
S1-21753446	S2-184847379,S2-296172929,S2-314519597,S3-313085386,S3-496744851,S3-813919650
S1-230674983	S2-609696853,S3-354388939,S3-5705304,S3-814188931
S1-149092361	S2-168909057,S2-709740064,S3-210358031,S3-49879895
S1-321959386	S2-168645266,S2-255746643,S2-686273480,S2-760656425,S2-785327358,S2-919741061,S2-931594628,S3-152579784,S3-155658818,S3-170105031,S3-23715167,S3-327843903,S3-334155581,S3-354557238,S3-430254443,S3-610207653,S3-634532546,S3-694814916,S3-863952292,S3-882257996,S3-916564162
S1-652339606	S3-207339762,S3-626670274,S3-946979261
S1-434099993	S2-349198774,S2-950450589,S2-999431918,S3-880074882
S1-704247768	S2-401909745,S2-761174695,S3-934085598
S1-755012374	S2-221669172,S2-23516019,S2-352641607,S2-527043966,S2-596816537,S2-845331785,S2-960749965,S2-991378225,S3-180606404,S3-206468918,S3-296240409,S3-423356309,S3-432986964,S3-474491481,S3-558743972,S3-693804489,S3-881950495,S3-986609948
S1-629424568	S2-166711048,S2-380911411,S2-473918529,S2-568985008,S2-625957024,S2-656038418,S2-798204615,S2-851508938,S2-875079812,S3-16645743,S3-234625288,S3-331929804,S3-338454829,S3-351228405,S3-354937842,S3-530516142,S3-583682685,S3-669809917,S3-709013785,S3-773795060,S3-882228578,S3-884140951
S1-486029704	S2-917292842,S3-39440877
S1-67875104	S2-175295118,S2-230896970,S2-769600607,S3-273930130,S3-337620724,S3-855173138
S1-714135249	S2-188362327,S2-430487676,S2-435123543,S2-576428419,S2-644029227,S2-69755788,S2-70074734,S3-110349245,S3-115793707,S3-137174211,S3-150807003,S3-203549607,S3-241186702,S3-296240409,S3-303320006,S3-321128474,S3-322974564,S3-328821394,S3-35962365,S3-401336848,S3-431623235,S3-475071565,S3-560791095,S3-642821429,S3-733903477,S3-735674792,S3-743592424,S3-805220251,S3-805670560,S3-808125751,S3-885787619,S3-914411406
S1-994039051	S2-148332675,S2-160783505,S2-181401889,S2-207351006,S2-262598821,S2-263351327,S2-325969572,S2-393958947,S2-424795877,S2-50320559,S2-582883906,S2-597136350,S2-59980708,S2-601256930,S2-622940286,S2-645351123,S2-741060453,S2-752713702,S2-755299964,S2-821867852,S2-846535978,S2-847050244,S2-847882502,S2-85196223,S2-894758971,S2-911093894,S2-914055714,S2-927410086,S2-976425057,S3-333281482,S3-441658376,S3-599281267,S3-720573436,S3-8431405,S3-949184545
S1-597619383	S2-118180047,S3-180485796,S3-390171777,S3-567956556
S1-411106161	S2-128042662,S2-266819008,S2-29572152,S2-328550378,S2-40542191,S2-435820427,S2-504136076,S2-509856567,S2-577876572,S2-645233952,S2-698538805,S2-699547865,S2-734223522,S2-769361973,S2-776902364,S2-807666044,S2-868740769,S3-206665267,S3-208542679,S3-218398128,S3-27582308,S3-30137551,S3-342489548,S3-34326720,S3-458968879,S3-681456289,S3-808546100,S3-92525769,S3-987990761
S1-638599801	S2-184938325,S2-488497626,S2-772900823,S2-788221390,S2-823474959,S3-341889144,S3-686205933,S3-732431758,S3-767947900
S1-763486690	S2-824362337,S3-462180193,S3-681053352
S1-62908850	S2-146171089,S2-149266198,S2-205373660,S2-232391244,S2-236438196,S2-237581495,S2-283459051,S2-32486553,S2-373023772,S2-379180586,S2-407116026,S2-524600877,S2-527976407,S2-541373851,S2-567480009,S2-647995833,S2-718026833,S2-729643675,S2-752280842,S2-787859615,S2-797658852,S2-805166932,S2-84136000,S2-922011742,S3-133356181,S3-255051180,S3-270387964,S3-353111517,S3-614225541,S3-621549777,S3-690379551,S3-778194057,S3-85738770,S3-883625554,S3-936751977
S1-181786498	S2-986799548,S3-102976964,S3-459162102,S3-653040877,S3-672241600,S3-68868224
S1-116886309	S2-175232844,S2-366070890,S2-403858184,S2-417219305,S2-621473485,S2-661272914,S2-706634627,S2-72116429,S2-795263604,S2-797453714,S2-820410002,S2-906086535,S2-949124193,S2-959699201,S3-10993329,S3-213365773,S3-214153458,S3-221792017,S3-330657023,S3-447448464,S3-450861274,S3-485526850,S3-531152617,S3-569647899,S3-690040528,S3-692984253,S3-708891756,S3-767505238,S3-770372727,S3-783030214,S3-824886886
S1-403692077	S2-105028901,S2-135033678,S2-398839408,S2-463089238,S2-538654309,S2-613317151,S2-941652547,S3-342966502,S3-390429149,S3-520811838,S3-55367576,S3-572768463,S3-764695934,S3-941696292
S1-551473015	S2-588779033,S2-6101812,S2-753820444,S3-601294315,S3-772633035
S1-566265142	S2-204330190,S2-714678884,S2-833823134,S3-182260348,S3-192629858,S3-325238745,S3-35472521,S3-409782377,S3-498027490,S3-530516142,S3-573492118,S3-576691112,S3-618252646,S3-629863559,S3-771282444,S3-994997238
S1-296030195	S2-144908485,S2-152690112,S2-18313365,S2-187500566,S2-210386781,S2-386384474,S2-421260522,S2-513277410,S2-528183970,S2-560718770,S2-564220109,S2-623540619,S2-661296,S2-762162955,S2-766916642,S2-767769254,S2-788237473,S2-876805202,S2-934901592,S2-964240180,S3-320849609,S3-337612926,S3-368363902,S3-449146656,S3-513280273,S3-600011823,S3-617318682,S3-684815178,S3-70887228,S3-711181602,S3-721143325,S3-723070493,S3-798099433,S3-947933761
S1-591389430	S2-13918394,S2-219421935,S2-279538444,S2-284108726,S2-323442150,S2-358806790,S2-37011973,S2-41985632,S2-460739389,S2-513882942,S2-58271132,S2-59415589,S2-60220214,S2-624893674,S2-746168718,S3-20276169,S3-224181895,S3-22808792,S3-232459295,S3-252741503,S3-266898052,S3-295524507,S3-366896328,S3-399225883,S3-462020786,S3-477280605,S3-506724053,S3-557192972,S3-595696157,S3-610856016,S3-634343666,S3-701279458,S3-748653938,S3-904304477,S3-973075818
S1-782585260	S2-217960968,S2-597840910,S3-301222761,S3-718485781,S3-81522073,S3-973843500
S1-301281894	S2-730219026,S3-135158431,S3-782875130,S3-966357757
S1-649259801	S2-192765495,S2-345538799,S2-448407399,S2-494306592,S2-654066445,S3-166262382,S3-17785869,S3-455785972,S3-513119433,S3-581224957,S3-617158219,S3-779732141,S3-79340667,S3-880615840,S3-925631483
S1-96886690	S2-119770714,S2-273788133,S2-283611622,S2-469671988,S3-196669602,S3-208825792,S3-250602920,S3-258276756,S3-341689388,S3-541849662,S3-570274340,S3-613439522,S3-66197883,S3-713947042,S3-719991055,S3-839422567,S3-842440730,S3-940884930,S3-976778991
S1-29750109	S2-333582922,S3-448131949
S1-513910451	S2-215436890,S2-25673892,S2-267161434,S2-347431129,S2-566101806,S2-574556747,S2-662695411,S2-88665468,S3-410067167,S3-420224008,S3-512273446,S3-556156225,S3-595188737,S3-668598076,S3-787360935
S1-149604234	S2-532517889,S2-695286555,S2-751812319,S2-890606962,S2-954434103,S3-131367350,S3-777215781
S1-27444152	S2-145889845,S2-153555569,S2-161077029,S2-240200643,S2-303133875,S2-353041794,S2-384151706,S2-44445555,S2-468278119,S2-514317379,S2-529933432,S2-577551744,S2-608520307,S2-707792550,S2-729664916,S2-788333626,S2-813588229,S2-90986584,S3-114686337,S3-153670200,S3-15575692,S3-34190575,S3-501325834,S3-54408554,S3-545116891,S3-578691751,S3-606226483,S3-621376750,S3-645300049,S3-66104711,S3-735360999,S3-76037,S3-80542553,S3-853594839,S3-859802729
S1-388086251	S2-348709202,S2-453372109,S2-621022147,S2-911026627,S3-27525482,S3-279488586,S3-299166362,S3-388662437,S3-413831659,S3-431195246,S3-500549106,S3-596893180,S3-679482238,S3-750977052,S3-847170652,S3-860338685,S3-89179537,S3-931957549,S3-955461789,S3-977224107,S3-984070510
S1-511978825	S2-171172645,S2-199425487,S2-268341642,S2-325051442,S2-352901282,S2-363249020,S2-523234440,S2-657526429,S2-708631181,S3-101405370,S3-179268798,S3-364674213,S3-447940261,S3-495887096,S3-585303173,S3-656530454,S3-720950939,S3-744045338,S3-779717587,S3-949325070
S1-489879219	S2-104952404,S2-127219034,S2-232656420,S2-232940193,S2-254244402,S2-286079379,S2-408752598,S2-414293572,S2-420202495,S2-46545618,S2-501371408,S2-575500452,S2-655408804,S2-761912887,S2-769600607,S2-796868968,S2-799218322,S2-803539095,S2-822562373,S2-854003878,S2-857019028,S2-950950039,S2-986115477,S3-123929282,S3-176329043,S3-194389138,S3-256361270,S3-417297011,S3-426020560,S3-505074779,S3-616793249,S3-739312697,S3-893441488,S3-960532968,S3-998446209
S1-539763792	S2-26500789,S2-39527162,S2-432834237,S2-444525574,S2-486418227,S2-50626186,S2-536857301,S2-567495331,S2-596145832,S2-604151999,S2-641737479,S2-647950619,S2-873707066,S2-900244439,S2-912528411,S2-958761019,S3-134941854,S3-160636386,S3-284924975,S3-299454566,S3-328988736,S3-454964671,S3-489864319,S3-494959407,S3-543737975,S3-553555462,S3-589148871,S3-620971076,S3-645951780,S3-741223656,S3-741903950,S3-775311048,S3-853468774,S3-877387702,S3-981713396
S1-602144510	S2-237937304,S2-239346731,S2-246534162,S2-314858184,S2-398046407,S2-460916094,S2-50449113,S2-592064369,S2-599642162,S2-64000798,S2-783711549,S2-858894683,S2-909935981,S2-994662478,S3-115122051,S3-140571110,S3-146737822,S3-165173201,S3-261252573,S3-34300177,S3-365522,S3-407867102,S3-519132708,S3-797723069,S3-930382802
S1-38151369	S2-454075545,S2-592231891,S2-598818764,S3-246188883,S3-355565666
S1-433937014	S2-590746523,S3-261083720,S3-340218071,S3-616400753,S3-856101406
S1-904641792	S2-155071678,S2-214616839,S2-231888175,S2-243764861,S2-260219982,S2-301661112,S2-30198793,S2-309431103,S2-316585256,S2-343697224,S2-414256753,S2-469207582,S2-501384396,S2-562997465,S2-606326575,S2-615990414,S2-661781448,S2-666782376,S2-754856819,S2-777673414,S2-778024060,S2-810813977,S2-820385444,S2-822749847,S2-866983542,S2-872248490,S2-892052286,S2-893939251,S2-944494555,S2-980651759,S3-173746424,S3-366341675,S3-377348825,S3-711334462,S3-986526946
S1-266915010	S2-335549531,S2-361562650,S2-384616423,S2-58142389,S2-598783899,S2-714505855,S2-728143975,S2-752866007,S3-255138759,S3-267499170,S3-362251097,S3-419735406,S3-492678895,S3-531104837,S3-596727826,S3-765807910,S3-770926116,S3-778249419,S3-851382760,S3-883132792,S3-912583004,S3-914714358,S3-922372714,S3-926388121,S3-989774219,S3-999559043
S1-628152085	S2-235919201,S2-2974032,S2-323160788,S2-360918469,S2-464374129,S2-5057633,S2-512402654,S2-520636761,S2-607011078,S2-648627398,S2-667654851,S2-686852580,S2-699810809,S2-73377040,S2-798156480,S2-815370923,S2-857379212,S2-877296868,S2-936486525,S2-952566340,S2-985972384,S3-114145564,S3-164206519,S3-213341173,S3-344501020,S3-38386392,S3-398183880,S3-431936246,S3-446711465,S3-501057850,S3-537885480,S3-596536013,S3-733661513,S3-950852269,S3-969469712
S1-405544735	S2-150321982,S2-20100889,S2-229434487,S2-259107219,S2-298755393,S2-308860945,S2-381416319,S2-439958506,S2-468055683,S2-474064475,S2-495426490,S2-509328231,S2-582371029,S2-755156637,S2-880181111,S2-960273699,S2-961415907,S3-163492874,S3-164014538,S3-167064286,S3-220562587,S3-246480970,S3-283997795,S3-390286010,S3-472382215,S3-506001026,S3-561525141,S3-757640964,S3-833529867,S3-84870616,S3-875723263,S3-902050100,S3-911776789,S3-96877441,S3-981590643
S1-686465524	S2-349331441,S2-397148750,S2-611559625,S3-190427174,S3-295269979,S3-456091953,S3-745131039
S1-223620731	S2-175232844,S2-366070890,S2-403858184,S2-417219305,S2-621473485,S2-661272914,S2-706634627,S2-72116429,S2-795263604,S2-797453714,S2-820410002,S2-906086535,S2-949124193,S2-959699201,S3-10993329,S3-213365773,S3-214153458,S3-221792017,S3-330657023,S3-447448464,S3-450861274,S3-485526850,S3-531152617,S3-569647899,S3-690040528,S3-692984253,S3-708891756,S3-767505238,S3-770372727,S3-783030214,S3-824886886
S1-548949826	S2-117986233,S2-122003248,S2-133200793,S2-220689789,S2-30805620,S2-371280821,S2-44400072,S2-487634664,S2-49314725,S2-553434792,S2-555210024,S2-567069985,S2-808051429,S2-823145352,S2-850190670,S2-911286375,S2-95288235,S2-961960226,S2-983709883,S3-10044799,S3-200192601,S3-311619103,S3-384858260,S3-424792804,S3-425183763,S3-440412143,S3-501394085,S3-556785725,S3-604947235,S3-620728078,S3-704512634,S3-712870504,S3-789457400,S3-822082751,S3-836665859
S1-931070977	S2-166858852,S2-276568653,S2-352701800,S2-353071292,S2-610846413,S2-782436948,S3-107644605,S3-119547665,S3-44931684,S3-505025450,S3-542900503,S3-633550380,S3-745325990,S3-996138535
S1-493138996	S2-243735031,S2-437688723,S3-555204476,S3-74170819
S1-920128741	S2-121795405,S2-122178984,S2-144132128,S2-216446358,S2-30888716,S2-337546861,S2-406788976,S2-409357408,S2-437437459,S2-464688602,S2-475754135,S2-48050677,S2-482059396,S2-518262018,S2-549362894,S2-558404608,S2-563602891,S2-586329791,S2-58717425,S2-618275000,S2-679520168,S2-758188088,S2-768849361,S2-789525460,S2-791638625,S2-833038098,S2-860254588,S2-95264755,S2-965698738,S2-975853527,S2-982355042,S2-987982086,S3-344389255,S3-550998505,S3-553920357
S1-566830111	S2-138046867,S2-195860143,S2-204670612,S2-238366597,S2-510692151,S2-561839697,S2-702877561,S3-185832599,S3-196203427,S3-363654973,S3-477762462,S3-546385316,S3-572646134,S3-837929682,S3-864178270,S3-891557198,S3-9911992
S1-550003654	S2-264228518,S2-89430782,S3-573619551
S1-26175016	S2-168343607,S2-224179228,S2-267867078,S2-318550556,S2-468409428,S2-516200703,S2-573444333,S2-575598547,S2-617410789,S2-67276082,S2-753030076,S2-764297223,S2-794794284,S2-795484451,S2-804023929,S2-830888138,S2-832294496,S2-936770341,S2-950508447,S2-954040283,S3-187505026,S3-237581199,S3-241741661,S3-367943987,S3-421403180,S3-566062089,S3-606010619,S3-700330477,S3-74281810,S3-78149499,S3-807213849,S3-813520757,S3-856542524,S3-942647343,S3-974074755
S1-593326306	S2-113210517,S2-231226952,S2-372771770,S2-411595049,S2-422154923,S2-435096908,S2-480003209,S2-49077923,S2-502336937,S2-505248518,S2-512694570,S2-520703437,S2-541004230,S2-585967025,S2-60646974,S2-612889041,S2-616517153,S2-639224330,S2-784343391,S2-820094900,S2-855237622,S2-939435831,S2-952585649,S2-978004317,S3-214537213,S3-312282868,S3-318885431,S3-35711444,S3-371313822,S3-508810523,S3-514050393,S3-597225154,S3-644849657,S3-799312472,S3-876895423
S1-17148778	S2-146480855,S2-185737331,S2-231916506,S2-232575239,S2-286963811,S2-307888571,S2-339694983,S2-355587625,S2-37198077,S2-405171931,S2-58800913,S2-595412193,S2-647591488,S2-65897181,S2-685448148,S2-786952906,S2-841383785,S2-852414683,S2-886344192,S2-889877115,S2-890800626,S2-910198486,S2-935053208,S2-963225537,S2-970558176,S3-126939583,S3-148746712,S3-362886446,S3-469565855,S3-580991724,S3-664763541,S3-731679667,S3-75652378,S3-843603802,S3-873274627
S1-465930062	S2-771572042,S2-799108105,S2-81873953,S2-932694216,S3-333745977,S3-812119910,S3-973889303
S1-314686399	S2-230805573,S2-325927160,S3-497391726
S1-892768886	S2-102718051,S2-152730216,S2-155276085,S2-182206960,S2-183447807,S2-199310499,S2-309436005,S2-33379794,S2-370505932,S2-554934326,S2-76892253,S2-849626998,S2-904994695,S2-914015534,S2-936846437,S2-945571727,S2-981502170,S2-996753212,S3-151094258,S3-217277717,S3-303974744,S3-440244657,S3-538340664,S3-598101402,S3-676653258,S3-713599684,S3-717804768,S3-786470510,S3-793299965,S3-857818439,S3-87811429,S3-931355516,S3-931979924,S3-939973399,S3-993167373
S1-838355310	S2-248722765,S2-351731497,S2-58376459,S3-460098477
S1-680439252	S2-104071138,S2-110091227,S2-148826554,S2-153174604,S2-164569789,S2-166803465,S2-225760056,S2-237522124,S2-273809839,S2-374959935,S2-42658041,S2-492161984,S2-529528626,S2-569931245,S2-661475178,S2-719738044,S2-75094465,S2-753622765,S2-774649998,S2-78204690,S2-784998107,S2-797167617,S2-827354151,S2-840565535,S2-949079052,S2-978200559,S2-995684796,S3-140145316,S3-465966343,S3-518345768,S3-610052988,S3-680882349,S3-751033856,S3-846370131,S3-947707900
S1-997248343	S2-817148911,S3-368367114,S3-984462654
S1-65263544	S2-122612997,S2-180463458,S2-364506585,S2-514214943,S2-600433503,S2-772769928,S2-881122703,S2-883785009,S2-930075453,S2-998270769,S3-102573485,S3-216035280,S3-33718072,S3-350074034,S3-403476502,S3-451998234,S3-462448836,S3-509388758,S3-802052664,S3-826131644,S3-85311066,S3-871044143
S1-768161501	S2-360632696,S2-573981337,S3-106780901
S1-534715135	S2-525944896,S2-555245115,S3-219919955,S3-32733127
S1-500639767	S2-142216608,S2-714397183,S3-102229452
S1-513111924	S2-179907528
S1-100166899	S2-147852121,S2-15275449,S2-375611616,S2-415823112,S2-730981344,S2-887223668,S2-977848238,S3-232397205,S3-25549445,S3-267245809,S3-319078308,S3-400569236,S3-471125389,S3-506186292,S3-738504859,S3-808633896,S3-827791026,S3-901978163,S3-94498484,S3-984114240
S1-930484297	S2-126981949,S2-224962412,S2-238799081,S2-247207153,S2-534358704,S2-585146793,S2-78561659,S2-81630675,S2-819128193,S2-955555568,S3-184087201,S3-285187799,S3-478786677,S3-519803849,S3-553493139,S3-627551702,S3-649008089,S3-737725897,S3-770235693,S3-844209144,S3-998184203
S1-153938300	S2-657297602,S3-501648829
S1-480158538	S2-121226226,S2-146953775,S2-217245615,S2-352328442,S2-449651472,S2-497910085,S2-610676249,S2-756847329,S2-883646361,S2-981487936,S3-11053729,S3-180593009,S3-232389966,S3-265099052,S3-309422837,S3-37198119,S3-423044205,S3-486655756,S3-525026638,S3-548958145,S3-555769445,S3-660484580,S3-670952445,S3-688495250,S3-707979848,S3-784413899,S3-835535109,S3-847395306,S3-863294311,S3-933485363,S3-970881689
S1-296806571	S2-137449844,S2-421551407,S2-665828584,S3-237799760,S3-906475287
S1-576995684	S2-171162744,S3-481979745
S1-470014470	S2-248964590,S2-326349956,S2-75724158,S3-593206303,S3-666042041
S1-944445121	S2-100972051,S2-111761628,S2-125381550,S2-153776503,S2-181737978,S2-522989755,S2-523371691,S2-566696825,S2-699500794,S2-739185108,S2-74733137,S2-755232709,S2-758670695,S2-779918174,S2-837065407,S2-843698262,S2-894686069,S3-107882656,S3-127657435,S3-206468918,S3-219349972,S3-240664021,S3-244649765,S3-275798620,S3-398017181,S3-402560707,S3-433207817,S3-459105416,S3-474491481,S3-555951480,S3-693804489,S3-819459908,S3-836363091,S3-935886167,S3-966805256
S1-527489699	S2-448263591,S3-160908827,S3-162975777,S3-492580601,S3-515677354,S3-622420436
S1-336009083	S2-235919201,S2-2974032,S2-360918469,S2-464374129,S2-5057633,S2-512402654,S2-607011078,S2-648627398,S2-667654851,S2-686852580,S2-699810809,S2-73377040,S2-798156480,S2-815370923,S2-857379212,S2-865749305,S2-877296868,S2-936486525,S2-952566340,S2-985972384,S3-114145564,S3-164206519,S3-213341173,S3-344501020,S3-38386392,S3-398183880,S3-431936246,S3-446711465,S3-501057850,S3-537885480,S3-596536013,S3-733661513,S3-969469712
S1-911301077	S2-100083276,S2-148448999,S2-190626179,S2-612137673,S2-680584679,S2-934223143,S3-110540387,S3-167649858,S3-169413940,S3-195464979,S3-21593436,S3-256643598,S3-257070939,S3-263881508,S3-338582737,S3-363729403,S3-364230189,S3-372018841,S3-694563968,S3-798785554,S3-835268925,S3-857048878,S3-859852429,S3-875038507,S3-880898347,S3-909062859,S3-956753968
S1-575426738	S2-221482573,S2-2423540,S2-284122180,S2-446049429,S2-630538606,S2-765762046,S2-773026478,S2-799357183,S2-910449626,S2-995444276,S3-111088713,S3-142105456,S3-162285797,S3-311795383,S3-354253397,S3-387800635,S3-472170671,S3-519366815,S3-528215134,S3-805397667,S3-81892603,S3-995761797
S1-618610915	S2-244170294,S2-554057854,S2-585844822,S2-600829269,S3-147522977,S3-283252002,S3-469929228,S3-679482238,S3-689183567
S1-754023472	S2-104952404,S2-127219034,S2-232656420,S2-232940193,S2-254244402,S2-286079379,S2-408752598,S2-414293572,S2-420202495,S2-46545618,S2-501371408,S2-575500452,S2-655408804,S2-761912887,S2-769600607,S2-796868968,S2-799218322,S2-803539095,S2-822562373,S2-854003878,S2-857019028,S2-950950039,S2-986115477,S3-123929282,S3-176329043,S3-194389138,S3-256361270,S3-417297011,S3-426020560,S3-505074779,S3-616793249,S3-739312697,S3-893441488,S3-960532968,S3-998446209
S1-297294757	S2-191513694,S2-295385905,S2-392069015,S2-769215892,S2-780835769,S2-831679005,S3-112036290,S3-168674505,S3-17545461,S3-595893944,S3-802514980
S1-19402182	S2-4170487,S2-524186705,S2-654781658,S2-708029837,S2-788652507,S2-863384927,S2-866114129,S2-960543587,S2-971815091,S3-13533036,S3-137262896,S3-147345611,S3-209538657,S3-213730947,S3-285751716,S3-324711488,S3-324803888,S3-402489104,S3-450252686,S3-50087021,S3-50957027,S3-553847476,S3-570562199,S3-754763114,S3-806776667,S3-879571762,S3-932558598
S1-692000596	S2-580419223,S3-164220452
S1-270210707	S2-254123178,S2-446586519,S3-141962130,S3-533159643
S1-239617846	S2-334369893,S2-852091300,S2-899881269,S2-967603377,S3-219076952,S3-336197278,S3-635280687
S1-742696221	S2-126247024,S2-21704936,S2-457495721,S2-875998753,S3-417138619,S3-609776940
S1-214118007	S2-255298605,S2-302439355,S2-415584614,S2-563734938,S2-644912732,S2-661030354,S2-762486139,S2-828581785,S2-92483612,S2-983318792,S3-209932059,S3-255860495,S3-579810968,S3-581418137,S3-661381732,S3-820816614,S3-914318692
S1-4974978	S2-158613473,S2-200628014,S2-216562420,S2-256175555,S2-277106942,S2-405757423,S2-502067105,S2-512746320,S2-517835286,S2-599887285,S2-602005427,S2-635421778,S2-639337663,S2-70367717,S2-709853922,S2-807247864,S2-80754123,S2-811415282,S2-857837464,S2-869339164,S2-885606575,S2-9117950,S2-914824440,S2-96984435,S2-992248431,S3-107219627,S3-232517336,S3-305426707,S3-413656991,S3-434437783,S3-703137889,S3-723696483,S3-782386729,S3-849412812,S3-947193982
S1-888799356	S2-108667769,S2-244529864,S2-283628629,S2-358575945,S2-375829416,S2-376486539,S2-40943466,S2-513227544,S2-532756260,S2-547499135,S2-714505855,S2-762775244,S2-785819524,S2-845548172,S2-892848533,S2-896099449,S2-97160356,S2-981694912,S3-119398022,S3-146718733,S3-205235794,S3-233985497,S3-242187551,S3-308048647,S3-310870717,S3-38284685,S3-474645905,S3-482482057,S3-588955896,S3-639223085,S3-659126396,S3-661700266,S3-905827796,S3-941718437,S3-963919896
S1-702804238	S3-189869077,S3-299553089,S3-619363866
S1-982984603	S2-105423216,S2-707166657,S2-930202359,S3-562632671,S3-568895292,S3-857314118,S3-956618327
S1-896179442	S2-144605581,S2-215375025,S2-2303053,S2-312708764,S2-346821440,S2-438620395,S2-445229762,S2-544750938,S2-687120060,S2-721222230,S2-772202422,S2-792111025,S2-818469684,S2-87122718,S2-884716368,S2-927828064,S2-931392519,S2-96508269,S3-117507735,S3-162829800,S3-277152022,S3-321432576,S3-321804896,S3-346026279,S3-395099143,S3-403816624,S3-419882111,S3-474721351,S3-579638496,S3-644548049,S3-765321409,S3-851951872,S3-927310956,S3-946557973,S3-985322022
S1-489672036	S2-326860504,S2-553123573,S3-786114882
S1-13355188	S3-384571781,S3-410923822,S3-802702369,S3-943452243
S1-326389695	S2-140498346,S2-193567085,S2-205996214,S2-237625978,S2-277467242,S2-292042144,S2-341741751,S2-392804085,S2-438606503,S2-44975623,S2-482690615,S2-487600131,S2-55663426,S2-582477216,S2-585932620,S2-721383308,S2-774698384,S2-818441961,S2-855495367,S2-865039571,S2-886325586,S2-887600256,S2-95120961,S2-988856267,S3-200008747,S3-249331830,S3-360362457,S3-387000994,S3-405863038,S3-437094585,S3-562777362,S3-571785421,S3-729771680,S3-809347354,S3-855397146
S1-361309015	S2-960271974,S3-483911284,S3-654847738,S3-680686585,S3-736840319
S1-180269792	S2-197956367,S2-34266260,S2-364143834,S2-471589134,S2-521119697,S2-5819745,S2-595423389,S2-606313402,S2-646074015,S2-688450525,S2-828069829,S2-920664858,S2-972217409,S2-983792162,S3-145746658,S3-186221043,S3-209433877,S3-217269192,S3-293489176,S3-325377014,S3-33936548,S3-388245827,S3-395103707,S3-431657363,S3-439411737,S3-548212722,S3-579285799,S3-622831211,S3-661634313,S3-792944836,S3-798980766,S3-835680034,S3-891337544,S3-941357643,S3-945954532
S1-23121390	S2-253014162,S2-308999312,S2-370446482,S2-60602884,S2-768917392,S3-10354140,S3-893317896,S3-923546424
S1-472004421	S2-100979549,S2-273839811,S2-316110613,S2-352625664,S2-397310008,S2-398172246,S2-415339378,S2-454924946,S2-455917230,S2-528657450,S2-529607203,S2-542186298,S2-547166835,S2-611603904,S2-694951912,S2-810795585,S2-860486623,S2-863520246,S2-921407226,S2-974539274,S3-117892537,S3-151323685,S3-275263119,S3-329398020,S3-429170537,S3-528463985,S3-553570072,S3-704849178,S3-748855424,S3-764018977,S3-852551101,S3-892924181,S3-941324316,S3-981951400,S3-994822320
S1-49436184	S3-260019834
S1-873415495	S2-447283628,S2-930302127,S3-264890869
S1-64423771	S2-311522067,S3-417573672,S3-508261785,S3-906325759
S1-147651446	S2-154102797,S2-164513100,S2-169638480,S2-176034363,S2-202813015,S2-22391750,S2-285704094,S2-304562241,S2-310613953,S2-312573764,S2-323515385,S2-39079223,S2-424292,S2-469412047,S2-479181098,S2-489125381,S2-516277024,S2-593117235,S2-619707851,S2-64373652,S2-717357544,S2-731066709,S2-765500135,S2-778888972,S2-788245208,S2-821967722,S2-829668427,S2-90213471,S2-904705280,S2-90794520,S2-93459822,S2-94442442,S2-952678608,S2-954201105,S2-988228571
S1-464933567	S2-391881196,S2-401886669,S2-474461197,S2-81952952,S2-824538857,S2-877869744,S2-895415927,S3-120675168,S3-134485359,S3-147536001,S3-320279583,S3-354114486,S3-39334748,S3-565398475
S1-223236467	S2-332689889,S2-377520559,S2-483712676,S2-604615586,S2-775538907,S2-967432417,S2-974172228,S3-316383902,S3-3573949,S3-451976670,S3-647139009,S3-686921043,S3-834644032,S3-838755658
S1-146845100	S2-156573872,S2-20605961,S2-210062866,S2-22986055,S2-277996470,S2-281025226,S2-285248484,S2-31818821,S2-320581764,S2-341455263,S2-399419463,S2-448940065,S2-456934782,S2-481071542,S2-48233411,S2-547557150,S2-582570386,S2-609161415,S2-662227064,S2-731163714,S2-823813982,S2-831323446,S2-835142245,S2-868127388,S2-884637854,S2-895840866,S2-900544727,S2-904176125,S2-950851985,S2-992686249,S2-99841727,S3-185938580,S3-313688012,S3-909120236,S3-996248284
S1-801041518	S2-150321982,S2-20100889,S2-229434487,S2-259107219,S2-298755393,S2-308860945,S2-381416319,S2-439958506,S2-468055683,S2-495426490,S2-509328231,S2-582371029,S2-755156637,S2-880181111,S2-960273699,S2-961415907,S3-163492874,S3-164014538,S3-167064286,S3-220562587,S3-246480970,S3-283997795,S3-390286010,S3-470906902,S3-472382215,S3-506001026,S3-561525141,S3-757640964,S3-833529867,S3-84870616,S3-875723263,S3-902050100,S3-911776789,S3-96877441,S3-981590643
S1-61094929	S2-300149849,S2-764760142,S2-948069068,S3-503457791,S3-681449520,S3-728538969,S3-860256411,S3-899083547,S3-926571810
S1-345572634	S2-248400933,S2-558088510,S3-399196593,S3-908933433
S1-583703088	S2-176618364,S2-1894856,S2-266088151,S2-292860908,S2-302747131,S2-323160788,S2-331459425,S2-358100404,S2-416470959,S2-426381800,S2-579876231,S2-661253467,S2-662441060,S2-699953766,S2-748514171,S2-797842707,S2-809767109,S2-831189349,S2-838504365,S2-859984203,S3-197971216,S3-271035358,S3-299405811,S3-343778282,S3-42539766,S3-473240522,S3-60741488,S3-608194135,S3-632600724,S3-69232777,S3-781152531,S3-808394816,S3-840527931
S1-446866664	S2-128042662,S2-266819008,S2-29572152,S2-328550378,S2-40542191,S2-435820427,S2-504136076,S2-509856567,S2-577876572,S2-645233952,S2-698538805,S2-699547865,S2-734223522,S2-769361973,S2-776902364,S2-807666044,S2-868740769,S3-206665267,S3-208542679,S3-218398128,S3-27582308,S3-342489548,S3-34326720,S3-458968879,S3-681456289,S3-808546100,S3-92525769,S3-987990761
S1-443453371	S2-226758568,S2-25136748,S2-295851755,S2-312955702,S2-377520559,S2-59119022,S2-788775002,S2-866939007,S2-928281443,S2-963030850,S3-312793116,S3-413829741,S3-548189878,S3-696302911,S3-861271718
S1-632458045	S2-194799692,S2-294993924,S2-301216293,S2-344650201,S2-419080910,S2-428566042,S2-606260225,S2-60917290,S2-672665299,S2-805935196,S2-922653026,S3-232115827,S3-329683601,S3-359610633,S3-420145223,S3-554332060,S3-6426295,S3-691429700,S3-700153581,S3-737437620,S3-747655762,S3-755795047,S3-769081290,S3-770256279,S3-786225764,S3-798697458,S3-863796695,S3-879493126,S3-930312693
S1-521254993	S2-140298567,S2-260029909,S2-276371548,S2-342692534,S2-389535174,S2-448398036,S2-537039479,S3-112547717,S3-13020437,S3-228683231,S3-337059103,S3-339461125,S3-345307598,S3-495516292,S3-513930229,S3-554638242,S3-558572244,S3-69606139,S3-701086771,S3-701795328
S1-617436415	S2-141277559,S2-146519138,S2-17186006,S2-193721867,S2-212559055,S2-248363989,S2-310772102,S2-38991604,S2-472151404,S2-494685151,S2-512849705,S2-532157362,S2-5341748,S2-541748572,S2-602361852,S2-613412664,S2-627881801,S2-670086555,S2-675960977,S2-701601144,S2-817657114,S2-886947928,S2-907281612,S2-91953344,S2-92846671,S2-96233253,S3-164031951,S3-349647936,S3-383146555,S3-490859286,S3-515677354,S3-660400984,S3-765518833,S3-765652652,S3-835885556
S1-806616139	S2-425467251,S2-600630793,S2-636270422,S2-68476347,S2-828873290,S2-891985054,S3-213739528,S3-262172210,S3-279686791,S3-283001366,S3-380458323,S3-454228701,S3-499976564,S3-812771615,S3-837289282,S3-912322959,S3-927315271
S1-76602165	S2-240228506,S2-25044986,S2-25639527,S2-270150045,S2-307620132,S2-339281937,S2-430060691,S2-454926714,S2-552709038,S2-590090387,S2-629547835,S2-66757319,S2-672899175,S2-77704458,S2-788450465,S2-869663561,S2-87763770,S2-883201361,S2-889763009,S2-966985435,S2-991804428,S3-100127136,S3-115263858,S3-119954793,S3-180857360,S3-295424183,S3-402378963,S3-467911081,S3-513827469,S3-617276276,S3-620423157,S3-721460028,S3-754104337,S3-808419709,S3-939373150
S1-11448513	S2-104071138,S2-110091227,S2-148826554,S2-153174604,S2-164569789,S2-166803465,S2-225760056,S2-237522124,S2-273809839,S2-374959935,S2-42658041,S2-492161984,S2-529528626,S2-569931245,S2-661475178,S2-719738044,S2-75094465,S2-753622765,S2-774649998,S2-78204690,S2-784998107,S2-797167617,S2-827354151,S2-840565535,S2-949079052,S2-978200559,S2-995684796,S3-140145316,S3-215247387,S3-465966343,S3-610052988,S3-680882349,S3-751033856,S3-846370131,S3-947707900
S1-451055396	S2-365897378,S2-684009643,S3-547377336,S3-79016951
S1-244344237	S2-153266455,S2-169177540,S2-291115952,S2-313154466,S2-347246376,S2-366737140,S2-414176560,S2-461222022,S2-528336433,S2-532804173,S2-547014881,S2-755343580,S2-902413351,S2-915452866,S2-921170131,S2-943499815,S2-96281545,S3-115923063,S3-151930111,S3-210978167,S3-218298349,S3-255658738,S3-302826285,S3-303434069,S3-404117574,S3-458159362,S3-476445968,S3-541288015,S3-548735049,S3-726096425,S3-734175456,S3-749077451,S3-771012695,S3-818239683,S3-877636595
S1-946063787	S2-153266455,S2-169177540,S2-291115952,S2-313154466,S2-347246376,S2-414176560,S2-461222022,S2-528336433,S2-532804173,S2-547014881,S2-755343580,S2-902413351,S2-915452866,S2-921170131,S2-943499815,S2-96281545,S3-115923063,S3-151930111,S3-210978167,S3-218298349,S3-255658738,S3-302826285,S3-303434069,S3-316217767,S3-404117574,S3-458159362,S3-476445968,S3-541288015,S3-548735049,S3-726096425,S3-734175456,S3-749077451,S3-771012695,S3-818239683,S3-877636595
S1-147061516	S2-889970085,S2-992724373,S3-342496423,S3-377394682,S3-532384147
S1-685871904	S2-284141243,S2-408726804,S2-554817992,S2-564756722,S2-568919099,S2-656047891,S2-66728537,S2-794175299,S2-840539663,S2-865329222,S2-88589147,S2-904973226,S2-920517108,S2-985602105,S3-161331208,S3-225049378,S3-225625130,S3-257871121,S3-327086535,S3-36419781,S3-607622452,S3-71052267,S3-740323634,S3-829098205,S3-834325663
S1-385380749	S2-766754161,S2-917092681,S3-503986746,S3-676660654,S3-684473632,S3-947725853
S1-750101295	S2-159357817,S2-396573898,S3-176761905,S3-848030873
S1-274119005	S2-857248775,S3-199172107
S1-663859385	S2-257470549,S2-824915561,S3-225239949,S3-279730346
S1-792973213	S2-12637797,S2-138568861,S2-16759542,S2-23680883,S2-278936162,S2-34644977,S2-37189767,S2-383474103,S2-493323895,S2-500102460,S2-538072354,S2-623031574,S2-722552256,S2-733050698,S2-775032170,S2-907130522,S2-911013251,S2-914251407,S2-918164223,S2-942607725,S2-979345096,S3-151516767,S3-229554313,S3-36610245,S3-506579428,S3-527825328,S3-555575622,S3-576094260,S3-588523061,S3-593152841,S3-626807772,S3-69046235,S3-692188678,S3-849906439,S3-877593497
S1-525304403	S2-293401164,S2-815373751,S3-477957595,S3-618150003
S1-705293979	S3-967828286
S1-785537161	S2-186529334,S2-246328669,S2-25673892,S2-267161434,S2-32368396,S2-347431129,S2-39025195,S2-401094688,S2-466345891,S2-490251737,S2-507399905,S2-566101806,S2-574556747,S2-662695411,S2-727235891,S2-794403550,S2-869419003,S2-871287700,S2-974966449,S3-102076654,S3-168340600,S3-220859578,S3-256411593,S3-268853980,S3-293885230,S3-340549037,S3-3754787,S3-420224008,S3-512273446,S3-51828737,S3-548922312,S3-556156225,S3-691317189,S3-870442579,S3-973212376
S1-491798927	S2-137188804,S2-305925793,S2-327325549,S2-442717160,S2-458603365,S2-518741071,S2-529051857,S2-563115127,S2-565031183,S2-640474309,S2-647006024,S2-715902572,S2-747811082,S2-808195533,S2-856953420,S2-883216567,S3-113238993,S3-286238001,S3-342273571,S3-348493846,S3-379662508,S3-464452357,S3-482293711,S3-525301511,S3-597321613,S3-65266856,S3-658494722,S3-673332972,S3-68505008,S3-760772403,S3-793024718,S3-815540739,S3-880695057,S3-90202042,S3-998294478
S1-274316133	S3-803099487,S3-931037793
S1-298123204	S2-161552358,S2-221970764,S2-450275939,S2-586377600,S2-743200797,S2-743669591,S2-820279615,S2-931447230,S3-218616693,S3-392443630,S3-528444597,S3-686929711,S3-827097593,S3-835218271,S3-882638615,S3-945921420
S1-302592333	S2-308001073,S2-412568173,S2-735807494,S2-783696437,S2-872692563,S2-930314171,S2-992803085,S3-286362651,S3-629501588,S3-679165376,S3-791602126,S3-889900564
S1-131190690	S2-176395527,S2-21549661,S2-227623392,S2-255982806,S2-358109825,S2-376740439,S2-547277076,S2-557852753,S2-610036318,S2-614976102,S2-771338473,S2-77785241,S2-792858779,S2-921813303,S2-97451191,S3-101257463,S3-132997079,S3-17743887,S3-206207320,S3-31525893,S3-324010586,S3-346164050,S3-532511365,S3-542465868,S3-606892214,S3-69661333,S3-80911626,S3-858532515,S3-865686833,S3-892743769,S3-90065855,S3-988033921,S3-992482227,S3-997878268
S1-882344007	S2-945518331,S3-549002145,S3-583479480,S3-742522748
S1-224916084	S2-47006306,S2-74541854,S2-800841172,S2-963477625,S3-213624591,S3-414716091,S3-656753442
S1-829826991	S2-124499933,S2-253261515,S2-253989982,S2-273229139,S2-328632184,S2-936272125,S3-149014041,S3-461769740,S3-539485699,S3-84438846,S3-922159001,S3-964920674
S1-549678101	S2-341971847,S3-397179168,S3-417652549,S3-580396566,S3-644341819
S1-72444401	S2-113674828,S2-123349497,S2-134281412,S2-143816536,S2-179463928,S2-195823359,S2-236753378,S2-280086857,S2-326384163,S2-381716954,S2-426324794,S2-470036118,S2-472011237,S2-49852380,S2-555030699,S2-661106608,S2-675394479,S2-695007731,S2-70247599,S2-727709302,S2-749061837,S2-762897852,S2-764601805,S2-770050246,S2-800210383,S2-829591643,S2-846496174,S2-850598644,S2-885978611,S2-892877711,S2-9053863,S2-916914401,S2-951545019,S2-959132099,S3-505153321
S1-316106555	S2-791564793,S3-676048929,S3-812740888
S1-103306577	S2-262394715,S2-282681210,S2-303100284,S2-362516952,S2-399973798,S2-440130928,S2-489850832,S2-498585240,S2-616791145,S2-735335748,S2-759830045,S2-76386497,S2-790677148,S2-821076211,S2-834148564,S2-904226109,S2-972889340,S2-991655800,S3-151381602,S3-245125206,S3-47703170,S3-502647701,S3-665080089,S3-848879441,S3-928095370,S3-929788664,S3-992241111
S1-30217767	S2-104071138,S2-110091227,S2-148826554,S2-153174604,S2-164569789,S2-166803465,S2-225760056,S2-237522124,S2-273809839,S2-374959935,S2-42658041,S2-492161984,S2-529528626,S2-569931245,S2-661475178,S2-719738044,S2-75094465,S2-753622765,S2-774649998,S2-78204690,S2-784998107,S2-797167617,S2-827354151,S2-840565535,S2-949079052,S2-978200559,S2-995684796,S3-140145316,S3-215247387,S3-465966343,S3-610052988,S3-680882349,S3-751033856,S3-846370131,S3-947707900
S1-996931439	S2-212426305,S2-6800391,S2-88043651,S3-10652127
S1-152434149	S2-63363631,S2-787567869,S3-34404362
S1-630488273	S2-104524634,S2-134958859,S2-167066861,S2-195761214,S2-204003026,S2-211182661,S2-229315248,S2-248944678,S2-252035179,S2-254788701,S2-263273654,S2-279857860,S2-293206846,S2-331492553,S2-332155353,S2-45724657,S2-468610536,S2-508602353,S2-659345862,S2-674694354,S2-687087140,S2-71227189,S2-718979866,S2-742191837,S2-748833051,S2-774512583,S2-817680963,S2-846556799,S2-895820835,S2-899248471,S2-925511054,S3-289365741,S3-365385967,S3-690547751,S3-902040254
S1-845031035	S2-105340806,S2-110330823,S2-142047567,S2-18898775,S2-211414877,S2-23844841,S2-273284707,S2-350487755,S2-374452698,S2-401480583,S2-442489544,S2-50765682,S2-549452883,S2-616495682,S2-644236550,S2-794888021,S2-871842149,S2-895344296,S2-981186279,S3-169401038,S3-220185394,S3-224709514,S3-23760856,S3-353828820,S3-40724734,S3-499852081,S3-584285454,S3-812895334,S3-81959282,S3-84732027,S3-870664415
S1-472424906	S2-14975830,S2-160477274,S2-206131377,S2-221481547,S2-34548715,S2-349064004,S2-353459001,S2-365141980,S2-368016487,S2-369784092,S2-372878967,S2-409908460,S2-423838997,S2-534412165,S2-543049878,S2-568502146,S2-588495515,S2-616874888,S2-672315303,S2-686235925,S2-739798900,S2-814158570,S2-814738016,S2-896656577,S2-943978912,S2-961304035,S2-961810110,S2-995474190,S2-998197939,S3-247104730,S3-257476923,S3-346286668,S3-441239023,S3-684131476,S3-69332653
S1-66670978	S2-110025488,S2-269486464,S2-303358810,S2-38112311,S2-384700865,S2-428974263,S2-457470379,S2-470411102,S2-523371691,S2-644293400,S2-692397967,S2-724600371,S2-782074177,S2-938773870,S2-956093131,S3-180662164,S3-237848474,S3-237894096,S3-274576759,S3-275950606,S3-357004924,S3-379013369,S3-502716291,S3-664745663,S3-709727355,S3-714699451,S3-720841598,S3-774844964,S3-776598091,S3-810757752,S3-838237838,S3-860590391,S3-874576607,S3-884523964,S3-96174597
S1-372785677	S2-572372835,S2-680222924,S2-689728822,S2-876953964,S3-16280215
S1-115683921	S2-269148212,S2-301482093,S2-65501746,S3-553245897,S3-961668196
S1-254440362	S2-105591933,S2-368531652,S2-392418467,S2-501483937,S2-519679524,S2-529933432,S2-586684751,S2-593056234,S2-605495366,S2-638983776,S2-710587017,S2-733159236,S2-7363092,S2-787581454,S2-797497216,S2-834133040,S2-882401203,S2-979924646,S3-209961270,S3-238145672,S3-254529977,S3-418652375,S3-465219984,S3-565928927,S3-665193210,S3-671275970,S3-734943831,S3-802704618,S3-859349920,S3-94057868
S1-70372721	S2-100083276,S2-190626179,S2-612137673,S2-680584679,S2-934223143,S3-110540387,S3-169413940,S3-195464979,S3-21593436,S3-257070939,S3-263881508,S3-338582737,S3-364230189,S3-798785554,S3-857048878,S3-859852429,S3-875038507,S3-880898347,S3-909062859,S3-956753968
S1-510015581	S2-364939288,S2-625956475,S2-774342455,S2-860079971,S3-343087835,S3-441798128,S3-51365845
S1-540645835	S2-718774116,S2-982374245,S3-705881096
S1-365634347	S2-119786776,S2-173851433,S2-281978323,S2-362218588,S2-368827389,S2-378989867,S2-426890506,S2-451564759,S2-593967293,S2-603881844,S2-607235549,S2-629115069,S2-689801333,S2-770705351,S2-897093331,S2-985768982,S3-105919096,S3-11966366,S3-130933459,S3-135199015,S3-315963677,S3-340697297,S3-521549707,S3-61389060,S3-648026083,S3-764095680,S3-765832602,S3-88143598
S1-295307019	S2-140498346,S2-193567085,S2-205996214,S2-237625978,S2-277467242,S2-292042144,S2-341741751,S2-392804085,S2-438606503,S2-44975623,S2-482690615,S2-487600131,S2-55663426,S2-582477216,S2-585932620,S2-721383308,S2-774698384,S2-818441961,S2-855495367,S2-865039571,S2-886325586,S2-887600256,S2-95120961,S2-988856267,S3-200008747,S3-249331830,S3-360362457,S3-387000994,S3-405863038,S3-437094585,S3-562777362,S3-571785421,S3-729771680,S3-809347354,S3-855397146
S1-450482374	S2-258729878,S2-489606872,S3-973036878
S1-359694049	S2-129529678,S2-221551582,S2-255287154,S2-25924850,S2-260046754,S2-290719264,S2-402358655,S2-47954728,S2-499124223,S2-527181562,S2-554736378,S2-556243680,S2-569799498,S2-661938990,S2-692494165,S2-907454696,S2-92923830,S2-970108649,S3-103890437,S3-139858754,S3-193628399,S3-250208810,S3-272234102,S3-404440111,S3-464357542,S3-531224556,S3-56019973,S3-563709941,S3-564723361,S3-630594320,S3-695634096,S3-762681944,S3-800978181,S3-848208073,S3-92161055
S1-549733066	S2-364772715,S2-795774079,S3-109694854,S3-493556208,S3-783261996
S1-64313862	S2-153266455,S2-169177540,S2-291115952,S2-313154466,S2-347246376,S2-414176560,S2-461222022,S2-528336433,S2-532804173,S2-547014881,S2-755343580,S2-902413351,S2-915452866,S2-921170131,S2-943499815,S2-96281545,S3-115923063,S3-151930111,S3-210978167,S3-218298349,S3-255658738,S3-302826285,S3-303434069,S3-371690697,S3-404117574,S3-417944728,S3-458159362,S3-476445968,S3-541288015,S3-548735049,S3-726096425,S3-734175456,S3-749077451,S3-771012695,S3-877636595
S1-365033919	S2-118656392,S2-57526213,S3-529091972,S3-549929363
S1-91619266	
S1-65565586	S2-105913459,S2-121122975,S2-172475646,S2-201322975,S2-227019177,S2-246709075,S2-262606198,S2-26697424,S2-27391982,S2-292335754,S2-310699059,S2-359549629,S2-37521992,S2-398928707,S2-399522607,S2-505086652,S2-53095324,S2-60070530,S2-697967787,S2-797275788,S2-798016383,S2-841621186,S2-889749509,S2-892419737,S2-896587297,S2-907480604,S2-964197508,S3-22324102,S3-237656454,S3-335243331,S3-378298943,S3-380091899,S3-499497315,S3-830838530,S3-998628231
S1-385021765	S2-274087751,S2-295105522,S2-932118302,S2-962878052,S3-225049378,S3-906621291
S1-362756764	S2-175422550,S2-429217461,S2-485161101,S2-558005255,S2-650540166,S2-666344224,S2-714330616,S2-954345809,S3-117595477,S3-122538898,S3-17476731,S3-375050071,S3-431073331,S3-445799227,S3-580494386,S3-65379571,S3-657728717,S3-684169070,S3-684244007,S3-73132404,S3-899227168,S3-931325695
S1-689556484	S2-20053923,S3-200115173,S3-966645637
S1-401673985	S2-179691566,S2-200293286,S2-230186117,S2-268182758,S2-421154230,S2-444249570,S2-587535977,S2-652671817,S2-663609490,S2-688413823,S2-708733355,S2-714640435,S2-821386903,S2-868523803,S2-896118732,S2-933324138,S2-957452972,S3-237792987,S3-482693701,S3-504321699,S3-630421669,S3-636714198,S3-67128727,S3-766076776,S3-859353232,S3-962029704
S1-662998007	S2-120958253,S2-199261657,S2-215164855,S2-23805758,S2-285621554,S2-4308479,S2-44630073,S2-48504936,S2-637979855,S2-662779982,S2-739402146,S2-911329677,S2-916331420,S2-939676308,S2-988188591,S3-110383354,S3-120393613,S3-122675419,S3-220080021,S3-278700172,S3-366026851,S3-387384586,S3-392236556,S3-398711966,S3-485788536,S3-505360272,S3-506642003,S3-603675683,S3-624878208,S3-64330656,S3-66202727,S3-706594140,S3-828716814,S3-863202751,S3-967004730
S1-331782121	S2-162959227,S2-34266260,S2-471589134,S2-595423389,S2-688450525,S2-828069829,S2-920664858,S2-983792162,S3-145746658,S3-186221043,S3-209433877,S3-217269192,S3-293489176,S3-325377014,S3-33936548,S3-388245827,S3-395103707,S3-431657363,S3-439411737,S3-548212722,S3-579285799,S3-622831211,S3-661634313,S3-792944836,S3-798980766,S3-835680034,S3-891337544,S3-941357643,S3-945954532
S1-337241318	S2-511770959,S2-541547376,S3-240807196
S1-632569241	S2-942349288,S3-118192964
S1-635844422	S2-750963151,S3-244525783,S3-578979828
S1-595584379	S2-154102797,S2-164513100,S2-169638480,S2-176034363,S2-202813015,S2-22391750,S2-285704094,S2-304562241,S2-310613953,S2-312573764,S2-39079223,S2-424292,S2-469412047,S2-479181098,S2-489125381,S2-516277024,S2-593117235,S2-619707851,S2-64373652,S2-717357544,S2-731066709,S2-765500135,S2-778888972,S2-788245208,S2-821967722,S2-829668427,S2-90213471,S2-904705280,S2-90794520,S2-93459822,S2-94442442,S2-952678608,S2-954201105,S2-988228571,S3-73875129
S1-739129616	S2-128042662,S2-266819008,S2-29572152,S2-328550378,S2-40542191,S2-435820427,S2-504136076,S2-509856567,S2-577876572,S2-645233952,S2-698538805,S2-699547865,S2-734223522,S2-769361973,S2-776902364,S2-807666044,S2-868740769,S3-206665267,S3-208542679,S3-218398128,S3-27582308,S3-342489548,S3-34326720,S3-458968879,S3-681456289,S3-808546100,S3-92525769,S3-987990761
S1-225124222	S2-125317171,S2-131729703,S2-141531043,S2-160644051,S2-16863085,S2-332902455,S2-361857049,S2-556662734,S2-563632605,S2-569371933,S2-6455297,S2-686284157,S2-70756892,S2-805174189,S2-946470401,S3-142758963,S3-147459974,S3-278076830,S3-357683603,S3-383191214,S3-512465987,S3-538964283,S3-565618085,S3-888800618,S3-991995905,S3-992417774
S1-236768477	S2-490929782,S2-765988280,S3-103597021,S3-135901754,S3-40245970,S3-744144430
S1-337333581	S2-167880419,S2-367237866,S2-418844166,S2-49680847,S2-618844064,S2-657355752,S2-884845385,S2-955600052,S3-135063094,S3-192367257,S3-218984238,S3-243030748,S3-304299787,S3-31256465,S3-517160004,S3-586515511,S3-664968319,S3-674167,S3-778802724,S3-914926798
S1-646423328	S2-105340806,S2-110330823,S2-142047567,S2-18898775,S2-211414877,S2-23844841,S2-273284707,S2-350487755,S2-374452698,S2-401480583,S2-420038604,S2-442489544,S2-50765682,S2-549452883,S2-616495682,S2-644236550,S2-794888021,S2-871842149,S2-895344296,S2-981186279,S3-169401038,S3-219447913,S3-220185394,S3-224709514,S3-23760856,S3-353828820,S3-499852081,S3-812895334,S3-81959282,S3-84732027,S3-870664415
S1-211942360	S2-112895437,S2-155715739,S2-244913873,S2-389397198,S2-570592656,S2-682611163,S2-708457005,S2-741384203,S2-802444266,S2-870329083,S2-918671514,S2-936538697,S2-960749965,S3-132585579,S3-133441794,S3-145457240,S3-402237140,S3-450453776,S3-460800223,S3-498934893,S3-651095723,S3-740985790,S3-772751614,S3-805120500,S3-867954903,S3-920414119
S1-833740927	S2-437207676,S2-626562963,S3-120965772,S3-759815047
S1-131928575	S2-316703436,S2-529222224,S3-134620134,S3-504772212,S3-849706696
S1-86766910	S2-269451006,S2-531908062
S1-950028092	S2-590745600,S2-982852990,S3-106559042,S3-188402099,S3-709647846
S1-663819576	S2-128877051,S2-180447643,S2-183994815,S2-21921320,S2-2680626,S2-300373097,S2-336434320,S2-433680239,S2-434043362,S2-473750715,S2-561622869,S2-610645786,S2-659960735,S2-686920415,S2-704204989,S2-763088200,S2-777751614,S2-820533396,S2-850159662,S2-892510088,S2-897544768,S2-901468249,S2-90457385,S2-92209075,S2-946853749,S2-980306379,S3-134269247,S3-247018126,S3-43022101,S3-470403196,S3-480612064,S3-594514162,S3-610770262,S3-794991901,S3-989808727
S1-52492661	S2-15538892,S2-163907414,S2-209966010,S2-31495493,S2-43587955,S2-454756088,S2-467699852,S2-488842690,S2-520229980,S2-525390784,S2-554758433,S2-585132276,S2-631975485,S2-671061897,S2-695255656,S2-781532039,S2-797403279,S2-804096484,S2-891724637,S3-14411598,S3-290935183,S3-312828212,S3-313623455,S3-501559207,S3-509162315,S3-515914744,S3-614161266,S3-664975636,S3-744588467,S3-783274386,S3-818961399,S3-866706087,S3-86836573,S3-973042357,S3-982996398
S1-683445650	S2-344760135,S2-355213503,S2-979287754,S3-11866638,S3-477450348,S3-672857578,S3-682844274,S3-686540984,S3-700943465,S3-857416287
S1-795206279	S2-859156493,S3-644733968
S1-831953030	S2-104071138,S2-110091227,S2-148826554,S2-153174604,S2-164569789,S2-166803465,S2-225760056,S2-237522124,S2-273809839,S2-374959935,S2-42658041,S2-492161984,S2-529528626,S2-569931245,S2-661475178,S2-719738044,S2-75094465,S2-753622765,S2-774649998,S2-78204690,S2-784998107,S2-797167617,S2-827354151,S2-840565535,S2-949079052,S2-978200559,S2-995684796,S3-140145316,S3-215247387,S3-465966343,S3-610052988,S3-680882349,S3-751033856,S3-846370131,S3-947707900
S1-503320165	S2-115299522,S2-987128638,S3-205808498
S1-234200949	S2-691836232,S3-659623727,S3-725454189,S3-885421313
S1-693111833	S2-289199523,S2-540189532,S3-736726288
S1-443084206	S2-573483308,S2-620978082,S3-329144357,S3-539485699,S3-671501553,S3-84617890,S3-914728336
S1-55140214	S2-186077038,S2-796678806,S3-178624588,S3-358977768,S3-709740534,S3-858617832,S3-937002706
S1-931804994	S2-185157905,S2-295253343,S2-334803373,S2-404279811,S2-516736166,S2-867126413,S2-96406827,S2-99859010,S3-129906398,S3-161097138,S3-272193615,S3-352945960,S3-367683292,S3-395239502,S3-406420449,S3-497301111,S3-535253805,S3-539672506,S3-915676955,S3-917410533,S3-967165288
S1-313861075	S2-812437011,S2-913293698,S3-163956438,S3-30521211,S3-962570033
S1-75051784	S2-150691203,S2-202455727,S2-21368578,S2-270311859,S2-821910792,S3-406664734
S1-239315048	S3-580377379
S1-256116349	S2-88675908,S3-337636728,S3-781959126
S1-396992341	S2-521178663,S3-735302856
S1-174171861	S2-80594177,S3-227575059,S3-494163345
S1-445964147	S2-536598655,S2-678934892,S2-715998566,S2-720508994,S2-732237174,S2-770155941,S2-846807873,S2-85539227,S3-317186537,S3-337828913,S3-474491481,S3-513462468,S3-678951979
S1-194830077	S2-303668407,S3-302146051,S3-423095477
S1-220467518	S2-143233379,S2-147980339,S2-167206756,S2-195917828,S2-271858549,S2-434795826,S2-436073988,S2-450322646,S2-488353796,S2-634226364,S2-702816242,S2-710114025,S2-875201000,S2-907053379,S3-11466024,S3-228666775,S3-250876357,S3-312000661,S3-347618979,S3-509760404,S3-562486954,S3-564067092,S3-609463727,S3-658105813,S3-663500254,S3-785786766,S3-816599496,S3-869469862,S3-897231754
S1-17683652	S2-166858852,S2-276568653,S2-352701800,S2-353071292,S2-610846413,S2-782436948,S3-107644605,S3-119547665,S3-44931684,S3-505025450,S3-542900503,S3-633550380,S3-745325990,S3-996138535
S1-995567337	S2-242565333,S2-264178850,S2-444088209,S2-458359635,S2-500781919,S2-503324206,S2-588384053,S2-649089210,S2-786194848,S2-821512799,S2-901114014,S2-968541854,S2-99180378,S3-127948853,S3-176892573,S3-214141714,S3-280269790,S3-340550769,S3-504196445,S3-518809267,S3-538932133,S3-825340470,S3-82569247,S3-869784465,S3-935439382
S1-902708255	S2-15389972,S2-162615304,S2-297260264,S2-570072113,S2-600238415,S2-671337735,S2-963130023,S3-104569056,S3-197612690,S3-423780304,S3-555103400,S3-660468535,S3-748069318,S3-782347785,S3-811964370,S3-881777166
S1-66645690	S2-513268507,S2-913604865,S3-108342955,S3-233985497,S3-569531124,S3-753519206
S1-292603366	S2-295843240,S2-335539757,S2-638471523,S2-757482340,S2-805392241,S3-400590710,S3-77023816
S1-215130873	S2-928069250,S3-220445233,S3-407438629,S3-459429657,S3-503642904
S1-529016248	S2-112125675,S2-156886638,S2-190895424,S2-22391750,S2-285704094,S2-424292,S2-440328259,S2-500189197,S2-619707851,S2-765500135,S2-766284534,S2-778888972,S2-783107139,S2-831647129,S2-839563753,S2-884156972,S2-90213471,S2-90794520,S2-927661646,S2-93459822,S2-999053505,S3-131782931,S3-149943641,S3-278546786,S3-363775441,S3-378787817,S3-400472893,S3-42025062,S3-57336374,S3-58534173,S3-664210786,S3-674388904,S3-710881528,S3-793215927,S3-875714198
S1-551659339	S2-877811901,S3-342963691,S3-362903786
S1-725624964	S2-367113078,S2-608777173,S2-870203725,S3-100736043
S1-329998550	S2-109061270,S2-578461984,S3-290431952,S3-751678364,S3-869748498,S3-887779434
S1-243476946	S2-361636702,S2-847251746,S3-530233750,S3-767477894
S1-874440306	S2-295843240,S2-335539757,S2-638471523,S2-757482340,S2-805392241,S3-400590710,S3-77023816
S1-470667990	S2-15538892,S2-163907414,S2-209966010,S2-31495493,S2-43587955,S2-454756088,S2-467699852,S2-488842690,S2-520229980,S2-525390784,S2-554758433,S2-585132276,S2-631975485,S2-671061897,S2-695255656,S2-781532039,S2-797403279,S2-804096484,S2-891724637,S3-14411598,S3-290935183,S3-312828212,S3-313623455,S3-501559207,S3-509162315,S3-515914744,S3-614161266,S3-664975636,S3-744588467,S3-783274386,S3-818961399,S3-866706087,S3-86836573,S3-973042357,S3-982996398
S1-99560436	S2-157451062,S2-167898995,S2-215436890,S2-225153982,S2-316487139,S2-420259572,S2-432248548,S2-505598927,S2-518190837,S2-748649852,S2-79557341,S2-989159226,S2-990652060,S3-122459425,S3-14153314,S3-152761427,S3-165379708,S3-183439272,S3-197855107,S3-290490689,S3-359946755,S3-37544214,S3-377527368,S3-388243563,S3-407223704,S3-562031627,S3-568469815,S3-568690999,S3-648796389,S3-780264333,S3-84430114,S3-870384209,S3-878900685,S3-921737418,S3-925047088
S1-915141559	S2-411750557,S2-495255333,S2-56559503,S2-661011861,S3-142815286,S3-665193210,S3-677398233,S3-685149854,S3-707660775,S3-854517318,S3-950466793
S1-194550645	S2-439314898,S2-52502518,S2-839447794,S3-22196773
S1-741677549	S3-283952829,S3-628349494,S3-796140773
S1-353656325	S2-100083276,S2-190626179,S2-612137673,S2-680584679,S2-934223143,S3-110540387,S3-169413940,S3-195464979,S3-21593436,S3-257070939,S3-263881508,S3-303057445,S3-338582737,S3-364230189,S3-798785554,S3-857048878,S3-859084978,S3-859852429,S3-875038507,S3-880898347,S3-909062859,S3-956753968
S1-965125191	S2-154283555,S2-42901373
S1-962756518	S2-131759909,S2-369793877,S2-951279506,S3-266443005,S3-288603151,S3-407430198,S3-506035776,S3-646446124,S3-754763114,S3-780417104
S1-298888351	S2-171053933,S2-243126027,S2-361248191,S2-596331849,S2-671785527,S2-972895499,S3-245768508,S3-393779577,S3-543836731
S1-244608607	S2-142270693,S2-212885076,S2-242916019,S2-253495663,S2-262449187,S2-293880908,S2-405314585,S2-417776492,S2-420945081,S2-505822450,S2-598431788,S2-610204301,S2-611930184,S2-661901231,S2-78329838,S2-840939538,S2-845794119,S2-850492406,S2-851131664,S2-877890504,S2-925552787,S2-931772372,S2-949436213,S2-967490262,S3-131254209,S3-161479126,S3-324744026,S3-353255718,S3-391942647,S3-474839660,S3-530806677,S3-590944460,S3-661962715,S3-868285804,S3-933740979
S1-208097391	S2-20924075,S2-223801995,S2-391323703,S2-476083868,S2-614917998,S2-993864198,S3-235368644,S3-465035724,S3-602281712
S1-804421593	S2-536841026,S3-304810545
S1-431556347	S2-127687434,S2-14569417,S2-26682636,S2-31343065,S2-334306742,S2-487852953,S2-491567454,S2-62477417,S2-647344027,S2-708047793,S2-749779212,S2-816437123,S2-878764283,S2-904605843,S3-167001092,S3-324443283,S3-340324162,S3-558816619,S3-596772585,S3-601709706,S3-632515875,S3-642244334,S3-666359943,S3-671757229,S3-680804730,S3-729937923,S3-843524483,S3-855794755,S3-90001473,S3-915954872
S1-891275716	S2-123544206,S3-634767346
S1-20525067	S2-117928803,S2-161761568,S2-170548497,S2-199277367,S2-215512354,S2-266044573,S2-32599688,S2-371300586,S2-429545601,S2-48549342,S2-502055965,S2-584234198,S2-744719382,S2-92260224,S2-965695908,S3-363675987,S3-366493026,S3-37643564,S3-406008092,S3-438728515,S3-543002246,S3-591915115,S3-627064366,S3-637235644,S3-645435228,S3-687029960,S3-753356761,S3-909621401,S3-950928679,S3-960625785,S3-98529223,S3-999335322
S1-249500264	S2-333993769,S2-584710226,S2-899127254,S3-742910690
S1-463669205	S2-144639200,S2-272287416,S2-301757320,S2-316755660,S2-394563496,S2-515533379,S2-611558394,S2-678462216,S2-875814849,S2-884848693,S2-921073654,S3-1187310,S3-181286426,S3-194653364,S3-242940401,S3-275031935,S3-307676363,S3-384473085,S3-407234407,S3-480670690,S3-510446260,S3-559842120,S3-662967977,S3-717964319,S3-735569201,S3-749456438,S3-931583222,S3-940345466,S3-940980867,S3-956984937
S1-81604461	S2-183990320,S2-205621531,S2-273018349,S2-396601800,S2-43723004,S2-562846493,S2-981145243,S3-107670339,S3-415861049,S3-471642037,S3-623750751,S3-67504906,S3-807957341,S3-808305808,S3-9971669
S1-482246278	S2-715957744,S3-320053472,S3-409374685,S3-576586964
S1-852358881	S3-482684780
S1-212509374	S2-598327313,S2-623117395,S2-682745911,S2-997766473,S3-238736316,S3-253233233,S3-635162337
S1-790418226	S2-555216051,S2-838803597
S1-502645044	S2-130585632,S2-204635595,S2-208132087,S2-224195048,S2-259335423,S2-266502013,S2-283352447,S2-394372351,S2-404428286,S2-477791059,S2-507782361,S2-612006783,S2-664282702,S2-664728816,S2-707990084,S2-745292311,S2-885479012,S2-894184868,S3-205669987,S3-24346534,S3-244951176,S3-288809186,S3-323166100,S3-362974038,S3-41238621,S3-505088040,S3-509307838,S3-663428407,S3-718364961,S3-752369595,S3-790967150,S3-895144762,S3-937656596,S3-971058663,S3-988020306
S1-914167808	S2-770401431,S2-885221992,S2-94913737,S2-998664145,S3-537712474
S1-801055021	S2-311942190
S1-936929111	S2-372782548,S2-669777765,S2-694261081,S3-760387607,S3-981022484
S1-759513870	S2-298789861,S2-464637188,S2-503211941,S2-806217659,S3-757550366
S1-369779168	S2-134717137,S2-140948076,S2-156711502,S2-271397555,S2-288871760,S2-511295695,S2-521688982,S2-559968500,S2-614304353,S2-785445145,S2-990992423,S3-125761711,S3-152221147,S3-33693027,S3-351642241,S3-358270111,S3-397765450,S3-429893343,S3-432859658,S3-467195779,S3-485489587,S3-495128107,S3-501856374,S3-538864608,S3-556690023,S3-558118895,S3-572676414,S3-573182549,S3-681323764,S3-703863761,S3-775054072,S3-788834852,S3-829632435,S3-925530888,S3-951946118
S1-911911079	S2-344767037,S2-404380749,S2-41839440,S3-137840589,S3-138946498,S3-460992484,S3-756552760,S3-816084220,S3-897745424,S3-957782509
S1-382285965	S2-191430445,S2-26705740,S2-417565427,S2-583157639,S2-660138454,S2-707715938,S2-902268265,S3-294219520,S3-356698204,S3-48619193,S3-687145810,S3-810042714,S3-823297897,S3-836391296,S3-956468958,S3-968394128,S3-976752794
S1-807519062	S2-112125675,S2-156886638,S2-190895424,S2-22391750,S2-285704094,S2-424292,S2-440328259,S2-500189197,S2-619707851,S2-765500135,S2-766284534,S2-778888972,S2-783107139,S2-831647129,S2-884156972,S2-90213471,S2-90794520,S2-927661646,S2-93459822,S2-94442442,S2-988228571,S2-999053505,S3-149943641,S3-278546786,S3-363775441,S3-378787817,S3-400472893,S3-42025062,S3-57336374,S3-58534173,S3-664210786,S3-674388904,S3-710881528,S3-793215927,S3-875714198
S1-528855670	S2-570596765,S2-694268220,S2-789765601,S3-118572649,S3-121880924,S3-25115234,S3-337195795,S3-622077858,S3-829632435,S3-997201737
S1-146281653	S2-284572475,S2-693752950
S1-193928185	S2-14443891,S2-215257035,S2-380283155,S2-504611800,S2-729610875,S2-799748371,S2-819298917,S2-866687990,S3-144302503,S3-144935392,S3-15163201,S3-180606404,S3-20160290,S3-280594698,S3-405390063,S3-45879646,S3-502652112,S3-518183833,S3-863827301,S3-95154899
S1-486832571	S2-100171087,S2-126114325,S2-140570283,S2-178524001,S2-219511960,S2-233855016,S2-248578795,S2-271980322,S2-272853443,S2-488795479,S2-498712399,S2-501461489,S2-506653702,S2-689298806,S2-71839787,S2-769514492,S2-774858902,S2-792479049,S2-844572537,S2-84972171,S2-85926088,S2-919462873,S2-978317841,S2-990205848,S2-9946485,S3-228972158,S3-285423050,S3-35517149,S3-391969183,S3-489611001,S3-49524617,S3-632926404,S3-658261076,S3-826361314,S3-847844822
S1-731397769	S2-184664253,S2-811548929,S2-962774422,S3-170055411,S3-794611761
S1-212316920	S2-142270693,S2-212885076,S2-242916019,S2-253495663,S2-262449187,S2-293880908,S2-405314585,S2-417776492,S2-420945081,S2-505822450,S2-598431788,S2-610204301,S2-611930184,S2-661901231,S2-78329838,S2-840939538,S2-845794119,S2-850492406,S2-851131664,S2-877890504,S2-925552787,S2-931772372,S2-949436213,S2-967490262,S3-131254209,S3-161479126,S3-324744026,S3-353255718,S3-391942647,S3-43016311,S3-474839660,S3-530806677,S3-661962715,S3-868285804,S3-933740979
S1-780523337	S2-714985130,S3-600991450,S3-89017126
S1-163869375	S2-124786249,S2-196132237,S2-32145026,S2-72430512,S2-800964257,S3-201181966,S3-512007172
S1-970368826	S2-328370712,S2-80594177,S3-227575059,S3-494163345,S3-581418137,S3-820816614
S1-98441852	S2-398172355,S2-92185726,S3-453715759
S1-939864289	S2-144917063,S2-191079935,S2-207899676,S2-234310003,S2-254869670,S2-279666188,S2-291567252,S2-360787128,S2-384052167,S2-46957492,S2-520587790,S2-642921016,S2-647649888,S2-653911746,S2-686931655,S2-713839018,S2-909126088,S2-970202926,S3-116693343,S3-177501736,S3-191319085,S3-216627372,S3-218051264,S3-236368944,S3-242910936,S3-384226724,S3-463112884,S3-583694572,S3-669991259,S3-824120344,S3-980339562
S1-817863581	S2-117777608,S2-119710416,S2-212539797,S2-23141904,S2-29161970,S2-543529651,S2-65408607,S2-929268186,S3-204655096,S3-359228059,S3-390050201,S3-694464838,S3-714748589,S3-740783920,S3-841264731,S3-876903023,S3-892940011,S3-911481281,S3-918253834
S1-823349040	S2-191224095,S2-410989478,S2-502574545,S2-505640676,S2-510581586,S2-512630762,S2-634135967,S2-705887489,S2-756763349,S2-764699807,S2-769594382,S2-80654035,S2-822298786,S2-824701381,S3-109917852,S3-150432730,S3-326270100,S3-326466159,S3-340963302,S3-425999875,S3-622171422,S3-835349559,S3-842389689,S3-914027398,S3-917654928,S3-926443505
S1-529176555	S2-387358142,S2-531201579,S2-717836386
S1-950473771	S2-102840151,S2-291329716,S2-47199545,S2-504193339,S2-568664164,S2-586734904,S2-715867831,S2-739396621,S3-434978170,S3-536560615,S3-685068802,S3-900894208
S1-120617741	S2-124021641,S2-152649554,S2-165112809,S2-200666499,S2-237525119,S2-251717309,S2-261440671,S2-293623259,S2-295273104,S2-30249982,S2-35693305,S2-397753600,S2-400725574,S2-439284028,S2-445055252,S2-460607254,S2-472174593,S2-51336478,S2-535018203,S2-57529012,S2-600299095,S2-611577665,S2-631149358,S2-649585931,S2-68942340,S2-69024638,S2-724920802,S2-747943345,S2-74839787,S2-770717600,S2-846265472,S2-865329222,S2-930926987,S3-120532975,S3-807519706
S1-984142916	S2-288445689,S3-892364007
S1-674046857	S2-302038434,S2-344455692,S2-666516126,S2-91923098
S1-341097282	S2-112112997,S2-115770378,S2-130680691,S2-151582230,S2-253229835,S2-281940270,S2-282599822,S2-401936751,S2-427913641,S2-43306331,S2-481341446,S2-592653674,S2-596363788,S2-614045377,S2-729269227,S2-758749983,S2-81342985,S2-853566433,S2-86207260,S2-891161363,S2-897775046,S2-926044104,S2-964066919,S3-117391635,S3-214861211,S3-303982146,S3-474416661,S3-760876252,S3-76428438,S3-854238995,S3-88068506,S3-882737548,S3-892969960,S3-930269422,S3-946216832
S1-873588939	S2-175232844,S2-366070890,S2-403858184,S2-417219305,S2-621473485,S2-661272914,S2-706634627,S2-72116429,S2-795263604,S2-797453714,S2-820410002,S2-906086535,S2-949124193,S2-959699201,S3-10993329,S3-213365773,S3-214153458,S3-221792017,S3-330657023,S3-447448464,S3-450861274,S3-485526850,S3-531152617,S3-569647899,S3-690040528,S3-692984253,S3-708891756,S3-767505238,S3-770372727,S3-783030214,S3-824886886
S1-278943754	S2-136972900,S2-154102797,S2-176034363,S2-22391750,S2-249688648,S2-251558083,S2-304562241,S2-379588018,S2-469412047,S2-479181098,S2-489125381,S2-593117235,S2-602769666,S2-731066709,S2-788245208,S2-803353102,S2-821967722,S2-869040543,S2-94442442,S2-952678608,S2-954201105,S2-988228571,S3-165309032,S3-20638299,S3-250537420,S3-31977274,S3-379025755,S3-473977203,S3-608619498,S3-654758503,S3-779182918,S3-891847666,S3-905677362,S3-916484684,S3-998314844
S1-204791742	S2-101004099,S2-289010987,S2-356268240,S2-375716814,S2-546188459,S2-683936230,S2-717582147,S2-873494414,S2-917939352,S2-993623543,S3-181744081,S3-296695425,S3-36113120,S3-684974903,S3-747930866,S3-797040409,S3-971484155
S1-52408416	S2-25877014,S2-560983337,S2-647908949,S2-906878816
S1-468092067	S2-17443562,S2-218290190,S2-278352906,S2-279522103,S2-281653317,S2-331614582,S2-387377349,S2-388806411,S2-608854961,S2-614304353,S2-641838620,S2-789572073,S2-790376649,S2-815832170,S2-864897388,S2-909267824,S3-138596697,S3-156749086,S3-237172019,S3-276191734,S3-319430306,S3-451030426,S3-460473747,S3-569465447,S3-598808382,S3-736902996,S3-742877406,S3-899732613,S3-915998778
S1-641196862	S2-159685752,S2-197971996,S2-23183100,S2-23906512,S2-360913282,S2-394563496,S2-396086142,S2-500420598,S2-586868277,S2-728392916,S2-822042025,S2-873614553,S2-919981612,S2-970682825,S3-225003722,S3-245086490,S3-361366846,S3-448185782,S3-530330775,S3-571785421,S3-643883815,S3-728037600,S3-734591480,S3-742586482,S3-780625122,S3-806200217,S3-891266455,S3-900652028,S3-94550626,S3-960849739,S3-982459134
S1-414906130	S2-158613473,S2-200628014,S2-216562420,S2-256175555,S2-277106942,S2-405757423,S2-502067105,S2-512746320,S2-517835286,S2-599887285,S2-602005427,S2-635421778,S2-639337663,S2-70367717,S2-709853922,S2-807247864,S2-80754123,S2-811415282,S2-857837464,S2-869339164,S2-885606575,S2-9117950,S2-914824440,S2-96984435,S2-992248431,S3-107219627,S3-232517336,S3-261753551,S3-305426707,S3-413656991,S3-434437783,S3-723696483,S3-782386729,S3-849412812,S3-947193982
S1-152222475	S2-217245615,S2-295385905,S2-340236468,S2-352328442,S2-392069015,S2-449651472,S2-497910085,S2-506874835,S2-610676249,S2-65811919,S2-756847329,S2-785540693,S2-883646361,S2-981487936,S3-11053729,S3-180593009,S3-232389966,S3-265099052,S3-309422837,S3-37198119,S3-423044205,S3-486655756,S3-525026638,S3-548958145,S3-555769445,S3-660484580,S3-670952445,S3-688495250,S3-707979848,S3-784413899,S3-835535109,S3-847395306,S3-863294311,S3-933485363,S3-970881689
S1-916718480	S2-112345273,S3-160258651,S3-364787350,S3-658799951,S3-90646248
S1-632481143	S2-245155784,S2-311174173,S2-953121169,S3-169419274,S3-243963900,S3-455530891,S3-475509040,S3-574841541,S3-725172583,S3-790627623,S3-802721273,S3-824486990,S3-887814001,S3-888368892,S3-927111882
S1-40930902	S3-138190694
S1-405073506	S2-2068478,S2-257571964,S2-370231286,S2-387336446,S2-431865612,S2-46045217,S2-554473529,S2-669170252,S2-828155460,S2-873164808,S2-947357695,S3-149886499,S3-155876445,S3-158967372,S3-441640276,S3-644687617,S3-656120359,S3-782959497,S3-803072838
S1-491658200	S2-10712655,S2-132866128,S2-212935219,S2-420434014,S2-564165088,S2-676204127,S2-714329474,S2-86121397,S2-865814128,S3-195699284,S3-20180609,S3-392709677,S3-399019746,S3-606520422,S3-78071645,S3-812993053,S3-950926863
S1-575674667	S2-350522660,S2-996681108,S3-445544579,S3-458357878,S3-546086368,S3-726748119
S1-20792002	S2-295737560,S2-326931376,S2-362703065,S3-26205361
S1-922458942	S2-176395527,S2-21549661,S2-227623392,S2-255982806,S2-358109825,S2-376740439,S2-547277076,S2-557852753,S2-610036318,S2-614976102,S2-771338473,S2-77785241,S2-792858779,S2-921813303,S2-97451191,S3-101257463,S3-132997079,S3-17743887,S3-206207320,S3-31525893,S3-324010586,S3-346164050,S3-532511365,S3-542465868,S3-606892214,S3-69661333,S3-80911626,S3-858532515,S3-865686833,S3-892743769,S3-90065855,S3-992482227,S3-997878268
S1-246404006	S2-130585632,S2-204635595,S2-208132087,S2-224195048,S2-259335423,S2-266502013,S2-283352447,S2-394372351,S2-404428286,S2-477791059,S2-507782361,S2-612006783,S2-664282702,S2-664728816,S2-707990084,S2-745292311,S2-885479012,S2-894184868,S3-205669987,S3-24346534,S3-244951176,S3-288809186,S3-323166100,S3-362974038,S3-41238621,S3-505088040,S3-509307838,S3-663428407,S3-718364961,S3-752369595,S3-790967150,S3-895144762,S3-937656596,S3-971058663,S3-988020306
S1-230118833	S2-23273229,S2-31968149,S2-480914205,S2-52875047,S2-566979922,S2-590300910,S2-607019666,S2-690564799,S2-78133197,S2-812758508,S2-813531029,S2-835057637,S2-86494093,S2-912477500,S2-970093276,S3-133922628,S3-171407899,S3-212632779,S3-223677950,S3-226497953,S3-400491401,S3-446697895,S3-549267697,S3-558605236,S3-581274155,S3-649195812,S3-716838870,S3-740439417,S3-742867732,S3-747606909,S3-774890252,S3-822803974,S3-90766911,S3-958748038,S3-972241629
S1-969298915	S2-143010982,S2-656092082,S2-714017267,S3-205084337,S3-264959823,S3-468624678,S3-524131862,S3-902653118
S1-256318607	S2-453324003,S2-49740667,S3-370873067,S3-43830153
S1-357133147	S2-137188804,S2-305925793,S2-327325549,S2-442717160,S2-451818839,S2-458603365,S2-518741071,S2-529051857,S2-563115127,S2-565031183,S2-640474309,S2-647006024,S2-715902572,S2-747811082,S2-808195533,S2-856953420,S2-883216567,S3-113238993,S3-286238001,S3-342273571,S3-348493846,S3-379662508,S3-482293711,S3-494488267,S3-597321613,S3-65266856,S3-658494722,S3-673332972,S3-68505008,S3-760772403,S3-793024718,S3-815540739,S3-880695057,S3-90202042,S3-998294478
S1-745362992	S2-124499933,S2-253261515,S2-253989982,S2-273229139,S2-328632184,S3-149014041,S3-461769740,S3-539485699,S3-84438846,S3-922159001,S3-964920674
S1-417911003	S2-112112997,S2-115770378,S2-130680691,S2-151582230,S2-253229835,S2-281940270,S2-282599822,S2-401936751,S2-427913641,S2-43306331,S2-481341446,S2-592653674,S2-596363788,S2-614045377,S2-729269227,S2-758749983,S2-81342985,S2-853566433,S2-86207260,S2-891161363,S2-897775046,S2-926044104,S2-964066919,S3-117391635,S3-214861211,S3-303982146,S3-474416661,S3-760876252,S3-76428438,S3-854238995,S3-88068506,S3-882737548,S3-892969960,S3-930269422,S3-946216832
S1-372172873	S2-105538271,S2-195753628,S2-52115458,S2-602839471,S2-650740364,S2-729703162,S2-818097853,S2-924782473,S3-32297663,S3-566083295,S3-604264304,S3-805702580,S3-86798127,S3-899812702,S3-966325464
S1-220123647	S2-197953372,S2-253245428,S2-266437162,S2-334991974,S2-357511209,S2-366480050,S2-378660284,S2-399866773,S2-492589350,S2-504612567,S2-518859576,S2-600433503,S2-621897365,S2-650607812,S2-660091990,S2-767535321,S2-774316610,S2-778612308,S2-815315339,S2-840093914,S2-857812018,S2-876550689,S2-959349075,S3-161755914,S3-311928554,S3-344613341,S3-478293486,S3-559434817,S3-56301013,S3-595539211,S3-73180305,S3-792548532,S3-931877179,S3-957699670,S3-999512002
S1-288398730	S2-268918749,S2-468826467,S2-473253338,S3-480630754
S1-388446115	S2-274401413,S3-949603456
S1-424019450	S2-214755547,S2-325177361,S2-62228480,S2-667484024,S3-151130234,S3-529567800,S3-899830988,S3-935183445
S1-679550141	S2-153561164,S2-430372947,S2-572777586,S2-771572042,S2-791990398,S2-848565560,S2-943498494,S2-95419524,S3-1481812,S3-216519428,S3-300368164,S3-557538756,S3-623917861,S3-712537949,S3-937330852
S1-713796415	S2-154603482,S2-193428522,S2-314999526,S2-626326981,S2-725699592,S2-72935416,S2-939010115,S3-148513444,S3-224385035,S3-42431840,S3-478189566,S3-519280633,S3-60753683,S3-637115850,S3-649237979,S3-65905774,S3-66521609,S3-749533175,S3-797828547,S3-828299599
S1-101364006	S2-190939420,S2-368872775,S2-960775935,S2-999620810,S3-240365314,S3-423557351,S3-548836402,S3-608612753,S3-775963577,S3-83821874
S1-234472071	S2-121795405,S2-122178984,S2-171710748,S2-216446358,S2-227914554,S2-30888716,S2-337546861,S2-406788976,S2-409357408,S2-437437459,S2-464688602,S2-475754135,S2-48050677,S2-482059396,S2-487116105,S2-518262018,S2-549362894,S2-558404608,S2-563602891,S2-586329791,S2-58717425,S2-618275000,S2-679520168,S2-758188088,S2-768849361,S2-789525460,S2-791638625,S2-833038098,S2-860254588,S2-95264755,S2-965698738,S2-975853527,S2-982355042,S2-987982086,S3-143928971
S1-310160836	S2-235919201,S2-2974032,S2-360918469,S2-464374129,S2-5057633,S2-512402654,S2-607011078,S2-648627398,S2-667654851,S2-686852580,S2-699810809,S2-73377040,S2-798156480,S2-815370923,S2-857379212,S2-877296868,S2-936486525,S2-952566340,S2-985972384,S3-114145564,S3-164206519,S3-213341173,S3-344501020,S3-38386392,S3-398183880,S3-431936246,S3-446711465,S3-501057850,S3-537885480,S3-596536013,S3-733661513,S3-969469712
S1-438417025	S2-384109249,S3-163197989,S3-450535600
S1-328844051	S2-100811277,S2-181042089,S2-194985579,S2-316848347,S2-588381793,S2-602059625,S2-727830050,S2-761035582,S2-980306379,S3-200544971,S3-232581071,S3-303016749,S3-36232695,S3-496250765,S3-629723123,S3-650948726,S3-716726482,S3-739826958,S3-749050955,S3-786283439,S3-973323595,S3-998730144
S1-443684341	S2-162277633,S2-329022078,S2-53245717,S2-546541425,S2-64925672,S2-680209744,S2-8378271,S2-901201269,S2-934185155,S3-124252083,S3-197986329,S3-306246966,S3-349969305,S3-546750231,S3-693231461,S3-694606583
S1-557991692	S2-88682972,S3-176178171,S3-853727007,S3-881950495
S1-264679680	S2-48546260
S1-472705054	S2-360788603,S2-372172880,S2-394571120,S2-51574598,S2-556469960,S2-581508866,S2-708757485,S2-986940248,S3-188354063,S3-22679509,S3-232519749,S3-243209227,S3-382868122,S3-41801400,S3-525239074,S3-533981091,S3-548199504,S3-562383456,S3-607060939,S3-63271265,S3-717541835,S3-973816063
S1-23738024	S2-115620050,S2-175410793,S2-808000911,S3-432649750,S3-515656304,S3-527467409,S3-550377343,S3-869803669,S3-976884758
S1-658984896	S2-258111012,S2-37217309,S2-465460574,S2-522989755,S2-536756969,S2-696163364,S2-802837546,S3-131158560,S3-139238877,S3-142161259,S3-149565445,S3-153728789,S3-405328706,S3-48926935,S3-574136968,S3-627345153,S3-633923028,S3-654854802,S3-702254487,S3-740785174,S3-840280069,S3-866103109,S3-920630019,S3-96017410,S3-998730144
S1-536166111	S2-608893501,S2-997199702,S3-773720262,S3-824895734
S1-848721241	S2-401290539,S2-64387501,S2-716741637,S3-592056148
S1-142832040	S2-154782356,S2-30442492,S2-716794091,S2-724073389,S2-833795478,S2-890907305,S3-456847011,S3-497646001,S3-58534173,S3-646628978,S3-661663172,S3-845174745
S1-382674282	
S1-580102536	S2-41299879,S2-889877115,S3-183835167,S3-299730332,S3-414986690,S3-490575909,S3-579966411,S3-746907554
S1-71236461	S2-228522832,S2-345020903,S2-725969272,S2-808631729,S2-89267589,S2-903827467,S2-913718589,S3-12268580,S3-124042810,S3-328102332,S3-340257510,S3-462001538,S3-508205328,S3-555173617,S3-652795729,S3-783146866,S3-813247337,S3-822977624,S3-891775601
S1-40678525	S2-262394715,S2-282681210,S2-303100284,S2-362516952,S2-399973798,S2-440130928,S2-489850832,S2-498585240,S2-616791145,S2-735335748,S2-759830045,S2-76386497,S2-790677148,S2-821076211,S2-834148564,S2-904226109,S2-972889340,S2-991655800,S3-151381602,S3-245125206,S3-47703170,S3-502647701,S3-665080089,S3-848879441,S3-928095370,S3-929788664,S3-992241111
S1-915765272	S2-153266455,S2-169177540,S2-291115952,S2-313154466,S2-347246376,S2-414176560,S2-461222022,S2-528336433,S2-532804173,S2-547014881,S2-755343580,S2-902413351,S2-915452866,S2-921170131,S2-943499815,S2-96281545,S3-115923063,S3-151930111,S3-210978167,S3-218298349,S3-255658738,S3-302826285,S3-303434069,S3-404117574,S3-458159362,S3-476445968,S3-541288015,S3-548735049,S3-641997798,S3-726096425,S3-734175456,S3-749077451,S3-771012695,S3-818239683,S3-877636595
S1-197043916	S2-589488299,S3-551777894,S3-593898656
S1-318977844	S2-180948207,S2-406376135,S2-465455755,S3-299610081,S3-661599918,S3-891911954
S1-69427521	S2-119770714,S2-273788133,S2-283611622,S2-469671988,S3-196669602,S3-208825792,S3-250602920,S3-258276756,S3-341689388,S3-541849662,S3-570274340,S3-613439522,S3-66197883,S3-713947042,S3-719991055,S3-839422567,S3-842440730,S3-940884930,S3-976778991
S1-441851025	S2-223836221,S2-325413796,S2-351025027,S2-359130690,S2-367939947,S2-428660624,S2-530226890,S2-794479832,S2-928793223,S2-94625584,S3-152962544,S3-178614572,S3-220547064,S3-37518225,S3-427827993,S3-447197709,S3-516789702,S3-516864492,S3-59753046,S3-616287548,S3-663116419,S3-67746806,S3-705971804,S3-799756767,S3-831567377,S3-872394962,S3-955377186,S3-982680419
S1-727766958	S2-489771335,S3-216771625,S3-262641232
S1-384090359	S2-361578186,S2-856379117,S3-33593694,S3-837915003
S1-2871277	S2-331665362,S3-150112268,S3-485579613
S1-366921483	S2-177731812,S2-193270964,S2-199779868,S2-255882283,S2-28792662,S2-542432894,S2-622640221,S2-661724330,S2-685362882,S2-695405112,S2-706700824,S2-737624225,S2-792635349,S2-837651273,S2-892005773,S2-950181566,S3-133214974,S3-177319369,S3-220049905,S3-276074437,S3-299061703,S3-30881422,S3-432002082,S3-454215634,S3-527574696,S3-538028992,S3-673386629,S3-759740808,S3-802064274,S3-901132109,S3-944723161
S1-87632283	S2-459154053,S3-52554613
S1-320676568	S2-15538892,S2-163907414,S2-209966010,S2-31495493,S2-43587955,S2-454756088,S2-467699852,S2-488842690,S2-520229980,S2-525390784,S2-554758433,S2-585132276,S2-631975485,S2-671061897,S2-695255656,S2-781532039,S2-797403279,S2-804096484,S2-891724637,S3-14411598,S3-290935183,S3-312828212,S3-313623455,S3-501559207,S3-509162315,S3-515914744,S3-614161266,S3-664975636,S3-744588467,S3-783274386,S3-818961399,S3-866706087,S3-86836573,S3-973042357,S3-982996398
S1-687946604	S2-126003092,S2-198622456,S2-226636955,S2-288496484,S2-358025622,S2-495193460,S2-532725548,S2-630482935,S2-689091725,S2-75866380,S2-82914747,S2-935053742,S2-95561702,S2-993824191,S3-157729624,S3-24013554,S3-256417403,S3-260547073,S3-333444254,S3-370298162,S3-382294568,S3-464096764,S3-52591404,S3-570782386,S3-633002631,S3-67271563,S3-748861953,S3-796356744,S3-81277621,S3-886404652,S3-945052355
S1-846416101	S2-571902529,S3-397161331,S3-560424886,S3-6510857,S3-798919448,S3-956458727
S1-635343813	S2-668176404,S2-6748964,S2-93854125,S3-889430168
S1-188492472	S2-221482573,S2-2423540,S2-284122180,S2-446049429,S2-630538606,S2-67744537,S2-765762046,S2-799357183,S2-910449626,S2-995444276,S3-111088713,S3-142105456,S3-162285797,S3-311795383,S3-354253397,S3-387800635,S3-472170671,S3-519366815,S3-528215134,S3-805397667,S3-81892603,S3-995761797
S1-374373873	S3-402781263,S3-771698089
S1-859741230	S2-229804476,S2-252609304,S2-498711686,S2-525047840,S2-569098671,S2-701552511,S2-738806,S2-82950624,S2-847247318,S2-852391006,S2-958531667,S3-17226695,S3-277697430,S3-543181282,S3-860666663
S1-407704425	S2-249523036,S2-310565366,S2-605818522,S2-641001986,S2-681006858,S3-275258640,S3-511922399,S3-848397991
S1-500395708	S2-223836221,S2-325413796,S2-351025027,S2-359130690,S2-367939947,S2-428660624,S2-530226890,S2-794479832,S2-928793223,S2-94625584,S3-152962544,S3-178614572,S3-220547064,S3-37518225,S3-427827993,S3-447197709,S3-516789702,S3-516864492,S3-59753046,S3-616287548,S3-663116419,S3-67746806,S3-705971804,S3-799756767,S3-831567377,S3-872394962,S3-955377186,S3-982680419
S1-542878809	S2-705264903,S3-870977650
S1-974079392	S2-962086204,S3-116170018,S3-289616704,S3-69518901,S3-860332033
S1-804036808	S2-217245615,S2-352328442,S2-449651472,S2-497910085,S2-610676249,S2-756847329,S2-883646361,S2-981487936,S3-11053729,S3-180593009,S3-232389966,S3-265099052,S3-309422837,S3-37198119,S3-423044205,S3-486655756,S3-525026638,S3-539278386,S3-548958145,S3-555769445,S3-660484580,S3-670952445,S3-688495250,S3-707979848,S3-784413899,S3-835535109,S3-847395306,S3-863294311,S3-933485363,S3-970881689,S3-997522896
S1-556100254	S2-224459632,S2-674436409,S2-691557503,S3-145875523,S3-661388697
S1-992497458	S2-301594711,S2-306822311,S2-354463942,S2-388684631,S2-510417934,S2-515386320,S2-588620749,S2-646717240,S2-654821674,S2-675626969,S2-83684607,S2-921445352,S2-930444154,S3-207352670,S3-240817329,S3-263347582,S3-443516445,S3-505157875,S3-50573878,S3-609110658,S3-622374923,S3-686954906,S3-733828934,S3-737091559,S3-761097783,S3-827685909,S3-840999871,S3-846590303,S3-945446210
S1-343690942	S2-102246008,S2-543433665,S2-942413491,S3-593190209,S3-991989589
S1-350702402	S2-510790074,S2-767030889,S3-697102575
S1-206849540	S2-770831040,S2-958517432,S3-661210870
S1-793444283	S2-14975830,S2-160477274,S2-206131377,S2-221481547,S2-34548715,S2-349064004,S2-353459001,S2-365141980,S2-368016487,S2-369784092,S2-372878967,S2-409908460,S2-423838997,S2-534412165,S2-543049878,S2-568502146,S2-588495515,S2-616874888,S2-672315303,S2-686235925,S2-739798900,S2-814158570,S2-814738016,S2-896656577,S2-943978912,S2-961304035,S2-961810110,S2-995474190,S2-998197939,S3-247104730,S3-257476923,S3-346286668,S3-441239023,S3-684131476,S3-69332653
S1-334980441	S2-412064355,S2-758852089,S2-968605696,S3-208714416
S1-788294122	S3-738448705,S3-867884532
S1-796110247	S2-175422550,S2-429217461,S2-485161101,S2-650540166,S2-666344224,S2-714330616,S2-954345809,S3-117595477,S3-122538898,S3-17476731,S3-375050071,S3-431073331,S3-580494386,S3-657728717,S3-684169070,S3-684244007,S3-73132404,S3-899227168,S3-931325695
S1-23704128	S2-107072701,S2-17195960,S2-288998979,S2-462136324,S2-506467091,S2-54813184,S2-617790777,S2-620341026,S2-647999183,S2-65119827,S2-700038395,S2-872806472,S2-956584993,S3-158696226,S3-3713015,S3-457709075,S3-539170381,S3-565165190,S3-640803360,S3-723376214,S3-755366713,S3-773613919,S3-926199905
S1-730297501	S2-498113879,S2-628848549,S2-845815340,S2-913826284,S3-117378264,S3-142585297,S3-586119476,S3-659628079
S1-404998558	S2-389422952,S2-861488294,S3-512682692,S3-885764812
S1-633829247	S2-10419116,S2-229134076,S2-438482111,S2-510071279,S2-514851211,S2-551357212,S2-809939808,S3-117362814,S3-263570238,S3-293639214,S3-303186082,S3-36237495,S3-409313711,S3-437985558,S3-462315460,S3-516499351,S3-63461182,S3-68802328,S3-711900602,S3-824212237,S3-843459719,S3-904603678,S3-935894144,S3-978640146
S1-928412953	S2-121381055,S2-14461671,S2-153404729,S2-198863718,S2-232490044,S2-252623679,S2-255122739,S2-285260766,S2-429934193,S2-475161347,S2-516007752,S2-52983709,S2-567268382,S2-574183114,S2-649722676,S2-666235437,S2-679625068,S2-755422053,S2-775511888,S2-833849412,S2-860136722,S2-89923888,S2-902028636,S2-902843744,S2-905679603,S2-94421348,S3-18304832,S3-242913124,S3-405535028,S3-515296015,S3-793628788,S3-81804477,S3-848221265,S3-870527398,S3-989015878
S1-105764764	S2-142550479,S2-167775591,S2-263158594,S2-267872800,S2-287660910,S2-361585498,S2-388389063,S2-443188528,S2-453254444,S2-458860562,S2-572648775,S2-584654166,S2-588004289,S2-611615974,S2-613033114,S2-651027670,S2-715670431,S2-764567958,S2-766597833,S2-799529721,S2-820207139,S2-875242013,S2-879728336,S2-885313615,S2-897360687,S2-90392132,S2-91003961,S2-913937007,S3-259631390,S3-451536720,S3-463158707,S3-468334870,S3-738731348,S3-838999423,S3-859771044
S1-629022966	S2-783840532,S3-189110145,S3-803878481
S1-399887735	S2-109086635,S2-34266260,S2-471589134,S2-595423389,S2-688450525,S2-828069829,S2-920664858,S2-983792162,S3-145746658,S3-186221043,S3-209433877,S3-217269192,S3-293489176,S3-325377014,S3-33936548,S3-388245827,S3-395103707,S3-431657363,S3-439411737,S3-548212722,S3-579285799,S3-622831211,S3-661634313,S3-792944836,S3-798980766,S3-835680034,S3-891337544,S3-941357643,S3-945954532,S3-948271193
S1-845942312	S2-134825219,S2-307665672,S2-384586644,S2-389641089,S2-425208381,S2-721582592,S2-924006877,S2-981905440,S3-152120854,S3-51353196,S3-75200536,S3-809360202,S3-880932169,S3-887596102
S1-300704461	S2-115620050,S2-150120228,S2-177388358,S2-298378302,S2-372209656,S2-726576662,S2-823796091,S2-839230219,S3-155658818,S3-224489361,S3-370105121,S3-458834964,S3-804462926,S3-905575144,S3-965360685
S1-931473811	S2-160842684,S2-428942233,S2-486109226,S3-140017259,S3-196196445,S3-29452775,S3-32235811,S3-354348131,S3-413303619,S3-467883790,S3-674199413,S3-754797224
S1-274304457	S2-214169218,S2-784348324,S3-94988818
S1-171004818	S2-638246233,S3-781921669
S1-166872806	S2-440440387,S2-464251966,S2-846670553,S3-235590378
S1-364398767	S3-37727120
S1-72391394	S2-728596084,S2-82623949,S3-368844908,S3-707217981,S3-880465968
S1-636957501	S2-688848091,S2-916695069,S3-304851288,S3-449603725,S3-871549310
S1-646695246	S2-181199933,S2-597158323,S2-75792133,S2-892880098,S2-96426489,S3-186173791,S3-306367864,S3-311779914,S3-39410856,S3-429270479,S3-530466133,S3-625668033,S3-840371375,S3-853812749,S3-893298433,S3-899747602,S3-95720388,S3-958310880,S3-967581375
S1-835682577	S2-152473719,S2-189170023,S2-223129090,S2-250427674,S2-259576193,S2-308478197,S2-428654181,S2-462269246,S2-688255026,S2-69145459,S2-70244106,S2-782267450,S2-902059616,S2-997918937,S3-206615765,S3-285418917,S3-41824266,S3-565400127,S3-731792989,S3-751098493,S3-919129175
S1-276829138	S2-154102797,S2-164513100,S2-176034363,S2-202813015,S2-22391750,S2-285704094,S2-304562241,S2-310613953,S2-312573764,S2-39079223,S2-424292,S2-469412047,S2-489125381,S2-593117235,S2-619707851,S2-630884584,S2-64373652,S2-717357544,S2-731066709,S2-765500135,S2-778888972,S2-821967722,S2-82285977,S2-829668427,S2-904705280,S2-90794520,S2-93459822,S2-94442442,S2-952678608,S2-988228571,S3-516955109,S3-567201866,S3-731090979,S3-765956654,S3-958680756
S1-796816825	S2-1173491,S2-159699565,S2-196975670,S2-419844886,S2-426281684,S2-428030759,S2-593553372,S2-653447605,S2-849395615,S2-897419904,S3-140433585,S3-18699851,S3-194267524,S3-444227012,S3-576691112,S3-727341069,S3-772631373,S3-804600254,S3-85523430,S3-919907997,S3-939463833
S1-377252843	S2-156843496,S2-182203325,S2-278899754,S2-293675262,S2-645138790,S2-663191944,S2-676769255,S2-788775002,S2-914777518,S2-995355874,S3-135966940,S3-148672819,S3-200112471,S3-229487225,S3-254453507,S3-269778843,S3-379400162,S3-49965116,S3-545360116,S3-643001634,S3-801025607,S3-822336944,S3-839254878,S3-863463356,S3-87081501,S3-929261323
S1-435197119	S2-230535902,S2-23416594,S2-367682961,S2-626012117,S2-648070904,S2-652719449,S2-906508563,S2-976363731,S2-983692052,S3-104930525,S3-20019926,S3-278820789,S3-433433979,S3-442248842,S3-458834964,S3-542465109,S3-665417273,S3-791016045,S3-888010659,S3-943654535,S3-960556230
S1-369720553	S2-309368741,S2-736703322,S3-439447419
S1-209805544	S2-13096182,S2-64218504,S2-90154375,S3-131841806,S3-182307210,S3-261416111,S3-261533299,S3-367030145,S3-424231009,S3-550392794,S3-556463948,S3-70499720,S3-830970141,S3-889389857,S3-915559121,S3-921492267,S3-931208363,S3-95624694,S3-9648333
S1-21691801	S2-23273229,S2-31968149,S2-480914205,S2-52875047,S2-566979922,S2-590300910,S2-607019666,S2-628577839,S2-690564799,S2-78133197,S2-813531029,S2-835057637,S2-86494093,S2-912477500,S2-970093276,S3-133922628,S3-171407899,S3-212632779,S3-223677950,S3-226497953,S3-400491401,S3-446697895,S3-549267697,S3-558605236,S3-581274155,S3-649195812,S3-716838870,S3-740439417,S3-742867732,S3-747606909,S3-774890252,S3-822803974,S3-90766911,S3-958748038,S3-972241629
S1-881444813	S2-120121002,S2-282287518,S2-323054757,S2-438121504,S2-452467658,S2-584153153,S2-598297218,S2-686382087,S2-769303681,S2-905679059,S2-933817132,S3-36164439,S3-414560012,S3-498211076,S3-506905314,S3-631153942,S3-810563758,S3-824593192,S3-87440356,S3-89998302,S3-955450841
S1-546177410	S2-358828306,S2-475365032,S2-512628144,S2-648883949,S2-717239355,S3-17226695,S3-303793625,S3-442260626,S3-935513474
S1-662824154	S2-541623816,S3-39763882,S3-516691014
S1-185103270	S2-61995289,S3-416864114,S3-696420429,S3-748142054
S1-218988401	S3-149207190,S3-812648319,S3-826909818
S1-996966377	S2-674115403,S3-483718231,S3-527467409,S3-634522055,S3-639077389,S3-99307680
S1-968551303	
S1-977682665	S2-287519770,S2-640321015,S2-867126413,S3-168268526,S3-186555997,S3-196669602,S3-268374279,S3-300138864,S3-342061881,S3-433433979,S3-616825166,S3-74653975,S3-757364469,S3-905065214
S1-985760905	S2-115062951,S2-186919003,S2-319316823,S2-45444587,S2-530218068,S2-693241474,S2-770806467,S2-893338860,S3-168069258,S3-200963631,S3-271372088,S3-317833334,S3-38629426,S3-393546592,S3-403095224,S3-405354702,S3-439554105,S3-65741742,S3-770965291,S3-910019139,S3-942175731
S1-359566165	S2-148332675,S2-160783505,S2-181401889,S2-207351006,S2-262598821,S2-263351327,S2-325969572,S2-393958947,S2-424795877,S2-50320559,S2-582883906,S2-597136350,S2-59980708,S2-601256930,S2-622940286,S2-645351123,S2-741060453,S2-752713702,S2-755299964,S2-821867852,S2-846535978,S2-847050244,S2-847882502,S2-85196223,S2-894758971,S2-911093894,S2-914055714,S2-927410086,S2-976425057,S3-441658376,S3-599281267,S3-690526042,S3-720573436,S3-8431405,S3-949184545
S1-850327084	S2-115641859,S2-191613484,S2-221136974,S2-230318262,S2-232344097,S2-236578462,S2-250127490,S2-275696593,S2-305290055,S2-33211040,S2-360478176,S2-397255793,S2-422716036,S2-448621199,S2-491402302,S2-580427846,S2-59118631,S2-676624824,S2-904488870,S2-983439720,S3-180224560,S3-192390779,S3-296935932,S3-320715619,S3-423339537,S3-476401475,S3-622499032,S3-734611856,S3-779642627,S3-833424378,S3-866311700,S3-878079181,S3-922077992,S3-923706084
S1-638848187	S2-189915219,S2-193652635,S2-2393709,S2-385237185,S2-720163352,S3-823200767,S3-860885625
S1-790589419	S2-103997796,S3-213905796,S3-242226202,S3-46701641
S1-311470256	S2-120342979,S2-17265317,S2-23774009,S2-287503954,S2-34084714,S2-44225039,S2-719645250,S2-763761597,S2-769443370,S2-926886357,S2-952262392,S2-970317990,S3-107335754,S3-16507640,S3-420792247,S3-494509666,S3-56029709,S3-560967044,S3-569747762,S3-679523572,S3-939238548
S1-851149103	S2-474000668,S3-106536945
S1-51296542	S2-161508613,S2-56749791,S3-222534112,S3-714404412,S3-781450095,S3-790754177,S3-805573698
S1-740212604	S2-420998751,S3-726787553
S1-108246457	S2-463492748,S2-883950674,S3-122500755,S3-838268095
S1-964610916	S2-233641858,S2-355147869,S2-378860907,S2-383033427,S2-518916785,S2-654355022,S2-68085420,S3-236004684,S3-296283100,S3-32516337,S3-411783455,S3-570075031,S3-590125291,S3-606300203,S3-647844952,S3-749116638,S3-843743799
S1-321518647	S2-1173491,S2-159699565,S2-196975670,S2-419844886,S2-426281684,S2-428030759,S2-508901477,S2-593553372,S2-653447605,S2-849395615,S2-897419904,S3-140433585,S3-18699851,S3-194267524,S3-444227012,S3-576691112,S3-727341069,S3-772631373,S3-804600254,S3-815540739,S3-85523430,S3-919907997,S3-939463833
S1-21508196	S2-105653685,S2-126996401,S2-214274250,S2-241710484,S2-264122343,S2-297742460,S2-327738915,S2-373348935,S2-417444015,S2-548790302,S2-574594930,S2-613871000,S2-627541174,S2-667179892,S2-728540724,S2-753500593,S2-767142912,S2-791270538,S2-793959149,S2-817315055,S2-901110690,S2-943951166,S2-965980442,S2-97621221,S2-994439780,S3-159963919,S3-198554090,S3-303035620,S3-392125709,S3-416517641,S3-494852042,S3-53196875,S3-561431230,S3-602669802,S3-82340260
S1-698843694	S2-587367423,S2-672622638,S2-791224898,S3-467508233
S1-659332378	S2-134717137,S2-140948076,S2-156711502,S2-271397555,S2-288871760,S2-511295695,S2-521688982,S2-559968500,S2-614304353,S2-785445145,S2-990992423,S3-125761711,S3-152221147,S3-33693027,S3-351642241,S3-358270111,S3-397765450,S3-429893343,S3-432859658,S3-467195779,S3-485489587,S3-495128107,S3-501856374,S3-538864608,S3-556690023,S3-558118895,S3-572676414,S3-573182549,S3-681323764,S3-703863761,S3-775054072,S3-788834852,S3-829632435,S3-925530888,S3-951946118
S1-818389760	S2-13235949,S2-134420774,S2-139893458,S2-185547455,S2-311609470,S2-49965638,S2-6078301,S2-60922642,S2-697773627,S2-706484314,S2-715503529,S2-742622916,S2-767018785,S2-783110346,S2-823179356,S2-82785475,S2-835735653,S2-851498372,S2-918884783,S2-943674530,S3-214413605,S3-28735712,S3-288161814,S3-28978922,S3-312995706,S3-36964922,S3-477429580,S3-546804221,S3-641597990,S3-669936867,S3-705061486,S3-840843392,S3-853171460,S3-904852025,S3-926073794
S1-164982253	S2-191430445,S2-26705740,S2-417565427,S2-583157639,S2-660138454,S2-707715938,S2-902268265,S3-294219520,S3-356698204,S3-48619193,S3-687145810,S3-810042714,S3-823297897,S3-836391296,S3-956468958,S3-968394128,S3-976752794
S1-292935703	S2-168343607,S2-195749344,S2-224179228,S2-267867078,S2-318550556,S2-468409428,S2-516200703,S2-573444333,S2-575598547,S2-617410789,S2-67276082,S2-753030076,S2-764297223,S2-794794284,S2-795484451,S2-804023929,S2-830888138,S2-832294496,S2-936770341,S2-950508447,S2-954040283,S3-187505026,S3-237581199,S3-241741661,S3-421403180,S3-533626303,S3-606010619,S3-700330477,S3-74281810,S3-78149499,S3-807213849,S3-813520757,S3-856542524,S3-942647343,S3-974074755
S1-660076156	S2-335549531,S2-361562650,S2-384616423,S2-58142389,S2-598783899,S2-714505855,S2-728143975,S2-752866007,S3-255138759,S3-267499170,S3-362251097,S3-419735406,S3-492678895,S3-531104837,S3-596727826,S3-765807910,S3-770926116,S3-778249419,S3-851382760,S3-883132792,S3-912583004,S3-914714358,S3-922372714,S3-926388121,S3-989774219
S1-563321742	S2-283921051,S3-12900504
S1-723966103	S2-197953372,S2-253245428,S2-266437162,S2-334991974,S2-357511209,S2-366480050,S2-378660284,S2-399866773,S2-492589350,S2-504612567,S2-518859576,S2-600433503,S2-621897365,S2-650607812,S2-660091990,S2-767535321,S2-774316610,S2-778612308,S2-815315339,S2-840093914,S2-857812018,S2-876550689,S2-959349075,S3-161755914,S3-311928554,S3-344613341,S3-478293486,S3-559434817,S3-56301013,S3-595539211,S3-73180305,S3-792548532,S3-931877179,S3-957699670,S3-999512002
S1-911466358	S2-18496240,S2-221669172,S2-23516019,S2-293737127,S2-352641607,S2-38584522,S2-527043966,S2-586392578,S2-596816537,S2-707537623,S2-798596623,S2-817540535,S2-82421410,S2-845331785,S2-960749965,S2-961722726,S2-989603378,S2-991378225,S3-138541389,S3-180606404,S3-275962093,S3-283712921,S3-293958767,S3-32542609,S3-410074860,S3-414840349,S3-423356309,S3-474491481,S3-558743972,S3-619529814,S3-682480227,S3-693804489,S3-758547914,S3-763705406,S3-986609948
S1-1417216	S2-29318389,S2-654270066,S2-830253339,S2-860253568,S3-129693697,S3-918018295,S3-978856236
S1-654486026	S2-273385574,S2-354126427,S2-407376794,S3-18233005,S3-27219952,S3-454795194,S3-497843871,S3-979238256
S1-559249977	S3-229221789,S3-611197926
S1-238297171	S2-803000418,S3-461437029,S3-648817398
S1-270043704	S2-807921453,S3-397763900
S1-18971888	S2-102840151,S2-13742356,S2-193715408,S2-228797659,S2-246424192,S2-282544108,S2-39103530,S2-417768434,S2-484343443,S2-599313421,S2-600494820,S2-633052623,S2-638708482,S2-638812669,S2-676339998,S2-740914350,S2-744557298,S2-809952414,S2-836861185,S2-923815657,S2-9491858,S2-951665374,S2-99957471,S3-329779258,S3-347757138,S3-513045433,S3-517906163,S3-532637110,S3-568750872,S3-609971246,S3-67697924,S3-732555935,S3-760772403,S3-831604513,S3-966964260
S1-9357479	S3-723246327
S1-915642112	S2-350110320,S2-402715888,S2-413374167,S2-476594389,S2-91009340,S3-340670522,S3-403169986,S3-593846416,S3-796231393,S3-88368732,S3-969677884
S1-781005250	S2-108478159,S2-155659208,S2-201612636,S2-231977102,S2-295189929,S2-310730543,S2-383104951,S2-411718047,S2-428491774,S2-431280729,S2-689836319,S2-698567775,S2-719761994,S2-806682727,S2-893065168,S2-948258039,S2-967850484,S3-109377868,S3-117307154,S3-11852301,S3-225911192,S3-392411120,S3-416994578,S3-573573318,S3-638629281,S3-812031689,S3-834877949,S3-855730393,S3-922971635,S3-929786408
S1-918140518	S2-728222638,S2-928678361,S3-546992777,S3-744911212,S3-98098350
S1-55344266	S2-153079060,S2-172459877,S2-197070651,S2-243582837,S2-249013014,S2-309951201,S2-416752469,S2-45273172,S2-739037044,S2-78582582,S2-825274870,S2-834353592,S3-160564457,S3-384364074,S3-425321655,S3-478195123,S3-492193726,S3-506651055,S3-555577112,S3-625668033,S3-634650898,S3-727146667,S3-854664260,S3-907750338,S3-936266143
S1-233588320	S2-100644535,S2-142179700,S2-181851707,S2-52191434,S2-565777010,S2-606307011,S2-789193073,S2-896450276,S2-992081072,S3-154873084,S3-157478034,S3-232387152,S3-475451387,S3-521832759,S3-530170498,S3-604030050,S3-785396649,S3-941343514
S1-410577550	S2-136972900,S2-154102797,S2-176034363,S2-22391750,S2-249688648,S2-251558083,S2-304562241,S2-379588018,S2-469412047,S2-479181098,S2-489125381,S2-593117235,S2-602769666,S2-731066709,S2-788245208,S2-803353102,S2-821967722,S2-869040543,S2-94442442,S2-952678608,S2-954201105,S2-988228571,S3-165309032,S3-20638299,S3-250537420,S3-31977274,S3-379025755,S3-473977203,S3-608619498,S3-654758503,S3-779182918,S3-891847666,S3-905677362,S3-916484684,S3-998314844
S1-18922388	S2-233356748,S2-425168745,S2-581736659,S2-851208599,S2-858071683,S2-880911218,S3-140415792,S3-30868742,S3-342927813,S3-409201893,S3-541599774,S3-568220636,S3-577325097,S3-624258071,S3-669563164,S3-728999429,S3-863359627
S1-981013217	S2-133339848,S3-123466797,S3-204939280,S3-878103824,S3-967493646
S1-87649479	S2-147441067,S2-352158207,S2-477392674,S3-168164699,S3-254851595,S3-257873223,S3-613134917,S3-965617590
S1-848202175	S2-164513100,S2-276463791,S2-540973913,S2-64373652,S2-739863328,S3-400472893,S3-487999908,S3-514433041
S1-440098202	S2-347573117,S2-424044629,S2-628034994,S2-731980362,S2-749093686,S2-959982692,S3-165145600,S3-20863846,S3-478017698,S3-891121855
S1-906428444	S2-185815139,S2-19262137,S2-236544027,S2-257866123,S2-26138707,S2-290734878,S2-321816304,S2-356418625,S2-382246554,S2-399521391,S2-42996984,S2-445772691,S2-490200888,S2-498877600,S2-51304489,S2-560614089,S2-574156484,S2-609128161,S2-629469139,S2-631982442,S2-664348256,S2-801348645,S2-827584632,S2-875097846,S2-884393987,S2-899617241,S2-91790174,S2-936368755,S2-960740002,S2-964075237,S2-984400939,S3-660567879,S3-71002681,S3-751767229,S3-932095902
S1-399298487	S2-129726428,S2-141941838,S2-18002875,S2-229623554,S2-37572914,S2-398026526,S2-477612312,S2-553420319,S2-632264452,S2-640299814,S2-728415668,S2-741739098,S2-778745347,S2-847294762,S2-878202400,S2-918415407,S2-938559567,S2-969988349,S2-970885323,S2-993107908,S3-101078372,S3-393691814,S3-459385899,S3-549499180,S3-605943184,S3-660690741,S3-681339707,S3-71126172,S3-806330885,S3-824205685,S3-844532141,S3-87215067,S3-877623355,S3-919573636,S3-930761446
S1-833965887	S2-331604338,S2-364652113,S2-428458362,S2-492007733,S2-497311507,S2-521706949,S2-62676897,S2-854103400,S3-120554590,S3-174411044,S3-275183252,S3-325291848,S3-432628874,S3-545300843,S3-665620740,S3-77766090,S3-833456956,S3-873737710,S3-882624444,S3-931372837,S3-973716231
S1-787655497	S2-177838488,S3-232386288,S3-252824672,S3-928195263
S1-556484436	S2-113991144,S2-146389526,S2-208432546,S2-28825195,S2-294439834,S2-315300750,S2-425630714,S2-551441215,S2-638305432,S2-658103824,S2-708123082,S2-782487083,S2-790376649,S2-850029648,S2-909007377,S3-100838256,S3-103025225,S3-172831454,S3-19880359,S3-208073447,S3-225433152,S3-257395017,S3-336197278,S3-379927726,S3-459285111,S3-638231072,S3-696126732,S3-8668360,S3-974233181
S1-732554135	S2-259406263,S2-695365363,S2-758061583,S3-322982800,S3-354884840
S1-721706825	S2-115505642,S2-131606423,S2-138085185,S2-375677540,S2-617842496,S2-682080483,S2-720647607,S2-744466830,S2-803204014,S2-935585902,S3-236630190,S3-246470648,S3-295108007,S3-451616196,S3-492039971,S3-503027078,S3-511664230,S3-517852687,S3-534975188,S3-606690831,S3-614296147,S3-665301477,S3-6712284,S3-703916571,S3-830590140,S3-932190079
S1-432073164	S2-790103206,S3-275007071,S3-520531285
S1-834253524	S2-430487676,S2-435123543,S2-576428419,S2-644029227,S2-69755788,S2-70074734,S3-110349245,S3-115793707,S3-137174211,S3-150807003,S3-203549607,S3-241186702,S3-296240409,S3-303320006,S3-321128474,S3-322974564,S3-328821394,S3-35962365,S3-401336848,S3-475071565,S3-560791095,S3-642821429,S3-733903477,S3-735674792,S3-743592424,S3-805670560,S3-808125751,S3-885787619,S3-914411406
S1-58506724	S2-225006605,S2-256513842,S2-270737897,S2-354847275,S2-364480311,S2-433835456,S2-478513689,S2-586868277,S2-602908979,S2-620463310,S2-651702187,S2-919469174,S2-992133862,S3-136500349,S3-172442589,S3-175970426,S3-249476597,S3-277560737,S3-335776755,S3-409091022,S3-486820598,S3-564490424,S3-649160762,S3-796079110,S3-871044143,S3-88338972,S3-937822767,S3-950205446,S3-95823295
S1-897055396	S2-441800316,S2-742008124,S3-182506884,S3-731535843
S1-333473481	S2-118654969,S2-123102552,S2-221369333,S2-226758568,S2-298615086,S2-411750648,S2-480315914,S2-600670425,S2-710082259,S2-731831807,S2-77284617,S2-790425886,S2-85820812,S2-867823269,S2-87977816,S3-301481867,S3-382064174,S3-441774008,S3-503394121,S3-506349597,S3-516363421,S3-649235994,S3-771795745,S3-813455390,S3-839987822,S3-989717999
S1-740195204	S2-111318167,S2-159228957,S2-315253973,S2-331697801,S2-537656454,S2-540995912,S2-561712313,S2-596640450,S2-653614735,S2-659290439,S2-843955820,S3-139286758,S3-140801111,S3-187791369,S3-191589398,S3-194778924,S3-305208201,S3-359980653,S3-448340368,S3-474595421,S3-682813319,S3-805813818,S3-857046951,S3-886873951,S3-907152415,S3-908445327,S3-933394156
S1-503958794	S2-131606423,S2-138085185,S2-375677540,S2-617842496,S2-682080483,S2-935585902,S3-236630190,S3-238186629,S3-246470648,S3-295108007,S3-451616196,S3-492039971,S3-503027078,S3-511664230,S3-517852687,S3-606690831,S3-614296147,S3-665301477,S3-6712284,S3-703916571,S3-830590140,S3-932190079
S1-188176423	S2-107024728,S2-60443093,S3-653384292,S3-779968161
S1-471450906	S2-114803651,S2-156719146,S2-277316319,S2-410963764,S2-436009197,S2-65755767,S2-692542191,S2-775062568,S2-983995539,S3-272737741,S3-429716891,S3-661297563,S3-92715799,S3-939158732,S3-946165958,S3-998485304
S1-712060319	S2-757646024,S3-208274633,S3-302591201,S3-34378492,S3-981330311
S1-919094063	S2-100811277,S2-181042089,S2-194985579,S2-588381793,S2-727830050,S2-761035582,S3-200544971,S3-303016749,S3-36232695,S3-496250765,S3-629723123,S3-650948726,S3-716726482,S3-739826958,S3-786283439,S3-973323595
S1-416328681	S3-58008060,S3-803099487
S1-962317574	S2-122293268,S2-228349446,S2-271296675,S2-385345869,S2-405673580,S2-422832756,S2-452774342,S2-462925847,S2-468816013,S2-531391738,S2-5766296,S2-640358428,S2-653515402,S2-657888531,S2-737525280,S2-889498785,S2-889617729,S2-952689575,S3-106471748,S3-319154968,S3-354146222,S3-476808959,S3-536993638,S3-590659041,S3-695488760,S3-77602954,S3-86491835,S3-888770595,S3-981004877
S1-298796171	
S1-456503698	S2-141678954,S2-212680983,S2-232651055,S2-238339092,S2-301224351,S2-330209305,S2-490506079,S2-490938389,S2-517613867,S2-539276252,S2-621506272,S2-737562930,S2-767322313,S2-897378699,S3-108704908,S3-128292067,S3-302029305,S3-319541437,S3-402786624,S3-466665214,S3-557154121,S3-611985006,S3-7641425,S3-772799169,S3-780937021,S3-902397557,S3-925724184
S1-348865280	S2-173849535,S2-235373060,S2-492314370,S2-533429272,S2-61184877,S3-702964613,S3-845823159,S3-904264803
S1-919044778	S2-461530160,S2-953785811,S3-541981258,S3-829475157,S3-891426172,S3-935193372
S1-588423785	S2-136337889,S3-697058666,S3-723781248
S1-831090227	S2-13096182,S2-200344015,S2-64218504,S2-90154375,S3-131841806,S3-182307210,S3-261416111,S3-261533299,S3-367030145,S3-424231009,S3-550392794,S3-556463948,S3-70499720,S3-830970141,S3-889389857,S3-915559121,S3-921492267,S3-931208363,S3-95624694,S3-9648333
S1-153830318	S2-293521491
S1-378524485	S2-121381055,S2-14461671,S2-153404729,S2-198863718,S2-232490044,S2-252623679,S2-255122739,S2-285260766,S2-429934193,S2-475161347,S2-516007752,S2-52983709,S2-567268382,S2-574183114,S2-649722676,S2-666235437,S2-679625068,S2-755422053,S2-775511888,S2-833849412,S2-860136722,S2-89923888,S2-902028636,S2-902843744,S2-905679603,S2-94421348,S3-18304832,S3-242913124,S3-375696821,S3-405535028,S3-793628788,S3-801884419,S3-81804477,S3-848221265,S3-870527398
S1-662166269	S2-168343607,S2-224179228,S2-267867078,S2-318550556,S2-468409428,S2-516200703,S2-573444333,S2-575598547,S2-617410789,S2-67276082,S2-753030076,S2-764297223,S2-794794284,S2-795484451,S2-804023929,S2-830888138,S2-832294496,S2-936770341,S2-950508447,S2-954040283,S3-187505026,S3-237581199,S3-241741661,S3-367943987,S3-421403180,S3-566062089,S3-606010619,S3-700330477,S3-74281810,S3-78149499,S3-807213849,S3-813520757,S3-856542524,S3-942647343,S3-974074755
S1-287772185	S2-146480855,S2-185737331,S2-231916506,S2-232575239,S2-286963811,S2-307888571,S2-339694983,S2-355587625,S2-37198077,S2-405171931,S2-58800913,S2-595412193,S2-647591488,S2-65897181,S2-685448148,S2-786952906,S2-841383785,S2-852414683,S2-886344192,S2-889877115,S2-890800626,S2-910198486,S2-935053208,S2-963225537,S2-970558176,S3-126939583,S3-148746712,S3-362886446,S3-469565855,S3-580991724,S3-664763541,S3-731679667,S3-75652378,S3-843603802,S3-873274627
S1-942651476	S2-130406206,S2-404336292,S2-587125017,S3-178368018,S3-998260049
S1-667909168	S2-201618411,S2-382573687,S2-407478637,S2-423778791,S2-445897702,S2-588746160,S2-749762842,S2-879796411,S2-882263518,S2-979843916,S3-227145711,S3-245768508,S3-273360558,S3-333080258,S3-346438613,S3-386135284,S3-407668202,S3-482054757,S3-488874514,S3-607392217,S3-629796468,S3-631718293,S3-683910674,S3-797690906,S3-799808929,S3-863696444,S3-86904662,S3-891121855,S3-941360243
S1-433763435	S2-115070944,S2-156876073,S2-200412376,S2-213494336,S2-229307893,S2-354141204,S2-425494069,S2-49310554,S2-801896271,S2-878702003,S2-935812718,S2-980632447,S3-162375529,S3-19376419,S3-445121709,S3-500106253,S3-517302774,S3-536768540,S3-593000003,S3-76987647,S3-787214589
S1-451799300	S2-190939420,S2-368872775,S2-960775935,S2-999620810,S3-240365314,S3-423557351,S3-548836402,S3-608612753,S3-775963577,S3-83821874
S1-175077420	S2-21068811,S3-423833320,S3-450601273,S3-454316256,S3-637718890,S3-658741525,S3-893727119
S1-337261548	S2-195509738,S2-328974840,S2-5927771,S2-708215676,S2-994988897,S3-219461059,S3-24529307,S3-411667162,S3-435118111,S3-607573487,S3-707534584,S3-710516125,S3-756177413
S1-660243284	S2-372731556,S2-735779782,S3-596916334,S3-954191794
S1-932763767	S2-792293248,S3-124479077,S3-600773397
S1-935930929	S2-238172939,S2-265951472,S2-278047629,S3-23762271,S3-282954322,S3-312383011,S3-484087789,S3-675929044,S3-778471595,S3-792910215,S3-862823320
S1-338644069	S2-111318167,S2-159228957,S2-315253973,S2-331697801,S2-346979760,S2-537656454,S2-540995912,S2-561712313,S2-596640450,S2-653614735,S2-659290439,S2-843955820,S3-139286758,S3-140801111,S3-187791369,S3-191589398,S3-194778924,S3-305208201,S3-359980653,S3-43016311,S3-448340368,S3-474595421,S3-682813319,S3-857046951,S3-868285804,S3-886873951,S3-907152415,S3-908445327,S3-933394156
S1-120761878	S2-182140812,S2-787062733,S3-158362294,S3-320173521,S3-380137640
S1-385608858	S2-635808285,S3-212832942
S1-729749673	S2-176836093,S2-281731973,S2-441041858,S2-612586880,S3-841930615,S3-955991873
S1-163255188	S2-257882811,S2-670667671,S2-776962496,S3-142248351
S1-598209863	S2-115972122,S2-347229408,S2-434308112,S2-639196886,S2-879596464,S2-993098565,S3-13448290,S3-397854175,S3-483544978,S3-602647728,S3-756914817,S3-839415131
S1-921279245	S2-284141243,S2-408726804,S2-554817992,S2-564756722,S2-568919099,S2-66728537,S2-794175299,S2-840539663,S2-88589147,S2-904973226,S2-920517108,S3-161331208,S3-219884695,S3-225049378,S3-225625130,S3-257871121,S3-327086535,S3-36419781,S3-607622452,S3-71052267,S3-740323634,S3-829098205,S3-834325663
S1-364861670	S2-397892892,S2-461855967,S2-518162869,S2-542839919,S2-610502640,S2-672665299,S2-691284711,S3-501389835,S3-700153581,S3-785011566,S3-89122252
S1-302461695	S2-36747880,S3-420979078
S1-740600107	S2-269486464,S2-303262676,S2-303358810,S2-38112311,S2-384700865,S2-428974263,S2-457470379,S2-470411102,S2-523371691,S2-644293400,S2-692397967,S2-724600371,S2-782074177,S2-938773870,S2-956093131,S3-180662164,S3-237848474,S3-237894096,S3-274576759,S3-275950606,S3-357004924,S3-379013369,S3-502716291,S3-664745663,S3-709727355,S3-720841598,S3-774844964,S3-776598091,S3-810757752,S3-838237838,S3-860590391,S3-874576607,S3-884523964,S3-96174597
S1-632465343	S2-123544206,S2-227373867,S2-233646850,S2-237414246,S2-426435110,S2-471008179,S2-690883768,S3-135846828,S3-165826957,S3-238938568,S3-264050182,S3-270029188,S3-273892489,S3-420359136,S3-452932671,S3-521472289,S3-531875237,S3-675912849,S3-746376749,S3-823092426,S3-971733612
S1-627864980	S2-148332675,S2-160783505,S2-181401889,S2-207351006,S2-262598821,S2-263351327,S2-325969572,S2-393958947,S2-424795877,S2-50320559,S2-582883906,S2-591386223,S2-597136350,S2-59980708,S2-601256930,S2-622940286,S2-645351123,S2-741060453,S2-752713702,S2-755299964,S2-821867852,S2-846535978,S2-847050244,S2-847882502,S2-85196223,S2-894758971,S2-911093894,S2-914055714,S2-927410086,S2-976425057,S3-441658376,S3-556428932,S3-599281267,S3-720573436,S3-8431405
S1-364336090	S2-182038679,S2-193603638,S2-351356705,S2-784107762,S3-279130419,S3-919998739
S1-814601377	S2-130583169,S2-15802375,S2-192948129,S2-245131547,S2-269148212,S2-305093949,S2-335618513,S2-336379980,S2-418259612,S2-440897587,S2-489738117,S2-567669943,S2-603071611,S2-626967195,S2-742406486,S2-755541671,S2-77137939,S2-815616820,S2-848489017,S2-884737926,S2-977919046,S3-138257740,S3-146156664,S3-254035959,S3-331856526,S3-383204019,S3-391942647,S3-403979964,S3-458126061,S3-581112562,S3-618422773,S3-636847368,S3-718919501,S3-829639218,S3-907710750
S1-416520778	S2-425467251,S2-600630793,S2-636270422,S2-68476347,S2-891985054,S3-131762012,S3-213739528,S3-262172210,S3-279686791,S3-283001366,S3-296160836,S3-380458323,S3-454228701,S3-499976564,S3-812771615,S3-837289282,S3-912322959,S3-927315271
S1-563272438	S2-137188804,S2-206508419,S2-305925793,S2-327325549,S2-442717160,S2-458603365,S2-518741071,S2-529051857,S2-557222960,S2-563115127,S2-565031183,S2-602506903,S2-640474309,S2-644293400,S2-647006024,S2-652306932,S2-708413362,S2-715902572,S2-747811082,S2-808195533,S2-856953420,S2-878252138,S2-883216567,S3-113238993,S3-286238001,S3-342273571,S3-379662508,S3-449949564,S3-657897941,S3-68505008,S3-740718670,S3-793024718,S3-815540739,S3-862646219,S3-880695057
S1-285278154	S2-125741685,S2-193576955,S2-264201301,S2-335490395,S2-388168390,S2-453312589,S2-542126368,S2-734978259,S2-748432847,S3-21567627,S3-234911791,S3-237400015,S3-271953748,S3-472149075,S3-588465181,S3-608301853,S3-663576869,S3-975129506
S1-978097437	S2-144908485,S2-152690112,S2-18313365,S2-187500566,S2-210386781,S2-386384474,S2-421260522,S2-513277410,S2-528183970,S2-560718770,S2-564220109,S2-623540619,S2-661296,S2-762162955,S2-766916642,S2-767769254,S2-788237473,S2-858221970,S2-876805202,S2-934901592,S2-964240180,S3-320849609,S3-337612926,S3-368363902,S3-449146656,S3-513280273,S3-600011823,S3-617318682,S3-70887228,S3-711181602,S3-721143325,S3-723070493,S3-798099433,S3-947933761
S1-447909505	S2-17194923,S2-392145339,S2-428439868,S2-456906802,S2-534757014,S2-554224375,S2-559513310,S2-607914054,S2-839280644,S2-873556187,S3-105197093,S3-116158717,S3-171181187,S3-314832730,S3-368891593,S3-429685653,S3-534253649,S3-660561828,S3-690641083,S3-872982512,S3-924039771
S1-105149282	S2-27423292,S2-451710275,S2-491259069,S2-718026833,S2-752280842,S2-840939538,S3-255051180,S3-610870306,S3-690379551
S1-747705086	S2-185895975,S2-228545787,S2-383450882,S2-940828684,S3-171460449,S3-232034118,S3-347591637,S3-3603787,S3-411062401,S3-475153717,S3-541988174,S3-563120359,S3-576224886,S3-649082219,S3-744364228,S3-830007043,S3-945343881,S3-951538561,S3-978093617
S1-342698190	S2-172519757,S2-641536912,S2-767469189,S3-33593694,S3-472382215
S1-204835412	S2-443765893
S1-291767532	S2-117777608,S2-119710416,S2-212539797,S2-23141904,S2-29161970,S2-386241452,S2-426820245,S2-543529651,S2-564725849,S2-598397595,S2-65408607,S2-77918874,S2-929268186,S3-204655096,S3-359228059,S3-390050201,S3-466283729,S3-615568715,S3-694464838,S3-714748589,S3-740783920,S3-746331396,S3-779732141,S3-841264731,S3-876903023,S3-892940011,S3-911481281,S3-918253834,S3-976255067
S1-208047438	S2-173147740,S2-317500096,S2-969332884,S3-458035620,S3-707773058,S3-734357656
S1-754201992	S3-307771908,S3-507824513,S3-835305931,S3-978615013
S1-661098344	S2-175422550,S2-204330190,S2-429217461,S2-485161101,S2-515979427,S2-650540166,S2-666344224,S2-714330616,S2-714678884,S2-833823134,S2-954345809,S3-117595477,S3-122538898,S3-17476731,S3-182260348,S3-192629858,S3-325238745,S3-35472521,S3-375050071,S3-409782377,S3-431073331,S3-530516142,S3-573492118,S3-576691112,S3-580494386,S3-618252646,S3-629863559,S3-657728717,S3-684169070,S3-684244007,S3-73132404,S3-771282444,S3-899227168,S3-931325695,S3-994997238
S1-822296117	S2-104959839,S2-534832831,S2-758079562,S2-828834106,S2-845727023,S2-846727433,S2-908357728,S3-301799708,S3-31853735,S3-46835995,S3-500266786,S3-873506813
S1-858827076	S2-220379526,S2-395612540,S2-618606811,S3-256643598,S3-674284226,S3-835268925
S1-996892533	S2-100171087,S2-126114325,S2-140570283,S2-178524001,S2-219511960,S2-233855016,S2-248578795,S2-271980322,S2-272853443,S2-488795479,S2-498712399,S2-501461489,S2-506653702,S2-689298806,S2-71839787,S2-769514492,S2-774858902,S2-792479049,S2-844572537,S2-84972171,S2-85926088,S2-919462873,S2-978317841,S2-9946485,S3-228972158,S3-253950029,S3-285423050,S3-35517149,S3-391969183,S3-489611001,S3-49524617,S3-632926404,S3-658261076,S3-826361314,S3-847844822
S1-226268723	S2-145877571,S2-310298765,S2-76766050,S2-777481159,S3-275914148,S3-416110899
S1-347681347	S2-182442192,S2-241169151,S2-55048694,S2-763529982,S3-233393721,S3-743676487,S3-857809131
S1-50344703	S2-116964471,S2-152813133,S2-162844502,S2-168230946,S2-311237158,S2-320212810,S2-327347923,S2-355057676,S2-378341286,S2-418208254,S2-449394985,S2-477580463,S2-559208649,S2-58452227,S2-585050764,S2-641924388,S2-799675222,S2-912071501,S2-921475435,S2-951469456,S2-963460450,S2-971944432,S2-978556719,S2-980524091,S2-994779547,S3-131437648,S3-156062812,S3-296087081,S3-353034749,S3-524199714,S3-56177624,S3-63293705,S3-636105112,S3-684861383,S3-90151132
S1-601964813	S2-318081072,S2-379021395,S2-597440071,S2-754475709,S3-533341528,S3-619087485
S1-690367576	S2-717603217,S3-714435563
S1-685556943	S2-705043101,S3-751911047,S3-834878565
S1-151727373	S2-916425328,S3-375029478,S3-628820040
S1-106966123	S2-224711873,S2-236522713,S2-278888692,S2-619602212,S3-560100668
S1-494395836	S2-17194923,S2-392145339,S2-428439868,S2-456906802,S2-534757014,S2-554224375,S2-607914054,S2-839280644,S2-873556187,S3-105197093,S3-116158717,S3-171181187,S3-314832730,S3-368891593,S3-429685653,S3-534253649,S3-656312289,S3-660561828,S3-690641083,S3-872982512,S3-924039771
S1-148802034	S2-309428859,S2-363998128,S2-561712313,S2-676822828,S2-766576571,S2-773402563,S2-791701658,S3-166734708,S3-581908081,S3-752773274,S3-860514368,S3-868523820
S1-463879518	S2-663087238,S2-702119559,S3-215405289,S3-463930276,S3-589421387
S1-598852387	S2-394350671,S2-409908460,S2-435127157
S1-44632418	S2-101400031,S2-131484951,S2-412785626,S2-72014516,S2-818202342,S3-105204608,S3-147973269,S3-237208661,S3-383358016,S3-428866026,S3-545857608,S3-592559974,S3-596722596,S3-664885202,S3-71332655,S3-716502137
S1-643886636	S2-489606015,S3-438010154,S3-761247472
S1-599041433	S2-119042428,S2-949313428,S2-990368206,S3-193752208,S3-294127173
S1-499709068	S2-329606166,S2-387663638,S2-468060172,S2-522765481,S2-671432305,S2-852857124,S2-87502829,S2-911491177,S2-913348310,S2-919243311,S3-291745678,S3-295091719,S3-396036864,S3-529160583,S3-892656807,S3-932757816,S3-964203738,S3-964509935,S3-994545656
S1-427574111	S2-156193704,S2-48780835,S2-522989755,S2-523371691,S2-640308318,S2-663249977,S2-667639545,S2-74733137,S2-758670695,S2-762801242,S2-894686069,S2-939924796,S3-107882656,S3-127657435,S3-206468918,S3-275798620,S3-294219520,S3-322181448,S3-323837938,S3-343576359,S3-398017181,S3-433207817,S3-459105416,S3-474491481,S3-555951480,S3-693804489,S3-819459908,S3-935886167,S3-966805256,S3-976778991
S1-136179667	S2-311156638,S3-655028378,S3-896508433
S1-798312676	S2-360788603,S2-372172880,S2-394571120,S2-51574598,S2-556469960,S2-581508866,S2-708757485,S2-986940248,S3-188354063,S3-22679509,S3-232519749,S3-243209227,S3-256208237,S3-380204402,S3-382868122,S3-41801400,S3-525239074,S3-533981091,S3-548199504,S3-562383456,S3-607060939,S3-63271265,S3-717541835,S3-973816063
S1-677172368	S2-422090156,S2-455322436,S2-636844110,S3-115317461,S3-7869297
S1-794894976	
S1-93364669	S2-10529349,S2-818354061,S2-997142043,S3-179199829,S3-737529592,S3-894339631,S3-931161797
S1-370752441	S2-117928803,S2-161761568,S2-170548497,S2-199277367,S2-215512354,S2-266044573,S2-32599688,S2-371300586,S2-429545601,S2-48549342,S2-502055965,S2-584234198,S2-744719382,S2-92260224,S2-965695908,S3-363675987,S3-366493026,S3-37643564,S3-406008092,S3-438728515,S3-543002246,S3-591915115,S3-627064366,S3-637235644,S3-645435228,S3-687029960,S3-753356761,S3-909621401,S3-950928679,S3-960625785,S3-999335322
S1-982267642	S2-158613473,S2-200628014,S2-216562420,S2-256175555,S2-277106942,S2-405757423,S2-502067105,S2-512746320,S2-517835286,S2-599887285,S2-602005427,S2-635421778,S2-639337663,S2-70367717,S2-709853922,S2-807247864,S2-80754123,S2-811415282,S2-857837464,S2-869339164,S2-885606575,S2-9117950,S2-914824440,S2-96984435,S2-992248431,S3-107219627,S3-232517336,S3-305426707,S3-413656991,S3-434437783,S3-703137889,S3-723696483,S3-782386729,S3-849412812,S3-947193982
S1-183966410	S2-888487723,S3-1912331,S3-406605946
S1-848733132	S2-172078571,S2-245401721,S2-343187904,S2-386571204,S2-779619606,S2-900186392,S3-328422573,S3-379662508,S3-50719837,S3-811291722,S3-846884848,S3-939501842
S1-68028659	S2-47997413,S2-949097457,S3-680454969
S1-267774485	S2-117986233,S2-122003248,S2-133200793,S2-220689789,S2-30805620,S2-371280821,S2-44400072,S2-487634664,S2-49314725,S2-553434792,S2-555210024,S2-567069985,S2-808051429,S2-823145352,S2-850190670,S2-911286375,S2-95288235,S2-961960226,S2-983709883,S3-10044799,S3-200192601,S3-301743576,S3-311619103,S3-384858260,S3-424792804,S3-425183763,S3-440412143,S3-501394085,S3-620728078,S3-691090953,S3-704512634,S3-712870504,S3-789457400,S3-822082751,S3-836665859
S1-91229135	S2-301930023,S2-73405606,S3-776763819,S3-960685971
S1-556182325	S2-309793463,S2-528277068,S2-754057897,S2-921833242,S3-169782628,S3-461421379,S3-646890460,S3-839474938,S3-856308574,S3-979957280
S1-421464868	S2-191224095,S2-410989478,S2-502574545,S2-505640676,S2-510581586,S2-512630762,S2-634135967,S2-705887489,S2-753624656,S2-756763349,S2-764699807,S2-769594382,S2-80654035,S2-822298786,S2-824701381,S3-109917852,S3-150432730,S3-326270100,S3-326466159,S3-425999875,S3-622171422,S3-835349559,S3-842389689,S3-914027398,S3-917654928,S3-926443505
S1-32868848	S2-124798095,S2-179989880,S2-182743306,S2-209082145,S2-25201671,S2-272338010,S2-302742914,S2-363756741,S2-385991369,S2-428684481,S2-535465384,S2-630833712,S2-650817671,S2-689348912,S2-757473048,S2-765720249,S2-772032244,S2-781062791,S2-802260310,S2-825371012,S2-841150901,S2-881028278,S2-997474280,S3-167096146,S3-344466028,S3-384667680,S3-480011125,S3-495325432,S3-528706011,S3-588220144,S3-649622959,S3-735885413,S3-760594020,S3-810547728,S3-931500217
S1-357837082	S2-176608504,S2-236157315,S2-489966122,S2-65680643,S2-743683750,S3-245902676,S3-736902996,S3-927581239
S1-846021491	S2-69212114
S1-526994697	S2-446731528,S2-482596262,S2-794938405,S3-22888520,S3-31537060
S1-399389273	S2-119531372,S3-394109257
S1-332792664	S2-104952404,S2-127219034,S2-232656420,S2-232940193,S2-254244402,S2-286079379,S2-408752598,S2-414293572,S2-420202495,S2-46545618,S2-501371408,S2-575500452,S2-655408804,S2-761912887,S2-769600607,S2-796868968,S2-799218322,S2-803539095,S2-822562373,S2-854003878,S2-857019028,S2-950950039,S2-986115477,S3-123929282,S3-176329043,S3-194389138,S3-256361270,S3-417297011,S3-426020560,S3-505074779,S3-616793249,S3-739312697,S3-893441488,S3-960532968,S3-998446209
S1-879043765	S2-514458701,S2-570193226,S3-574091342
S1-580182294	S2-242565333,S2-264178850,S2-291329716,S2-444088209,S2-458359635,S2-472291503,S2-500781919,S2-588384053,S2-591627777,S2-649089210,S2-739396621,S2-786194848,S2-821512799,S2-939769379,S2-968541854,S2-99180378,S3-127948853,S3-176892573,S3-214141714,S3-280269790,S3-504196445,S3-518809267,S3-538932133,S3-825340470,S3-82569247,S3-869784465,S3-935439382
S1-255528432	S2-104524634,S2-134958859,S2-167066861,S2-195761214,S2-204003026,S2-211182661,S2-229315248,S2-248944678,S2-252035179,S2-254788701,S2-263273654,S2-279857860,S2-293206846,S2-331492553,S2-332155353,S2-45724657,S2-468610536,S2-508602353,S2-659345862,S2-674694354,S2-687087140,S2-71227189,S2-718979866,S2-742191837,S2-748833051,S2-774512583,S2-817680963,S2-846556799,S2-895820835,S2-899248471,S2-925511054,S3-289365741,S3-365385967,S3-690547751,S3-902040254
S1-386805796	S2-149998070,S2-622493652,S2-653727698,S2-782252993,S2-873615384,S3-267232859,S3-378558764,S3-383563605,S3-998103985
S1-900348060	S2-624688178,S2-717137506,S3-629460525,S3-917254103
S1-19333681	S2-117986233,S2-122003248,S2-133200793,S2-220689789,S2-30805620,S2-371280821,S2-44400072,S2-487634664,S2-49314725,S2-553434792,S2-555210024,S2-567069985,S2-808051429,S2-823145352,S2-850190670,S2-911286375,S2-95288235,S2-961960226,S2-983709883,S3-10044799,S3-200192601,S3-311619103,S3-384858260,S3-424792804,S3-425183763,S3-440412143,S3-501394085,S3-556785725,S3-604947235,S3-620728078,S3-704512634,S3-712870504,S3-789457400,S3-822082751,S3-836665859
S1-53064564	S2-179718029,S2-190645785,S2-211156607,S2-317459902,S2-458287334,S2-587581939,S2-695764063,S2-834851746,S2-870769857,S2-907552166,S2-922767804,S3-157576986,S3-238651259,S3-267021268,S3-495848934,S3-611594281,S3-665736329,S3-924313736
S1-107975488	S2-35385665,S2-364021667,S3-402873903
S1-518796759	S2-821014349,S2-848239347,S3-43718616,S3-743961223
S1-665436028	
S1-492556063	S2-149998070,S2-622493652,S2-653727698,S2-782252993,S2-873615384,S3-267232859,S3-378558764,S3-383563605,S3-508446803,S3-998103985
S1-761600598	S2-276325259,S2-396506993,S2-397402703,S2-52169457,S2-67079618,S2-683429209,S2-699720835,S2-704939525,S2-708798272,S2-987745268,S3-107698695,S3-276949319,S3-300001813,S3-560940436,S3-603696079,S3-964363321
S1-325654285	S2-155277648,S2-205335884,S2-223632939,S2-361766151,S2-401854607,S2-55851558,S2-862023482,S2-892880098,S3-449024377,S3-854664260,S3-906227821
S1-260969714	S2-124021641,S2-152649554,S2-165112809,S2-200666499,S2-237525119,S2-251717309,S2-261440671,S2-293623259,S2-295273104,S2-30249982,S2-35693305,S2-397753600,S2-400725574,S2-439284028,S2-445055252,S2-460607254,S2-472174593,S2-51336478,S2-535018203,S2-57529012,S2-600299095,S2-611577665,S2-631149358,S2-649585931,S2-68942340,S2-69024638,S2-724920802,S2-747943345,S2-74839787,S2-770717600,S2-846265472,S2-865329222,S2-930926987,S3-426502438,S3-807519706
S1-329211620	S2-258111012,S2-30208388,S2-37217309,S2-37571654,S2-465460574,S2-522989755,S2-536756969,S2-63952229,S2-696163364,S2-802837546,S3-131158560,S3-139238877,S3-142161259,S3-149565445,S3-153728789,S3-378186382,S3-405328706,S3-48926935,S3-574136968,S3-627345153,S3-633923028,S3-654854802,S3-702254487,S3-740785174,S3-75104685,S3-840280069,S3-866103109,S3-920630019,S3-96017410,S3-998730144
S1-612484899	S2-104524634,S2-134958859,S2-167066861,S2-195761214,S2-204003026,S2-211182661,S2-229315248,S2-248944678,S2-252035179,S2-254788701,S2-263273654,S2-279857860,S2-293206846,S2-331492553,S2-332155353,S2-45724657,S2-468610536,S2-508602353,S2-659345862,S2-674694354,S2-687087140,S2-71227189,S2-718979866,S2-742191837,S2-748833051,S2-774512583,S2-817680963,S2-846556799,S2-895820835,S2-899248471,S2-925511054,S3-365385967,S3-690547751,S3-841814343,S3-902040254
S1-199481393	S2-108667769,S2-244529864,S2-283628629,S2-358575945,S2-375829416,S2-376486539,S2-40943466,S2-513227544,S2-532756260,S2-547499135,S2-714505855,S2-762775244,S2-785819524,S2-845548172,S2-892848533,S2-896099449,S2-97160356,S2-981694912,S3-119398022,S3-146718733,S3-205235794,S3-233985497,S3-242187551,S3-308048647,S3-310870717,S3-38284685,S3-474645905,S3-482482057,S3-588955896,S3-639223085,S3-659126396,S3-661700266,S3-905827796,S3-941718437,S3-963919896
S1-545210421	S2-153079060,S2-172459877,S2-197070651,S2-243582837,S2-309951201,S2-416752469,S2-45273172,S2-739037044,S2-78582582,S2-825274870,S2-834353592,S3-160564457,S3-195745851,S3-425321655,S3-478189566,S3-478195123,S3-492193726,S3-506651055,S3-524251825,S3-555577112,S3-634650898,S3-854664260,S3-907750338
S1-895547640	
S1-991594397	S2-108478159,S2-155659208,S2-201612636,S2-231977102,S2-295189929,S2-310730543,S2-383104951,S2-411718047,S2-428005751,S2-428491774,S2-431280729,S2-554736378,S2-689836319,S2-698567775,S2-719761994,S2-806682727,S2-893065168,S2-948258039,S2-967850484,S3-109377868,S3-117307154,S3-11852301,S3-225911192,S3-392411120,S3-416994578,S3-573573318,S3-638629281,S3-676443933,S3-812031689,S3-834877949,S3-855730393,S3-922971635,S3-929786408
S1-327425253	S2-1224823,S2-419383065,S2-668893486,S2-761132754,S2-961444712,S2-991162605,S2-991278130,S3-223481552,S3-232652483,S3-671943245,S3-757848577,S3-797190493
S1-303755060	S2-195491179,S2-227373867,S2-387384986,S2-409546504,S2-424076746,S2-791638625,S2-839533786,S3-194790377,S3-220834623,S3-263539658,S3-296686180,S3-390866058,S3-433499290,S3-45167101,S3-460708007,S3-504609758,S3-609989467,S3-683755169,S3-715790699,S3-812114435,S3-997139272
S1-482014426	S2-108667769,S2-244529864,S2-283628629,S2-358575945,S2-375829416,S2-376486539,S2-40943466,S2-513227544,S2-532756260,S2-547499135,S2-714505855,S2-762775244,S2-785819524,S2-845548172,S2-892848533,S2-896099449,S2-97160356,S2-981694912,S3-119398022,S3-146718733,S3-233985497,S3-242187551,S3-308048647,S3-310870717,S3-38284685,S3-474645905,S3-482482057,S3-588955896,S3-634613862,S3-639223085,S3-659126396,S3-661700266,S3-905827796,S3-941718437,S3-963919896
S1-638016430	S2-12637797,S2-138568861,S2-16759542,S2-23680883,S2-278936162,S2-34644977,S2-37189767,S2-383474103,S2-493323895,S2-500102460,S2-538072354,S2-623031574,S2-722552256,S2-733050698,S2-775032170,S2-907130522,S2-911013251,S2-914251407,S2-918164223,S2-942607725,S2-979345096,S3-151516767,S3-229554313,S3-24653527,S3-36610245,S3-478655883,S3-555575622,S3-588523061,S3-593152841,S3-626807772,S3-69046235,S3-692188678,S3-817011852,S3-849906439,S3-877593497
S1-217486040	S2-232759658,S2-357596134,S2-535371947,S2-55284166,S2-875781575,S3-310674703,S3-333899249,S3-359201032,S3-367346935,S3-588660866,S3-681823866
S1-141031026	S2-249176440,S3-193279748,S3-578443771,S3-634661965
S1-807846704	S2-308557227,S2-333062903,S2-596154329,S2-680948357,S2-884570279,S3-259942661,S3-447569907,S3-496864742,S3-574022960,S3-835572573
S1-379642285	S2-691306905,S3-504998715
S1-29746742	S2-251893509,S2-362642050,S2-485129405,S2-535672424,S2-65622853,S2-713276546,S2-731347569,S2-785309384,S3-135187746,S3-236204210,S3-253184675,S3-325791419,S3-335089481,S3-519607078,S3-552156848,S3-65028685,S3-74011663,S3-831780800,S3-852012262,S3-8865181
S1-389472722	S2-104685269,S2-127605297,S2-201728117,S2-318339505,S2-373953058,S2-487164134,S2-510009575,S2-524577737,S2-541569307,S2-542961065,S2-55559483,S2-572364537,S2-67374199,S2-689868320,S2-701117503,S2-757928282,S2-761037233,S2-781821560,S2-820285603,S2-820726884,S2-826749078,S2-993097609,S3-112518959,S3-117569137,S3-176872341,S3-215418570,S3-405004250,S3-434722760,S3-580593014,S3-610502798,S3-745808203,S3-777858845,S3-798208152,S3-861601466,S3-997386208
S1-219801000	S2-144605581,S2-215375025,S2-2303053,S2-312708764,S2-346821440,S2-438620395,S2-445229762,S2-544750938,S2-687120060,S2-721222230,S2-772202422,S2-792111025,S2-818469684,S2-87122718,S2-884716368,S2-927828064,S2-931392519,S2-96508269,S3-117507735,S3-162829800,S3-277152022,S3-321432576,S3-321804896,S3-346026279,S3-395099143,S3-403816624,S3-419882111,S3-474721351,S3-579638496,S3-644548049,S3-765321409,S3-851951872,S3-927310956,S3-946557973,S3-985322022
S1-209669739	S2-10419116,S2-229134076,S2-438482111,S2-510071279,S2-514851211,S2-809939808,S3-117362814,S3-263570238,S3-293639214,S3-303186082,S3-36237495,S3-409313711,S3-437985558,S3-462315460,S3-516499351,S3-63461182,S3-68802328,S3-711900602,S3-824212237,S3-843459719,S3-893883761,S3-904603678,S3-935894144,S3-978640146
S1-418033957	S2-265574064,S3-553369530
S1-225984658	S2-355430647,S2-581845376
S1-734634783	S2-155071678,S2-214616839,S2-231888175,S2-243764861,S2-260219982,S2-301661112,S2-30198793,S2-309431103,S2-316585256,S2-343697224,S2-414256753,S2-469207582,S2-501384396,S2-562997465,S2-606326575,S2-615990414,S2-661781448,S2-666782376,S2-754856819,S2-777673414,S2-778024060,S2-810813977,S2-820385444,S2-822749847,S2-866983542,S2-872248490,S2-892052286,S2-893939251,S2-944494555,S2-980651759,S3-254744083,S3-366341675,S3-560405954,S3-986526946,S3-998276041
S1-793447671	S2-164155305,S2-175362050,S2-288443607,S2-299640307,S2-446106239,S2-503625572,S2-508111862,S2-886131666,S2-887165055,S2-888569504,S2-895081043,S2-904826614,S2-92663671,S3-141444771,S3-216194788,S3-325254367,S3-34799181,S3-388747679,S3-631671911,S3-654519924,S3-66207499,S3-66860585,S3-711838591,S3-764795401,S3-775700958,S3-804091064,S3-830130228,S3-97255673
S1-746083627	S3-727097419
S1-136329156	S2-10712655,S2-132866128,S2-212935219,S2-420434014,S2-559350920,S2-564165088,S2-676204127,S2-714329474,S2-86121397,S2-865814128,S3-195699284,S3-20180609,S3-392709677,S3-399019746,S3-606520422,S3-78071645,S3-812993053,S3-950926863
S1-429312208	S2-107329180,S2-51571569,S2-561416780,S2-666083284,S2-830814134,S2-836452886,S2-865749305,S2-917280412,S3-167872453,S3-363924279,S3-574665074,S3-617979991,S3-662587413,S3-768713726,S3-886369860,S3-902571451,S3-906493520,S3-982286178
S1-639870859	S2-10444918,S2-158613473,S2-200628014,S2-216562420,S2-256175555,S2-277106942,S2-405757423,S2-502067105,S2-512746320,S2-517835286,S2-599887285,S2-602005427,S2-635421778,S2-639337663,S2-70367717,S2-709853922,S2-807247864,S2-80754123,S2-811415282,S2-857837464,S2-869339164,S2-885606575,S2-9117950,S2-914824440,S2-96984435,S2-992248431,S3-107219627,S3-413656991,S3-434437783,S3-67179744,S3-723696483,S3-782386729,S3-815541290,S3-849412812,S3-978876100
S1-106444962	S2-286980458,S3-563299717,S3-965045781
S1-414888397	S2-118654969,S2-123102552,S2-221369333,S2-22322264,S2-226758568,S2-298615086,S2-411750648,S2-480315914,S2-710082259,S2-731831807,S2-77284617,S2-790425886,S2-85820812,S2-867823269,S2-87977816,S3-301481867,S3-382064174,S3-441774008,S3-503394121,S3-506349597,S3-516363421,S3-649235994,S3-771795745,S3-813455390,S3-839987822,S3-989717999
S1-350094757	S2-141405603,S2-184718437,S2-202125440,S2-217750086,S2-312212502,S2-332556282,S2-443186106,S2-521380565,S2-523089825,S2-679774225,S2-728849723,S2-781118310,S2-891548290,S2-974874434,S3-121180327,S3-139491334,S3-347027122,S3-350132199,S3-362772894,S3-368554025,S3-448439353,S3-459474099,S3-47783496,S3-560129335,S3-591562825,S3-604489212,S3-684833122,S3-756804216,S3-760112986,S3-847513631,S3-849609254,S3-919153222
S1-641639353	S2-175422550,S2-429217461,S2-485161101,S2-650540166,S2-666344224,S2-714330616,S2-954345809,S3-117595477,S3-122538898,S3-17476731,S3-375050071,S3-431073331,S3-580494386,S3-657728717,S3-684169070,S3-684244007,S3-73132404,S3-899227168,S3-931325695
S1-886467591	S2-452903597,S2-495255333,S2-554239696,S2-56559503,S2-6795745,S2-7215183,S2-984150029,S3-142815286,S3-665193210,S3-677398233,S3-685149854,S3-697840479,S3-854517318
S1-333095127	S2-172407843,S2-319392937,S2-515440137,S2-939541229,S3-137643640,S3-154520937,S3-255317951,S3-500338301,S3-544582286,S3-624339813
S1-458279858	S2-282287518,S2-313022838,S3-206182753,S3-861212698
S1-730790537	S2-112338099,S2-123009275,S2-245155784,S2-311174173,S2-317305405,S2-605012551,S2-611779158,S2-856953420,S2-953121169,S3-148936781,S3-169419274,S3-178216607,S3-243963900,S3-455530891,S3-475509040,S3-574841541,S3-725172583,S3-782347785,S3-790627623,S3-802721273,S3-824486990,S3-865889251,S3-887814001,S3-888368892,S3-907750338,S3-927111882
S1-894049089	S2-117777608,S2-119710416,S2-212539797,S2-23141904,S2-29161970,S2-543529651,S2-639588992,S2-65408607,S2-929268186,S2-972003483,S3-204655096,S3-359228059,S3-390050201,S3-694464838,S3-714748589,S3-740783920,S3-841264731,S3-876903023,S3-892940011,S3-911481281,S3-918253834
S1-132096549	S2-349478062,S3-752796495
S1-76992312	S2-486100035,S3-41215078,S3-58059265
S1-467885239	S2-758204514,S3-280034056,S3-36034191,S3-588314722
S1-102422131	S2-122612997,S2-151714424,S2-195375349,S2-229609386,S2-231301098,S2-246667519,S2-254651225,S2-266209904,S2-283762075,S2-370932433,S2-452450283,S2-47208718,S2-514214943,S2-543310395,S2-566621691,S2-60820205,S2-668022497,S2-743086829,S2-840855704,S2-851675995,S2-888289814,S2-984814045,S3-208138754,S3-327453985,S3-355536759,S3-433611173,S3-46345614,S3-540145146,S3-540903983,S3-566401916,S3-778505908,S3-79561043,S3-85311066,S3-855173138,S3-889143817
S1-507732665	S2-186077038,S2-431873661,S2-598397595,S2-624582696,S2-663884088,S2-71746113,S2-796678806,S2-986526857,S3-167649858,S3-178624588,S3-358977768,S3-504609758,S3-697940063,S3-709740534,S3-746331396,S3-858617832,S3-937002706
S1-18276231	S2-109237386,S2-672529193
S1-340324382	S2-201618411,S2-382573687,S2-407478637,S2-423778791,S2-445897702,S2-588746160,S2-749762842,S2-879796411,S2-881304282,S2-882263518,S2-979843916,S3-227145711,S3-245768508,S3-273360558,S3-333080258,S3-346438613,S3-386135284,S3-407668202,S3-482054757,S3-488874514,S3-607392217,S3-629796468,S3-631718293,S3-683910674,S3-797690906,S3-799808929,S3-863696444,S3-86904662,S3-891121855,S3-941360243
S1-445268029	S2-371928720
S1-852715012	
S1-945473328	S2-533632907,S2-908692025,S3-422233654,S3-594460851
S1-477515156	S2-154913443,S2-315095658,S3-311437617,S3-979362679
S1-372076691	S2-481154221,S2-632867681,S2-995577312,S3-197451937,S3-214403211,S3-472086350,S3-590782264
S1-965524997	S2-102542209,S2-639585909,S3-117768760,S3-188139478,S3-275431452,S3-966261671
S1-246360451	S2-301594711,S2-306822311,S2-354463942,S2-388684631,S2-510417934,S2-515386320,S2-588620749,S2-646717240,S2-654821674,S2-675626969,S2-83684607,S2-921445352,S2-930444154,S3-207352670,S3-240817329,S3-263347582,S3-443516445,S3-505157875,S3-50573878,S3-609110658,S3-622374923,S3-733828934,S3-737091559,S3-761097783,S3-827685909,S3-840999871,S3-846590303,S3-945446210
S1-773387688	S2-233356748,S2-425168745,S2-581736659,S2-851208599,S2-880911218,S3-140415792,S3-30868742,S3-342927813,S3-409201893,S3-541599774,S3-568220636,S3-577325097,S3-624258071,S3-669563164,S3-728999429,S3-863359627
S1-766097167	S2-148659005,S2-507107044,S3-658057883
S1-967724835	S2-457310582,S2-747677761,S3-178777115,S3-225472574,S3-375320153,S3-803147931
S1-843651840	S2-158799464,S2-417703309,S3-569967564,S3-84164655,S3-872206053
S1-540804826	S2-13506245,S2-321007322,S2-371499536,S2-791074851,S2-800441985,S3-155307481,S3-353164143,S3-775127986
S1-271285544	S2-360788603,S2-372172880,S2-394571120,S2-51574598,S2-556469960,S2-581508866,S2-708757485,S2-986940248,S3-188354063,S3-22679509,S3-232519749,S3-243209227,S3-382868122,S3-41801400,S3-525239074,S3-533981091,S3-548199504,S3-562383456,S3-607060939,S3-63271265,S3-717541835,S3-973816063
S1-912293369	S2-116964471,S2-152813133,S2-162844502,S2-168230946,S2-311237158,S2-320212810,S2-327347923,S2-355057676,S2-378341286,S2-418208254,S2-449394985,S2-477580463,S2-559208649,S2-58452227,S2-585050764,S2-641924388,S2-799675222,S2-912071501,S2-921475435,S2-951469456,S2-963460450,S2-971944432,S2-978556719,S2-980524091,S2-994779547,S3-131437648,S3-156062812,S3-296087081,S3-353034749,S3-524199714,S3-63293705,S3-636105112,S3-651789135,S3-684861383,S3-90151132
S1-388041707	S2-420068334,S2-897500272,S2-925973259,S3-336889640,S3-381452167,S3-967466322
S1-752146223	S2-398995743,S2-710985571,S2-966593953,S3-143186976,S3-501148604
S1-632265262	S2-379934742,S2-450678191,S2-941287343,S3-229537117
S1-57714624	S2-104524634,S2-134958859,S2-167066861,S2-195761214,S2-204003026,S2-211182661,S2-229315248,S2-248944678,S2-252035179,S2-254788701,S2-263273654,S2-279857860,S2-293206846,S2-331492553,S2-332155353,S2-45724657,S2-468610536,S2-508602353,S2-659345862,S2-674694354,S2-687087140,S2-71227189,S2-718979866,S2-742191837,S2-748833051,S2-774512583,S2-817680963,S2-846556799,S2-895820835,S2-899248471,S2-925511054,S3-171101124,S3-481567589,S3-90094050,S3-902040254
S1-234496835	
S1-210403116	S2-245155784,S2-311174173,S2-953121169,S3-169419274,S3-243963900,S3-455530891,S3-475509040,S3-574841541,S3-725172583,S3-790627623,S3-802721273,S3-824486990,S3-887814001,S3-888368892,S3-927111882
S1-803840711	S2-168343607,S2-224179228,S2-267867078,S2-318550556,S2-468409428,S2-516200703,S2-573444333,S2-575598547,S2-617410789,S2-67276082,S2-753030076,S2-764297223,S2-794794284,S2-795484451,S2-804023929,S2-830888138,S2-832294496,S2-936770341,S2-950508447,S2-954040283,S2-959565091,S3-187505026,S3-237581199,S3-241741661,S3-421403180,S3-606010619,S3-615435748,S3-700330477,S3-74281810,S3-78149499,S3-807213849,S3-813520757,S3-856542524,S3-942647343,S3-974074755
S1-573706294	S3-436229899,S3-626666235,S3-694735964,S3-953602697
S1-5533538	S2-706533547,S2-734659783,S2-741395542,S3-37791750,S3-535394334
S1-74060985	S2-493859209,S3-179713822,S3-219851288
S1-813196491	S2-563177618,S2-886127710,S3-943512242,S3-964463197
S1-888475509	S2-138492196,S2-196701374,S2-284844649,S2-28814628,S2-346604707,S2-440200685,S2-460136490,S2-484928805,S2-513122313,S2-513714827,S2-598443398,S2-653851340,S2-670002638,S2-676083081,S2-709013347,S2-96278312,S3-105624197,S3-188402953,S3-196044535,S3-294103122,S3-314512434,S3-336045709,S3-36044583,S3-413139997,S3-425044518,S3-481637349,S3-486806366,S3-520022527,S3-538579749,S3-626535046,S3-634002678,S3-735727877,S3-781484477,S3-859356554,S3-942216360
S1-711051679	S2-112112997,S2-115770378,S2-130680691,S2-151582230,S2-253229835,S2-281940270,S2-282599822,S2-401936751,S2-427913641,S2-43306331,S2-481341446,S2-592653674,S2-596363788,S2-614045377,S2-729269227,S2-758749983,S2-81342985,S2-853566433,S2-86207260,S2-891161363,S2-897775046,S2-926044104,S2-964066919,S3-117391635,S3-214861211,S3-303982146,S3-316276277,S3-474416661,S3-760876252,S3-76428438,S3-854238995,S3-88068506,S3-882737548,S3-930269422,S3-946216832
S1-310827934	S2-169546802,S2-186080711,S2-229292282,S2-246287577,S2-29126792,S2-329252075,S2-340874994,S2-40073277,S2-42346903,S2-491931906,S2-533429272,S2-550426200,S2-588695902,S2-720050181,S2-823313134,S2-858260333,S2-908257933,S2-946239794,S3-25466273,S3-284933331,S3-342122461,S3-349896561,S3-431342165,S3-545941916,S3-56022963,S3-580534416,S3-606339353,S3-644256772,S3-713274587,S3-791378915,S3-858958913,S3-8617717,S3-879206063
S1-234129982	S2-498532183,S2-785572148,S2-902016558,S3-135298867,S3-367346325,S3-569877066
S1-424050882	S2-217245615,S2-350783175,S2-352328442,S2-449651472,S2-497910085,S2-542161463,S2-610676249,S2-756847329,S2-839549287,S2-883646361,S2-981487936,S3-11053729,S3-180593009,S3-232389966,S3-265099052,S3-309422837,S3-37198119,S3-423044205,S3-486655756,S3-525026638,S3-548958145,S3-555769445,S3-660484580,S3-670952445,S3-688495250,S3-707979848,S3-784413899,S3-835535109,S3-847395306,S3-863294311,S3-933485363,S3-970881689
S1-309685378	S2-187098723,S2-523989567,S2-915935929,S3-804793368
S1-79508368	S2-100972051,S2-111761628,S2-125381550,S2-153776503,S2-181737978,S2-383477253,S2-566696825,S2-610412410,S2-699500794,S2-739185108,S2-779918174,S2-837065407,S3-127657435,S3-192304778,S3-209632496,S3-219349972,S3-239223018,S3-240664021,S3-319839427,S3-34445297,S3-402560707,S3-421252899,S3-516310432,S3-683913732,S3-819678087,S3-836363091,S3-904932057
S1-100691855	S2-184258903,S2-187926125,S2-243195651,S2-250033504,S2-305436929,S2-35481780,S2-357934852,S2-414862682,S2-473495532,S2-570913395,S2-580021699,S2-917000928,S2-925552787,S2-991825924,S3-179698304,S3-184184895,S3-344687879,S3-381688648,S3-418764020,S3-516103017,S3-556862577,S3-618338709,S3-706255359,S3-710199578,S3-726498163,S3-805233923,S3-913434727
S1-711391288	S2-134617427,S2-645160327,S3-629815734,S3-918732906
S1-629810901	S2-211199903,S2-224541894,S2-844618172,S3-162950255,S3-373030684,S3-710615101,S3-918897579
S1-838701663	S2-290439977,S2-325320003,S2-335767714,S2-359710026,S2-373095169,S2-387475091,S2-414293572,S2-494010727,S2-554582487,S2-581021904,S2-672370575,S2-682232309,S2-736404659,S2-76890617,S2-787387820,S2-795255485,S2-858814730,S2-876613194,S2-878470287,S2-885209932,S2-991306982,S2-99393133,S3-138596697,S3-172512834,S3-313861708,S3-340159230,S3-357195386,S3-36225965,S3-532085283,S3-612299681,S3-774478709,S3-800115953,S3-853171460,S3-870484133,S3-903795460
S1-734004067	S2-118448580,S2-303432917,S2-324630156,S2-48780835,S2-520065071,S2-605028266,S3-138694874,S3-141280454,S3-28812685,S3-290440318,S3-31439943,S3-438446159,S3-616736405,S3-629473225,S3-708246237,S3-738532808,S3-79919505,S3-878390277,S3-887802605,S3-948518444,S3-986442884
S1-914281895	S2-194703376,S2-428830889,S2-454663887,S2-543474827,S2-598783662,S2-623221691,S2-713475210,S2-772902621,S2-851573434,S3-101890687,S3-189320525,S3-269503415,S3-324001964,S3-330087840,S3-331260389,S3-356439346,S3-441844060,S3-4436052,S3-533052842,S3-545757502,S3-635220818,S3-641964517,S3-680659605,S3-689953056,S3-767081406,S3-884542532,S3-912473290,S3-933511419,S3-961846186
S1-779770033	S2-834246878,S3-653789298,S3-909567604
S1-238175541	S3-542988034,S3-636533366,S3-905308312
S1-841376780	S2-102840151,S2-193715408,S2-246424192,S2-282544108,S2-378659927,S2-417768434,S2-485960600,S2-59151218,S2-676339998,S2-82374128,S2-902955597,S2-923815657,S3-233963997,S3-285613238,S3-340365120,S3-369182945,S3-369799886,S3-397773443,S3-429217636,S3-523999880,S3-588120445,S3-601397645,S3-612893663,S3-67697924,S3-701560888,S3-718975230,S3-74285787,S3-745114329,S3-783544039,S3-870251190,S3-875802633,S3-967574298,S3-970937969,S3-9889430
S1-654341375	S2-34266260,S2-471589134,S2-595423389,S2-688450525,S2-828069829,S2-920664858,S2-983792162,S3-145746658,S3-186221043,S3-209433877,S3-217269192,S3-293489176,S3-325377014,S3-33936548,S3-388245827,S3-395103707,S3-431657363,S3-439411737,S3-440643413,S3-548212722,S3-579285799,S3-622831211,S3-661634313,S3-792944836,S3-798980766,S3-835680034,S3-891337544,S3-941357643,S3-945954532,S3-946374401
S1-440366196	S2-167880419,S2-367237866,S2-418844166,S2-49680847,S2-618844064,S2-657355752,S2-884845385,S3-135063094,S3-192367257,S3-218984238,S3-243030748,S3-304299787,S3-31256465,S3-517160004,S3-664968319,S3-674167,S3-778802724
S1-397122489	S2-223923735,S2-510692151,S2-617361074,S3-708508423
S1-600604729	S2-666899392,S3-571032681
S1-561341312	S2-18496240,S2-221669172,S2-293737127,S2-38584522,S2-586392578,S2-707537623,S2-798596623,S2-817540535,S2-82421410,S2-961722726,S2-989603378,S3-138541389,S3-275962093,S3-283712921,S3-293958767,S3-32542609,S3-410074860,S3-414840349,S3-619529814,S3-682480227,S3-758547914,S3-763705406
S1-18727616	S2-755677256,S3-187831601,S3-476250621,S3-641489370
S1-474687990	S2-578461425,S3-523529227,S3-673404083,S3-69317766
S1-198252993	S2-391372948,S2-755395223,S3-765092692,S3-974574002
S1-259886598	S2-241692910,S2-958080077,S3-154679265
S1-710226045	S2-636556548,S3-914912847
S1-662264524	S2-947598134,S3-524126483,S3-574198496
S1-434518777	S2-185815139,S2-19262137,S2-236544027,S2-257866123,S2-26138707,S2-290734878,S2-302338930,S2-321816304,S2-356418625,S2-382246554,S2-399521391,S2-42996984,S2-445772691,S2-490200888,S2-498877600,S2-51304489,S2-560614089,S2-574156484,S2-577342580,S2-60490320,S2-609128161,S2-629469139,S2-631982442,S2-664348256,S2-801348645,S2-827584632,S2-847411567,S2-875097846,S2-884393987,S2-899617241,S2-91790174,S2-936368755,S2-960740002,S2-964075237,S2-984400939
S1-253292973	S2-329280608,S2-388810556,S2-554086853,S2-888394598,S2-982808427,S3-161935749,S3-598089068,S3-634391041
S1-498966014	S2-126306852,S2-131741448,S2-689085979,S2-80522620
S1-154706683	S2-358828306,S2-97952668,S3-441166834,S3-956720600
S1-611365239	S2-422695651,S2-717855416,S2-721027414,S3-229265699,S3-278434941,S3-465013588,S3-794017438
S1-198632900	S2-746378757,S2-797407527,S3-538157416,S3-734295644,S3-926412807
S1-822338280	S2-124798095,S2-179989880,S2-182743306,S2-209082145,S2-25201671,S2-272338010,S2-302742914,S2-363756741,S2-385991369,S2-428684481,S2-535465384,S2-630833712,S2-650817671,S2-689348912,S2-757473048,S2-765720249,S2-772032244,S2-781062791,S2-802260310,S2-825371012,S2-841150901,S2-881028278,S2-997474280,S3-167096146,S3-344466028,S3-384667680,S3-480011125,S3-495325432,S3-528706011,S3-588220144,S3-649622959,S3-735885413,S3-760594020,S3-810547728,S3-931500217
S1-806815016	S2-484012650,S2-858456580,S2-865865518,S3-366228834,S3-948994860
S1-608665359	S2-944467858
S1-906973556	S2-778660695,S2-828310920,S3-419363003,S3-699277633
S1-364084739	S2-142856811,S3-835546497
S1-973290215	S2-134717137,S2-140948076,S2-156711502,S2-271397555,S2-288871760,S2-511295695,S2-521688982,S2-559968500,S2-614304353,S2-785445145,S2-990992423,S3-125761711,S3-152221147,S3-33693027,S3-351642241,S3-358270111,S3-397765450,S3-429893343,S3-432859658,S3-467195779,S3-485489587,S3-495128107,S3-501856374,S3-538864608,S3-556690023,S3-558118895,S3-572676414,S3-573182549,S3-681323764,S3-703863761,S3-775054072,S3-788834852,S3-829632435,S3-925530888,S3-951946118
S1-744783712	S2-69809314,S3-539643887,S3-650359512,S3-71317695,S3-812581265
S1-280910635	S2-677295141,S3-843797194
S1-415164434	S2-572185194,S2-586847051,S2-732748707,S3-675749624,S3-847760454
S1-193616975	S2-114643127,S2-170100406,S2-186467125,S2-220090704,S2-2925900,S2-313706159,S2-315036816,S2-371812148,S2-378659927,S2-426435110,S2-430675029,S2-431346739,S2-436744512,S2-458585786,S2-528473005,S2-579152737,S2-5802395,S2-583482592,S2-654003376,S2-68748027,S2-702366846,S2-715513032,S2-728896995,S2-744685697,S2-802426321,S2-875893829,S2-894769041,S2-918744953,S2-930598605,S2-935748931,S3-17796485,S3-343516741,S3-483249593,S3-680533986,S3-763849963
S1-550605615	S2-256901057,S3-199795606,S3-997897080
S1-958543863	S2-141277559,S2-146519138,S2-17186006,S2-193721867,S2-212559055,S2-248363989,S2-310772102,S2-38991604,S2-472151404,S2-494685151,S2-512849705,S2-532157362,S2-5341748,S2-541748572,S2-602361852,S2-613412664,S2-627881801,S2-670086555,S2-675960977,S2-701601144,S2-817657114,S2-886947928,S2-907281612,S2-91953344,S2-92846671,S2-96233253,S3-348113766,S3-349647936,S3-432004270,S3-445387127,S3-550975295,S3-573142048,S3-660400984,S3-765518833,S3-835885556
S1-89774084	S2-103603271,S2-133269684,S2-198723291,S2-406015535,S2-737977439,S2-762265123,S2-991884843,S3-409313711,S3-544596430,S3-566523861
S1-164446591	S2-118448580,S2-324630156,S2-48780835,S2-520065071,S2-605028266,S3-138694874,S3-141280454,S3-28812685,S3-290440318,S3-31439943,S3-438446159,S3-616736405,S3-629473225,S3-708246237,S3-738532808,S3-79919505,S3-837822725,S3-878390277,S3-887802605,S3-948518444,S3-986442884
S1-477761993	S2-11983041,S2-278720929,S2-353659963,S2-66871982,S2-929718535,S2-950357721,S2-996424384,S3-103918380,S3-395949527,S3-450790031,S3-483171314,S3-49188495,S3-497820554,S3-555608669,S3-720746136,S3-809239576,S3-906903526
S1-846574110	S2-219205789,S2-35869050,S2-974966449
S1-972150659	S2-254493956,S2-280781825,S2-698053961,S3-243552176
S1-855854352	S3-677980514,S3-681336942
S1-665534311	S2-153404729,S2-392710896,S2-94128188,S3-212280743,S3-383215255,S3-793628788,S3-810735262,S3-823065051,S3-848221265
S1-183273459	S2-421779701,S2-428192409,S2-903275528,S3-172770504,S3-359723359
S1-156380173	S2-121381055,S2-14461671,S2-153404729,S2-198863718,S2-232490044,S2-252623679,S2-255122739,S2-285260766,S2-429934193,S2-475161347,S2-516007752,S2-52983709,S2-567268382,S2-574183114,S2-649722676,S2-666235437,S2-679625068,S2-755422053,S2-775511888,S2-833849412,S2-860136722,S2-89923888,S2-902028636,S2-902843744,S2-905679603,S2-94421348,S2-954495419,S3-18304832,S3-242913124,S3-405535028,S3-515296015,S3-793628788,S3-81804477,S3-848221265,S3-870527398
S1-696168332	S2-128203278,S2-139056641,S2-332084372,S2-35700569,S3-403655821,S3-958295378
S1-221292843	S2-237937304,S2-239346731,S2-246534162,S2-314858184,S2-398046407,S2-460916094,S2-50449113,S2-592064369,S2-599642162,S2-715998566,S2-783711549,S2-858894683,S2-909935981,S2-994662478,S3-115122051,S3-140571110,S3-146737822,S3-165173201,S3-261252573,S3-34300177,S3-365522,S3-407867102,S3-519132708,S3-797723069,S3-930382802,S3-992425258
S1-620915993	S2-114643127,S2-170100406,S2-186467125,S2-220090704,S2-2925900,S2-313706159,S2-315036816,S2-371812148,S2-378659927,S2-426435110,S2-430675029,S2-431346739,S2-436744512,S2-458585786,S2-528473005,S2-579152737,S2-5802395,S2-583482592,S2-654003376,S2-68748027,S2-702366846,S2-715513032,S2-728896995,S2-744685697,S2-802426321,S2-875893829,S2-894769041,S2-899966192,S2-918744953,S2-930598605,S2-935748931,S3-343516741,S3-483249593,S3-680533986,S3-763849963
S1-715642052	S2-282245687,S2-484970278,S3-697360003,S3-915513085
S1-669733316	S2-181199933,S2-597158323,S2-75792133,S2-892880098,S2-96426489,S3-186173791,S3-306367864,S3-311779914,S3-39410856,S3-429270479,S3-530466133,S3-625668033,S3-840371375,S3-853812749,S3-893298433,S3-899747602,S3-95720388,S3-958310880,S3-967581375
S1-775692598	S2-18496240,S2-296944019,S2-317371776,S2-462497845,S2-745930641,S2-804318885,S2-957884642,S3-260308941,S3-336628784,S3-41338185,S3-415034611,S3-681105799,S3-907750338
S1-923078753	S2-720940556,S3-294269634,S3-937844506
S1-148297070	S2-635164078,S2-667441102,S2-751134236,S2-774139909,S2-911190335,S2-972678133,S3-910971265,S3-961530273
S1-598280837	S2-363582508,S2-603783354,S2-997788747
S1-38821044	S2-154128314,S2-19925397,S2-249513987,S2-267161434,S2-606407594,S2-615758197,S2-673926938,S2-680184041,S2-69024638,S2-866165229,S2-869958350,S2-873726894,S2-879605152,S2-914345718,S2-9282499,S3-236683684,S3-293437460,S3-433461445,S3-575237780,S3-589916928,S3-663724100,S3-681867395,S3-697984690,S3-703253503,S3-738774140,S3-772667869,S3-774736693,S3-819384717,S3-8497562,S3-941808371,S3-947768715,S3-962918866
S1-293275428	S2-2925900,S2-31153959,S2-397252955,S2-432053598,S2-558005255,S2-722166534,S2-998513162,S3-347499556
S1-145730225	S2-754577419,S3-23927082,S3-807820335
S1-876102895	S2-104524634,S2-134958859,S2-167066861,S2-195761214,S2-204003026,S2-211182661,S2-229315248,S2-248944678,S2-252035179,S2-254788701,S2-263273654,S2-279857860,S2-293206846,S2-331492553,S2-332155353,S2-45724657,S2-468610536,S2-508602353,S2-659345862,S2-674694354,S2-687087140,S2-71227189,S2-718979866,S2-742191837,S2-748833051,S2-774512583,S2-817680963,S2-846556799,S2-895820835,S2-899248471,S2-925511054,S3-289365741,S3-365385967,S3-690547751,S3-902040254
S1-726454300	S2-18496240,S2-221669172,S2-293737127,S2-38584522,S2-586392578,S2-707537623,S2-798596623,S2-817540535,S2-82421410,S2-961722726,S2-989603378,S3-138541389,S3-275962093,S3-283712921,S3-293958767,S3-32542609,S3-410074860,S3-414840349,S3-430221088,S3-619529814,S3-682480227,S3-758547914,S3-763705406
S1-583688377	S2-106705001,S2-129089216,S2-629001704,S2-671396424,S2-897460416,S2-955863783,S2-968093817,S3-10840691,S3-164430307,S3-200036460,S3-235054036,S3-258623917,S3-287294650,S3-347085559,S3-539769943,S3-58853858,S3-59429240,S3-612664776,S3-638661696,S3-810320845,S3-837349726,S3-906250099
S1-256655652	S2-121227178,S2-268748829,S2-528505089,S2-671278456,S2-74076768,S2-805476629,S2-892000465,S2-92379793,S2-970047503,S3-245434759,S3-414220347,S3-417510017,S3-433271151,S3-509363591,S3-622510788,S3-745238903,S3-759750374,S3-787628592
S1-330823632	S2-302757010,S2-890309169,S2-94675247,S3-149103045,S3-214864126
S1-891181764	S2-106705001,S2-129089216,S2-629001704,S2-671396424,S2-897460416,S2-955863783,S2-968093817,S3-10840691,S3-164430307,S3-200036460,S3-235054036,S3-258623917,S3-287294650,S3-347085559,S3-539769943,S3-58853858,S3-59429240,S3-612664776,S3-638661696,S3-810320845,S3-837349726,S3-906250099
S1-852122558	S2-13742356,S2-166711048,S2-228797659,S2-380911411,S2-39103530,S2-417768434,S2-484343443,S2-568985008,S2-599313421,S2-600494820,S2-625957024,S2-633052623,S2-638708482,S2-638812669,S2-740914350,S2-744557298,S2-809952414,S2-836861185,S2-851508938,S2-875079812,S2-9491858,S2-951665374,S2-99957471,S3-329779258,S3-347757138,S3-513045433,S3-517906163,S3-532637110,S3-568750872,S3-609971246,S3-67697924,S3-732555935,S3-760772403,S3-831604513,S3-966964260
S1-942782033	S2-912549699,S3-544254330
S1-958113941	S2-965964281,S2-994219982,S3-318277109
S1-17199832	S2-245401721,S3-120675168,S3-493298354,S3-525553958
S1-496495965	S2-115620050,S2-175410793,S2-693394606,S2-808000911,S3-432649750,S3-515656304,S3-527467409,S3-550377343,S3-869803669,S3-976884758
S1-443022811	S2-138493181,S2-141992373,S2-198203260,S2-24043483,S2-283611622,S2-28631362,S2-323004664,S2-364642515,S2-371067944,S2-532134965,S2-563602891,S2-608588013,S2-694969768,S2-735478386,S2-757780949,S2-760420730,S2-760818279,S2-763847715,S2-808156553,S2-82374128,S2-846781551,S2-892877711,S2-906556571,S2-944537645,S3-254382046,S3-342201717,S3-345774417,S3-380248680,S3-419957904,S3-424091629,S3-646369824,S3-802477433,S3-805276123,S3-818487087,S3-847095616
S1-661690541	S2-197434960,S2-284721663,S2-457149368,S2-956512250,S3-139680162,S3-232760058,S3-441705552,S3-749773417
S1-871170634	S2-368302501
S1-61487633	S2-614148899,S3-918534022,S3-985424324
S1-618980917	S2-345020903,S2-725969272,S3-12268580,S3-124042810,S3-328102332,S3-340257510,S3-508205328,S3-555173617,S3-652795729,S3-813247337,S3-891775601
S1-339001329	S2-671103041,S2-768994904,S3-832685026
S1-283231167	S2-427018280,S2-48085722,S3-142224736,S3-806749540,S3-929508095
S1-34608464	S2-167154067,S2-318660577,S2-332689889,S2-377520559,S2-474130449,S2-483712676,S2-545238670,S2-596585710,S2-60302149,S2-604615586,S2-775538907,S2-967432417,S2-974172228,S3-240063798,S3-282119271,S3-316383902,S3-3573949,S3-451976670,S3-647139009,S3-686921043,S3-834644032,S3-838755658,S3-999281014
S1-128103702	S2-851482616,S2-966403902,S3-494988574,S3-548277727,S3-871366914
S1-264081337	S2-842619117,S3-471202233,S3-933367133
S1-955130834	S2-168144245,S2-242505530,S2-380929727,S2-597306165,S2-741648615,S3-292752341,S3-503994357,S3-842677909,S3-934891659
S1-852064180	S2-154102797,S2-164513100,S2-169638480,S2-176034363,S2-202813015,S2-22391750,S2-285704094,S2-304562241,S2-310613953,S2-312573764,S2-323515385,S2-39079223,S2-424292,S2-469412047,S2-479181098,S2-489125381,S2-516277024,S2-593117235,S2-619707851,S2-64373652,S2-717357544,S2-731066709,S2-765500135,S2-778888972,S2-821967722,S2-829668427,S2-90213471,S2-904705280,S2-90794520,S2-93459822,S2-94442442,S2-952678608,S2-954201105,S2-988228571,S3-508824062
